no;codigo;nome;descricao;pasta;classificacao;autor;numero_revisao;ultima_revisao;data_aprovacao;proxima_revisao;data_validade;documentos_controlados;matriz;sub_area
1;DEX.002;ISO 9001:2015 - Sistemas de gestão da qualidade - Requisitos;;Normas;Documentos Externos;Vagner Domingos;;2019-02-28;2019-02-28;2026-08-19;2026-11-18;Sim;;
2;DEX.003;;;;;;;;;;;;;
3;DEX.004;;;;;;;;;;;;;
4;DEX.005;;;;;;;;;;;;;
5;DEX.006;ABNT NBR ISO.IEC17025 - Requisitos gerais para a competência de laboratórios de ensaio e calibração;;Normas;Documentos Externos;Vagner Domingos;;2019-04-08;2019-04-08;2026-08-19;2026-11-17;Sim;;
6;DEX.008;ICR08041 - HC Control Plan for Rx Labs;;Rx Referencial;Documentos Externos;José Hamilton;2;2024-08-14;2024-08-26;2026-08-26;2026-11-24;Sim;;
7;DEX.009;;;;;;;;;;;;;
8;DEX.010;;;;;;;;;;;;;
9;DEX.011;Finished lenses optical standard ISTM 04.025;;Geral;Documentos Externos;Jessika Menacho;3;2025-06-09;2025-08-12;2026-08-12;2026-11-10;Sim;;
10;DEX.012;ISTM04 - 024  - Rx Cosmetic Standard;;Geral;Documentos Externos;Lucineide Pereira;4;2023-08-02;2023-08-04;2026-08-03;2026-11-03;Sim;;
11;DEX.014;;;;;;;;;;;;;
12;DEX.015;;;;;;;;;;;;;
13;DEX.016;;;;;;;;;;;;;
14;DEX.017;;;;;;;;;;;;;
15;DEX.018;;;;;;;;;;;;;
16;DEX.019;;;;;;;;;;;;;
17;DEX.020;;;;;;;;;;;;;
18;DEX.021;;;;;;;;;;;;;
19;DEX.022;;;;;;;;;;;;;
20;DEX.023;;;;;;;;;;;;;
21;DEX.024;;;;;;;;;;;;;
22;DEX.025;;;;;;;;;;;;;
23;DEX.026;;;;;;;;;;;;;
24;DEX.027;;;;;;;;;;;;;
25;DEX.030;;;;;;;;;;;;;
26;DEX.033;Manual de aplicação 5S;;07-MELHORIA CONTÍNUA;Documentos Externos;Humberto Serra - Lab Rio;;2020-10-08;2020-12-03;2026-07-09;2026-10-08;Não;QUALIDADE;5S
27;DEX.034;ABNT NBR ISO13485:2016 - Produtos para saúde - Sistemas de gestão da qualidade - Requisitos para fins regulamentares;;Normas;Documentos Externos;Taís Flores;;2020-11-12;2020-11-12;2026-05-18;2026-08-17;Sim;;
28;DEX.035;Cross Hatch Adhesion Test for Hard Coating - ISTM-02-010;;04-Testes;Documentos Externos;Taís Flores;8;2025-03-11;2025-03-11;2026-03-11;2026-06-09;Sim;;
29;DEX.036;;;;;;;;;;;;;
30;DEX.038;Rótulos de Classe I  e Recicláveis;;Gestão de Resíduos;Documentos Externos;Aleksander Oliveira;;2021-04-12;2021-04-13;2025-10-13;2025-12-29;Sim;;
31;DEX.039;ABNT NBR ISO 8980-2:2021 Parte 2: Especificações para lentes de potência variável;;Normas;Documentos Externos;Taís Flores;1;2023-09-04;2023-09-04;2025-09-04;2025-12-04;Sim;;
32;DEX.040;DIP PROCESSES PARAMETERS - HC - DO-ENG02.0488;;02-HC;Documentos Externos;Taís Flores;15;2021-06-30;2021-06-30;2026-06-30;2026-09-29;Sim;Doc's de Referência do STL;HC
33;DEX.041;NR05 - COMISSÃO INTERNA DE PREVENÇÃO DE ACIDENTES E DE ASSÉDIO - CIPA;;Normas;Documentos Externos;Taís Flores;1;2023-09-04;2023-09-04;2025-09-04;2025-12-04;Sim;;
34;DEX.042;ICR08043 - ICR Titanium;;Geral;Documentos Externos;Taís Flores;1;2021-07-27;2021-07-27;2025-11-03;2026-02-02;Sim;;
35;DEX.043;DQO 04.020 - Standard for Storage and Transportations of lenses NEW Rev10;;Geral;Documentos Externos;Taís Flores;1;2023-01-30;2023-01-30;2026-01-30;2026-04-30;Sim;;
36;DEX.044;IMS 18253 - Validade Materiais Produtos;;Geral;Documentos Externos;Taís Flores;2;2021-08-24;2021-08-24;2025-11-03;2026-02-02;Sim;;
37;DEX.045;DQO-07.527 - Tracking Code Description;;Geral;Documentos Externos;Taís Flores;1;2024-04-10;2024-05-06;2026-05-06;2026-08-05;Sim;;
38;DEX.046;Specs - HVAC - HMC - Clean Room for HMC Processes;;Geral;Documentos Externos;Taís Flores;1;2019-01-17;2021-08-26;2026-02-02;2026-05-02;Sim;;
39;DEX.048;ISTM 01 - 002 E - Cosmetic Defect Glossary;;Geral;Documentos Externos;Taís Flores;3;2021-09-10;2021-09-10;2026-01-08;2026-04-08;Sim;;
40;DEX.049;ISTM 02- 020 - Inspeção Cosmética;;Geral;Documentos Externos;Taís Flores;4;2021-09-10;2021-09-10;2025-09-12;2026-01-05;Sim;;
41;DEX.050;ISTM 02 - 373 - Rx Cosmetic Inspection;;Geral;Documentos Externos;Taís Flores;1;2021-09-10;2021-09-10;2025-09-12;2026-01-05;Sim;;
42;DEX.051;NBR 5426 Nb 309 01 - Planos Amostragem Procedimentos Inspeção Atributos;;Normas;Documentos Externos;Taís Flores;;2021-09-15;2021-09-15;2026-06-03;2026-09-02;Sim;;
43;DEX.052;Portaria GM MS Nº 888, de 4 de maio de 2021;;Higienização;Documentos Externos;Aleksander Oliveira;;2021-09-27;2021-12-07;2025-09-27;2025-11-28;Sim;;
44;DEX.053;Programa de Proteção Respiratória - Fundacentro;;Programa de Proteção Respiratória;Documentos Externos;Fabricio Cunha;;2021-09-27;2021-12-07;2025-09-27;2025-12-27;Sim;;
45;DEX.054;NR 6 - Equipamento de Proteção Individual;;Programa de Proteção Respiratória;Documentos Externos;Fabricio Cunha;1;2024-04-17;2024-04-18;2026-04-20;2026-07-20;Sim;;
46;DEX.055;NR 01 - Disposições Gerais e Gerenciamento de Riscos Ocupacionais;;Programa de Proteção Respiratória;Documentos Externos;Fabricio Cunha;1;2024-04-17;2024-08-22;2026-08-21;2026-11-19;Sim;;
47;DEX.056;Workflow Novo Produto_v2003_V10_2;;Qualidade;Documentos Externos;Taís Flores;10;2021-10-07;2021-10-07;2026-08-14;2026-11-13;Sim;QUALIDADE;QUALIDADE
48;DEX.057;Solicitação de procedimento LIMS (português);;08-EQC;Documentos Externos;Maurício Acioli;2;2021-11-01;2021-11-03;2026-02-03;2026-05-03;Sim;;
49;DEX.058;General Specifications for Ventilation and air-conditionning in HMC Clean Rooms (Process Rooms);;02-HC;Documentos Externos;Nathália Brandão;1;2019-01-17;2019-01-17;2026-02-09;2026-05-09;Sim;Doc's de Referência do STL;HC
50;DEX.059;Lab Product Resume - Produtos Calculados pelo ADOC;;Resumo do Produto;Documentos Externos;Thiago Ribeiro;;2021-12-17;2021-12-27;2025-09-27;2026-01-05;Sim;;
51;DEX.060;Lab Product Resume - Produtos Calculados pelo SCG;;Resumo do Produto;Documentos Externos;Thiago Ribeiro;;2021-12-17;2021-12-27;2025-09-27;2026-01-05;Sim;;
52;DEX.061;NR 10 - Segurança em Instalações e Serviços em Eletricidade;;LOTO - Bloqueio e Etiquetagem;Documentos Externos;Rodrigo Braga;;2021-12-28;2021-12-28;2026-06-09;2026-09-08;Sim;;
53;DEX.062;Lock-Out Tag-Out;;LOTO - Bloqueio e Etiquetagem;Documentos Externos;Rodrigo Braga;;2021-12-28;2021-12-28;2026-06-09;2026-09-08;Sim;;
54;DEX.063;Workplace Risk Assessment;;Análise de Riscos;Documentos Externos;Rodrigo Braga;;2021-12-28;2022-01-03;2026-06-09;2026-09-08;Sim;;
55;DEX.064;Emergency Procedures;;PAE - Plano de Atendimento a Emergência;Documentos Externos;Rodrigo Braga;;2021-12-28;2021-12-28;2026-06-09;2026-09-08;Sim;;
56;DEX.065;Fire Prevention and Response;;PAE - Plano de Atendimento a Emergência;Documentos Externos;Rodrigo Braga;1;2021-12-28;2022-02-23;2026-06-09;2026-09-08;Sim;;
57;DEX.066;Confined Spaces;;Trabalhos Perigosos;Documentos Externos;Rodrigo Braga;1;2021-12-28;2022-02-23;2026-06-09;2026-09-08;Sim;;
58;DEX.067;Hot Work;;Trabalhos Perigosos;Documentos Externos;Rodrigo Braga;1;2021-12-28;2022-02-23;2026-06-09;2026-09-08;Sim;;
59;DEX.068;Work at Height;;Trabalhos Perigosos;Documentos Externos;Rodrigo Braga;1;2021-12-28;2022-02-23;2026-06-09;2026-09-08;Sim;;
60;DEX.069;NR 33 - Segurança e Saúde nos Trabalhos em Espaços Confinados;;Trabalhos Perigosos;Documentos Externos;Rodrigo Braga;;2021-12-28;2022-02-23;2026-06-09;2026-09-08;Sim;;
61;DEX.070;NR 35 - Trabalho em Altura;;Trabalhos Perigosos;Documentos Externos;Rodrigo Braga;;2021-12-28;2022-02-23;2026-06-09;2026-09-08;Sim;;
62;DEX.071;Lei Nº 6.367, de 19 de Outubro de 1976;;Comunicações de Acidentes;Documentos Externos;Rodrigo Braga;;2021-12-28;2021-12-28;2026-06-09;2026-09-09;Sim;;
63;DEX.072;Lei Nº 6.514, de 22 de Dezembro de 1977;;Comunicações de Acidentes;Documentos Externos;Rodrigo Braga;;2021-12-28;2021-12-28;2026-06-09;2026-09-08;Sim;;
64;DEX.073;Lei Nº 8.213, de 24 de Julho de 1991;;Comunicações de Acidentes;Documentos Externos;Rodrigo Braga;;2021-12-28;2021-12-28;2026-06-09;2026-09-08;Sim;;
65;DEX.074;Design and Use Of;;EMS - Segurança em Máquinas e Equipamentos;Documentos Externos;Rodrigo Braga;;2021-12-28;2021-12-28;2026-06-09;2026-09-08;Sim;;
66;DEX.075;Essilor Machinery Safety Policy;;EMS - Segurança em Máquinas e Equipamentos;Documentos Externos;Rodrigo Braga;;2021-12-28;2021-12-28;2026-06-09;2026-09-08;Sim;;
67;DEX.076;NR-12 - Segurança no Trabalho em Máquinas e Equipamentos;;EMS - Segurança em Máquinas e Equipamentos;Documentos Externos;Rodrigo Braga;;2021-12-28;2022-02-10;2026-06-09;2026-09-08;Sim;EHS;#Proteção em Máquinas e Equipamentos
68;DEX.148;EMS - Acceptance Report;;EMS - Segurança em Máquinas e Equipamentos;Documentos Externos;Rodrigo Braga;;2021-12-28;2022-02-10;2026-06-09;2026-09-08;Sim;;
69;DEX.149;Essilor Machinery Safety Guide;;EMS - Segurança em Máquinas e Equipamentos;Documentos Externos;Rodrigo Braga;;2021-12-28;2022-02-10;2026-06-09;2026-09-08;Sim;;
70;DEX.150;Pre-Risk Assessment;;EMS - Segurança em Máquinas e Equipamentos;Documentos Externos;Rodrigo Braga;;2021-12-28;2022-02-10;2026-06-09;2026-09-08;Sim;;
71;DEX.151;Verificação de Alinhamento de Aro;;Montagem e Inspeção;Documentos Externos;Nathália Brandão;;2022-01-18;2022-01-31;2026-06-09;2026-09-08;Sim;MONTAGEM;Encaixe
72;DEX.152;Measurement of the Solid Content - HC - DO-ENG02.0476;;04-Testes;Documentos Externos;Nathália Brandão;8;2025-03-11;2025-03-11;2026-03-11;2026-06-11;Sim;Doc's de Referência do STL;HC
73;DEX.153;Measurement of Viscosity - HC - DO-ENG02.0838;;04-Testes;Documentos Externos;Nathália Brandão;6;2025-03-11;2025-03-11;2026-03-11;2026-06-09;Sim;Doc's de Referência do STL;HC
74;DEX.154;New Strip-K Formulation -  DO-ENGENG 02.1346;;02-HC;Documentos Externos;Carlos Anselme;4;2022-04-19;2022-09-20;2025-09-13;2025-12-13;Sim;Doc's de Referência do STL;HC
75;DEX.156;DO-ENG02-1745 - Reception of Varnish and Primer Carboys e Incoming Tests;;02-HC;Documentos Externos;Aluney Junior;5;2024-03-20;2024-04-17;2025-04-17;2026-07-24;Sim;Doc's de Referência do STL;HC
76;DEX.157;Mithril 1.6 Maintenance - DO-ENG02.1348;;02-HC;Documentos Externos;Carlos Anselme;12;2025-04-02;2025-04-02;2026-04-02;2026-07-02;Sim;Doc's de Referência do STL;HC
77;DEX.158;Chemical Solutions Preparation Methods for Dip Processes - DO-ENG02.484;;02-HC;Documentos Externos;Carlos Anselme;8;2022-04-19;2022-09-20;2026-07-07;2026-10-06;Sim;Doc's de Referência do STL;HC
78;DEX.159;Preparation of Newstrip solution from C/11 Concentrated - DO-ENG02.1378;;02-HC;Documentos Externos;Carlos Anselme;2;2022-04-19;2022-09-20;2026-07-07;2026-11-06;Sim;Doc's de Referência do STL;HC
79;DEX.161;Preparation and Maintenance of J2L9 Solution in Rx Hard Coat Production;;02-HC;Documentos Externos;Carlos Anselme;2;2022-04-20;2022-09-20;2026-07-07;2026-11-06;Sim;Doc's de Referência do STL;HC
80;DEX.162;Water guideline in HC process - DO-ENG02.1324;;02-HC;Documentos Externos;Carlos Anselme;4;2022-04-20;2022-09-20;2026-06-01;2026-08-31;Sim;Doc's de Referência do STL;HC
81;DEX.165;Manual de Compras Essilor - Orgalent;;LabRio;Documentos Externos;Nathália Brandão;2;2022-05-06;2022-10-18;2025-09-20;2025-12-21;Não;;
82;DEX.166;Modelo NOE NORIA Acompanhamento DO-ENG02.1348;;02-HC;Documentos Externos;Carlos Anselme;;2022-05-24;2024-11-25;2025-11-25;2026-02-23;Sim;;
83;DEX.169;Nova Formulação de Strip-K - DO-ENGENG 02.1346;;02-HC;Documentos Externos;Carlos Anselme;4;2022-05-24;2023-10-10;2025-10-09;2026-01-07;Sim;;
84;DEX.172;Métodos de Preparação de Soluções Químicas para Processos de Mergulho - DO-ENG02.484;;02-HC;Documentos Externos;Carlos Anselme;8;2022-05-24;2023-10-10;2025-10-09;2026-01-07;Sim;;
85;DEX.173;Preparação de solução de Newstrip de C/11 Concentrado - DO-ENG02.1378;;02-HC;Documentos Externos;Carlos Anselme;2;2022-05-24;2023-10-10;2025-10-09;2026-01-07;Sim;;
86;DEX.174;Preparação e Manutenção da Solução J2L9 na Produção de Revestimento Duro Rx;;02-HC;Documentos Externos;Carlos Anselme;3;2024-12-02;2024-12-30;2025-12-30;2026-03-30;Sim;;
87;DEX.175;Diretriz de água no processo HC - DO-ENG02.1324;;02-HC;Documentos Externos;Carlos Anselme;4;2022-05-24;2023-10-10;2025-10-09;2026-01-07;Sim;;
88;DEX.176;NR 24 - Condições Sanitárias e de Conforto nos Locais de Trabalho;;Higienização;Documentos Externos;Taís Flores;;2022-05-27;2022-05-27;2026-05-27;2026-08-26;Sim;;
89;DEX.178;ISTM 02258 - user_guide_SMR Thickness;;04-Testes;Documentos Externos;Taís Flores;;2017-07-10;2017-07-10;2026-05-29;2026-08-28;Sim;Doc's de Referência do STL;Testes
90;DEX.179;ISTM 09-069-05-EF - Selection of crown for reflectance measurement with SMR;;04-Testes;Documentos Externos;Taís Flores;5;2022-06-10;2022-06-10;2025-11-11;2026-02-10;Sim;Doc's de Referência do STL;Testes
91;DEX.181;ABNT NBR ISO 8980-1:2021 Parte 1: Especificações para lentes de visão simples e multifocal;;Normas;Documentos Externos;Taís Flores;1;2023-09-04;2023-09-04;2025-09-04;2025-12-04;Sim;;
92;DEX.182;;;;;;;;;;;;;
93;DEX.183;Crizal Prevencia UV35 Mithril 1.6 - DO-ENG02.0850;;03-Antirreflexo;Documentos Externos;Alvaro Christofoli;2;2022-09-02;2023-10-10;2025-10-09;2026-01-07;Sim;Doc's de Referência do STL;Anti-Reflexo
94;DEX.184;LEI Nº 12.903, DE 14 DE JANEIRO DE 2008 - Constituição do Estado - RS;;Regulatório;Documentos Externos;Taís Flores;;2022-12-14;2022-12-14;2025-12-14;2026-03-14;Sim;;
95;DEX.188;AR Color Distribution Control;;03-Antirreflexo;Documentos Externos;Matheus Silva;3;2023-05-22;2023-07-03;2026-07-02;2026-10-01;Sim;HMC;Antirreflexo
96;DEX.189;P 8.1-06 V01 - Gerenciamento de Resíduos Industriais;;Sumaré - EHS;Documentos Externos;Taís Flores;1;2023-05-17;2023-05-17;2026-05-18;2026-08-17;Sim;;
97;DEX.190;P 8.1-08 V01 - Infor. Segurança Produtos Químicos;;Sumaré - EHS;Documentos Externos;Taís Flores;1;2023-05-17;2023-05-17;2026-05-18;2026-08-17;Sim;;
98;DEX.191;P 8.1-16 V01 Utilização de EPIs;;Sumaré - EHS;Documentos Externos;Taís Flores;1;2023-05-17;2023-05-17;2026-05-18;2026-08-17;Sim;;
99;DEX.192;ABNT NBR ISO 31000:2018 - Gestão de Riscos - Diretrizes;;Normas;Documentos Externos;Taís Flores;2;2023-05-18;2023-05-18;2026-05-18;2026-08-17;Sim;;
100;DEX.193;Vocabulário Internacional de Metrologia - (VIM 2012);;Normas;Documentos Externos;Taís Flores;1;2023-05-18;2023-05-18;2026-05-18;2026-08-17;Sim;;
101;DEX.196;Leak Rate Package for AR in Mass Production and Rx;;03-Antirreflexo;Documentos Externos;Matheus Silva;2;2024-04-05;2024-04-16;2026-04-16;2026-07-15;Sim;Doc's de Referência do STL;Anti-Reflexo
102;DEX.197;Certificado de Regularidade Técnica - Óptico - Repro - MAURILIO ROBERTO PEREIRA;;Regulatório;Documentos Externos;Taís Flores;2;2025-03-14;2025-06-13;2026-06-13;2026-09-11;Sim;;
103;DEX.201;Decreto Nº 5711 - 23/05/2002 do Paraná PR codigo estado;;Regulatório;Documentos Externos;Taís Flores;;2023-05-24;2023-05-24;2026-05-25;2026-08-24;Sim;;
104;DEX.202;Certificado de Regularidade Técnica - Óptico - Optilab - RICARDO MARCEL CABRAL DE OLIVEIRA;;Regulatório;Documentos Externos;Taís Flores;2;2024-12-20;2024-12-20;2025-12-20;2026-03-20;Sim;;
105;DEX.203;Certificado de Regularidade Técnica - Óptico - Optilab - MARCIO AUGUSTO MARTINS;;Regulatório;Documentos Externos;Taís Flores;2;2024-12-20;2024-12-20;2026-11-25;2026-11-25;Sim;;
106;DEX.204;Decreto Estadual Nº 12.479 de 18 de outubro de 1978 - ESTADO DE SÃO PAULO;;Regulatório;Documentos Externos;Taís Flores;;2023-05-24;2023-05-24;2026-05-25;2026-08-24;Sim;;
107;DEX.205;Decreto Nº 5711 - 23/05/2002 do Paraná PR codigo estado;;Regulatório;Documentos Externos;Taís Flores;;2023-05-24;2023-05-24;2026-05-25;2026-08-24;Sim;;
108;DEX.207;Certificado de Regularidade Técnica - Óptico - Ceditop - Luiz Fernando Sturmer;;Regulatório;Documentos Externos;Taís Flores;2;2025-02-13;2025-04-29;2026-04-29;2026-07-28;Sim;;
109;DEX.209;Decreto nº 24.492, de 28 de junho de 1934;;Regulatório;Documentos Externos;Taís Flores;;2023-05-24;2023-05-24;2026-05-25;2026-08-24;Sim;;
110;DEX.210;Ion Gun - 7 Passos de Rotina (MARK II e II+);;03-Antirreflexo;Documentos Externos;Matheus Silva;3;2023-05-30;2023-07-03;2026-07-02;2026-10-01;Sim;HMC;ION GUN
111;DEX.211;Lei  Nº 18.561, de 21 de Dezembro de 2022;;Regulatório;Documentos Externos;Taís Flores;;2023-05-31;2023-05-31;2026-06-01;2026-08-28;Sim;;
112;DEX.212;Decreto N. 24.492, de 28 de Junho de 1934 - RJ;;Regulatório;Documentos Externos;Taís Flores;;2023-05-31;2023-05-31;2026-06-01;2026-08-28;Sim;;
113;DEX.213;;;;;;;;;;;;;
114;DEX.214;Gerenciamento do Cabeçote do Cristal de Quartzo e sua Manutenção para Máquina de AR - DO-ENG-021011;;03-Antirreflexo;Documentos Externos;Matheus Silva;;2023-06-06;2023-07-03;2026-07-02;2026-10-01;Sim;HMC;Anti-Reflexo: STL
115;DEX.216;Medição de Densidade de Potência Ultra-Sônica para Máquina SCL - DO-ENG-02OPR-00659;;02-HC;Documentos Externos;Matheus Silva;1;2023-07-03;2023-10-10;2025-10-09;2026-01-07;Sim;HMC;Anti-Reflexo: STL
116;DEX.217;Medição de Densidade de Potência Ultrassônica para Máquina LVM e D - DO-ENG02-0891;;02-HC;Documentos Externos;Matheus Silva;3;2023-07-03;2023-10-10;2025-10-09;2026-01-07;Sim;HMC;Anti-Reflexo: STL
117;DEX.218;Configuração do SiO2 Material - ENG-02-161;;03-Antirreflexo;Documentos Externos;Matheus Silva;2;2023-07-03;2023-10-10;2025-10-09;2026-01-07;Sim;HMC;Anti-Reflexo: STL
118;DEX.220;Modo de Operação - Configuração do material ZrO2 - DO-ENG-02-630;;03-Antirreflexo;Documentos Externos;Matheus Silva;2;2023-07-03;2023-10-10;2025-10-09;2026-01-07;Sim;HMC;Anti-Reflexo: STL
119;DEX.221;Ta2O5 (Pentóxido de Tântalo, Tântalo(V)-Óxido) - Arquivo de configuração de material - DO-ENG-02-1313;;03-Antirreflexo;Documentos Externos;Matheus Silva;6;2023-07-03;2023-10-10;2025-10-09;2026-01-07;Sim;HMC;Anti-Reflexo: STL
120;DEX.222;Rx Manufacturing Referential - GIB/BIG System;;Auditoria de Produto;Documentos Externos;Lucineide Pereira;1;2023-08-04;2023-08-04;2026-08-03;2026-11-03;Sim;;
121;DEX.223;ISTM 03 - 020 - Visual Inspection - Lens Inspection Checking Operation Mode;;Geral;Documentos Externos;Lucineide Pereira;3;2023-08-04;2023-08-04;2026-08-03;2026-11-03;Sim;;
122;DEX.224;DSX Top Coat Checking Using The Magic INK Nº500 Pen;;Geral;Documentos Externos;Lucineide Pereira;3;2023-08-08;2023-08-11;2026-08-10;2026-11-09;Sim;;
123;DEX.225;KY-130 Top Coat Checking Using The Mc Kee Zebra Pen;;Geral;Documentos Externos;Lucineide Pereira;2;2023-08-08;2023-08-11;2026-08-10;2026-11-09;Sim;;
124;DEX.226;Spectral Reflectance Measurement of Lenses With SMR - ISTM 02-016;;04-Testes;Documentos Externos;Lucineide Pereira;;2023-03-15;2023-03-17;2026-06-09;2026-09-08;Sim;Doc's de Referência do STL;Testes
125;DEX.227;New SMR Validation;;04-Testes;Documentos Externos;Lucineide Pereira;1;2018-03-20;2018-03-28;2026-08-10;2026-11-09;Sim;Doc's de Referência do STL;Testes
126;DEX.228;ISTM 02-036 - Installation Guide SMR - System of Measurements by Reflection of AR Coatings;;04-Testes;Documentos Externos;Taís Flores;8;2017-03-01;2017-03-01;2026-08-10;2026-11-09;Sim;Doc's de Referência do STL;Testes
127;DEX.230;Aquisição (Materiais/Serviços) - Laboratório Sumaré;;Sumaré Laboratório;Documentos Externos;Denise Miranda;;2023-08-21;2023-08-21;2026-08-20;2026-11-18;Sim;;
128;DEX.231;ISTM 02-026 - Operating Mode RCO2 Test;;04-Testes;Documentos Externos;Lucineide Pereira;2;2018-05-14;2018-05-30;2025-08-28;2025-11-28;Sim;Doc's de Referência do STL;Testes
129;DEX.233;ISTM 09-146 - RCO2 Test;;04-Testes;Documentos Externos;Lucineide Pereira;1;2016-02-16;2016-02-16;2025-08-28;2025-11-28;Sim;Doc's de Referência do STL;Testes
130;DEX.234;ISTM 09-018 - Ink Test;;04-Testes;Documentos Externos;Lucineide Pereira;2;2018-05-03;2018-05-03;2025-08-28;2025-11-28;Sim;Doc's de Referência do STL;Testes
131;DEX.235;ISTM 09-082 - Ink Test;;04-Testes;Documentos Externos;Lucineide Pereira;3;2018-07-06;2018-07-06;2025-08-28;2025-11-28;Sim;Doc's de Referência do STL;Testes
132;DEX.236;NX 10 Blows Test - ISTM-02-011;;04-Testes;Documentos Externos;Lucineide Pereira;9;2025-03-11;2025-03-11;2026-03-11;2026-06-11;Sim;Doc's de Referência do STL;Testes
133;DEX.238;ABNT NBR ISO 8980-4:2013 Parte 4: Especificações e métodos de ensaio para revestimentos antirrefletivos;;Normas;Documentos Externos;Taís Flores;1;2023-09-04;2023-09-04;2025-09-03;2025-12-02;Sim;;
134;DEX.239;ABNT NBR ISO 8980-5:2022 Parte 5: Requisitos mínimos para superfícies de lentes para óculos resistentes à abrasão;;Normas;Documentos Externos;Taís Flores;1;2023-09-04;2023-09-04;2025-09-03;2025-12-02;Sim;;
135;DEX.241;UV Monitoring Procedure - DO-ENG-02OPR-00529;;Doc;Documentos Externos;José Roberto;2;2022-04-08;2022-04-08;2025-09-08;2025-12-27;Sim;;
136;DEX.242;ART Blocker Glue Consumption;;Doc;Documentos Externos;José Roberto;1;2018-12-17;2018-12-17;2025-09-27;2025-12-27;Sim;;
137;DEX.243;Chuck Positioning Control - DO-ENG02.567;;Doc;Documentos Externos;José Roberto;5;2022-01-06;2022-01-06;2025-09-06;2025-12-06;Sim;;
138;DEX.244;Coolant Guidelines - DO-ENG02.1477;;Doc;Documentos Externos;José Roberto;11;2022-11-25;2022-11-25;2025-11-25;2026-02-23;Sim;;
139;DEX.245;Generator Calibration Procedure - DO-ENG02.0814;;Doc;Documentos Externos;José Roberto;8;2022-04-24;2022-04-24;2025-09-24;2025-12-23;Sim;;
140;DEX.246;Surface Quality Evaluation Gloss Meter Device - DO-ENG02.904;;Doc;Documentos Externos;José Roberto;3;2016-01-13;2016-01-13;2026-09-15;2026-12-14;Sim;;
141;DEX.247;VFT Orbit 1 Plano Calibration Procedure - DO-ENG-02OPR-00532;;Doc;Documentos Externos;José Roberto;2;2022-05-23;2022-05-23;2025-09-23;2025-12-23;Sim;;
142;DEX.248;VFT Orbit 2 Auto Calibration Procedure - DO-ENG02.903;;Doc;Documentos Externos;José Roberto;2;2022-03-22;2022-03-22;2025-09-22;2025-12-20;Sim;;
143;DEX.249;VFT Refrigerant Guidelines - DO-ENG02.1724;;Doc;Documentos Externos;José Roberto;3;2022-10-07;2022-10-07;2025-10-07;2026-01-05;Sim;;
144;DEX.250;VFT Orbit Preventive Maintenance - DO-ENG02.0897;;Doc;Documentos Externos;José Roberto;3;2020-08-24;2020-08-24;2026-08-24;2026-11-23;Sim;;
145;DEX.251;VFT Orbit Fast Tool Holder Adjustment - DO-ENG02.1653;;Doc;Documentos Externos;José Roberto;4;2021-11-09;2021-11-09;2025-11-09;2026-02-07;Sim;;
146;DEX.252;VFT Orbit 2 Plano Calibration Procedure - DO-ENG-02OPR-00527;;Doc;Documentos Externos;José Roberto;2;2022-05-21;2022-05-21;2025-11-22;2025-12-19;Sim;;
147;DEX.253;ICR08049 - Vx XR_v1_30052023 - VARILUX XR SERIES;;Geral;Documentos Externos;Taís Flores;1;2023-10-02;2023-10-02;2025-10-01;2025-12-30;Sim;;
148;DEX.254;ART Deblocker - Gripper Force Measurement - DO-ENG-02OPR-00279;;Doc;Documentos Externos;José Roberto;;2019-12-01;2019-12-01;2025-11-22;2026-02-21;Sim;;
149;DEX.256;ART Deblocker - Ultra Sonic Cleaning Conditions - DO-ENG-02OPR-00525;;Doc;Documentos Externos;José Roberto;;2023-11-22;2023-11-22;2025-11-21;2026-02-19;Sim;;
150;DEX.257;ART Deblocker - Preventive Maintenance;;Doc;Documentos Externos;José Roberto;;2022-10-01;2023-11-01;2025-10-31;2026-01-29;Sim;;
151;DEX.258;Lensmappers - Verification with Standard Mineral Lenses;;Doc;Documentos Externos;José Roberto;2;2022-06-14;2022-06-14;2025-11-22;2026-02-21;Sim;;
152;DEX.259;Coating Tank Caustic Cleaning in D-Machines - DO-ENG02.1486;;02-HC;Documentos Externos;Carlos Anselme;2;2023-11-23;2024-02-26;2026-02-25;2026-05-26;Sim;Doc's de Referência do STL;HC
153;DEX.260;Limpeza Cáustica de Tanques de Primer e Revestimento em D-Machines - DO-ENG02.1486;;02-HC;Documentos Externos;Matheus Silva;3;2025-05-28;2025-08-28;2026-08-28;2026-11-26;Sim;;
154;DEX.261;Automated Taping Machine - DO-ENG02.0892;;Doc;Documentos Externos;José Roberto;2;2014-06-26;2014-06-26;2026-06-26;2026-09-25;Sim;;
155;DEX.262;CLBS - Camera Delay Troubleshooting;;Doc;Documentos Externos;José Roberto;;2014-01-01;2014-01-01;2026-04-01;2026-07-01;Sim;;
156;DEX.263;CLBS1 - Operating Mode;;Doc;Documentos Externos;José Roberto;1;2012-04-10;2012-04-10;2026-04-10;2026-07-09;Sim;;
157;DEX.264;CLBS2 - Montagem Porta;;Doc;Documentos Externos;José Roberto;2;2013-01-01;2013-01-01;2026-04-01;2026-07-01;Sim;;
158;DEX.265;CLBS2 - Operating Mode;;Doc;Documentos Externos;José Roberto;1;2012-04-10;2012-04-10;2026-04-10;2026-07-09;Sim;;
159;DEX.266;iCLBS2 - Acceptance and Daily Checking;;Doc;Documentos Externos;José Roberto;;2022-08-01;2022-08-01;2025-10-17;2026-01-19;Sim;;
160;DEX.267;iCLBS1 - Operating mode;;Doc;Documentos Externos;José Roberto;;2014-05-28;2014-06-11;2026-06-11;2026-09-10;Sim;;
161;DEX.268;CLBS - Installation Guide;;Doc;Documentos Externos;José Roberto;;2023-11-23;2023-11-23;2025-11-22;2026-02-20;Sim;;
162;DEX.269;CLBS - Maintenance Guide;;Doc;Documentos Externos;José Roberto;;2023-11-23;2023-11-23;2025-11-22;2026-02-20;Sim;;
163;DEX.270;CLBS - User Guide;;Doc;Documentos Externos;José Roberto;;2023-11-23;2023-11-23;2025-11-22;2026-02-20;Sim;;
164;DEX.271;iCLBS1 - Software Setup Procedure and Barcode Reader Settings;;Doc;Documentos Externos;José Roberto;;2014-05-09;2014-06-11;2026-06-11;2026-09-10;Sim;;
165;DEX.272;Rx Consumables Catalog - DO-ENG-10CAT-00020;;Doc;Documentos Externos;José Roberto;1;2024-04-01;2024-04-01;2026-04-01;2026-07-01;Sim;;
166;DEX.273;DSPC - Measurement with a DLM - DO-ENG02.1034;;Doc;Documentos Externos;José Roberto;2;2023-11-23;2023-11-23;2025-11-22;2026-02-20;Sim;;
167;DEX.274;DSPC - Sphere Error at PRP Monitoring - DO-ENG09.0269;;Doc;Documentos Externos;José Roberto;;2023-11-23;2023-11-23;2025-11-22;2026-02-20;Sim;;
168;DEX.276;PRA - Nikon Black Insert Drawing;;Doc;Documentos Externos;José Roberto;;2023-11-23;2023-11-23;2025-11-22;2026-02-20;Sim;;
169;DEX.277;PRA - Essilor Pin Drawing;;Doc;Documentos Externos;José Roberto;;2023-11-23;2023-11-23;2025-11-22;2026-02-20;Sim;;
170;DEX.278;PRA - Calibration and Control - DO-ENG02-0568;;Doc;Documentos Externos;Nathália Brandão;7;2022-09-23;2022-09-23;2025-09-23;2025-12-22;Sim;;
171;DEX.279;WW RX Optical Standard;;Francês;Documentos Externos;Edgar Casallas;;2007-09-01;2007-09-01;2025-08-31;2025-11-29;Sim;;
172;DEX.280;;;;;;;;;;;;;
173;DEX.281;Tampografia de Lentes Ray-Ban - Sumaré Laboratório;;Sumaré Laboratório;Documentos Externos;Jesse Rodrigues;;2023-12-19;2023-12-20;2025-12-19;2026-03-19;Sim;;
174;DEX.282;Gravação Ez Marker Lentes Ray-Ban - Sumaré Laboratório;;Sumaré Laboratório;Documentos Externos;Jesse Rodrigues;;2023-12-19;2023-12-20;2025-12-19;2026-03-19;Sim;;
175;DEX.283;MadgeTech Temperature for Check Pre-Cure and Post-Cure Ovens - DO-ENG02-1989;;03-Antirreflexo;Documentos Externos;Matheus Silva;3;2024-01-08;2024-02-26;2026-02-25;2026-05-26;Sim;Doc's de Referência do STL;Anti-Reflexo
176;DEX.284;SnO2 (Tin Oxide) - Material Setting - DO-ENG02-779;;03-Antirreflexo;Documentos Externos;Matheus Silva;2;2024-01-08;2024-02-28;2026-02-27;2026-05-28;Sim;Doc's de Referência do STL;Anti-Reflexo
177;DEX.285;ITO (Indium Tin Oxide) - Material Setting - ENG02-165;;03-Antirreflexo;Documentos Externos;Matheus Silva;4;2024-01-08;2024-02-28;2026-02-27;2026-05-28;Sim;Doc's de Referência do STL;Anti-Reflexo
178;DEX.286;MgF2 - Material Setting - ENG02-167;;03-Antirreflexo;Documentos Externos;Matheus Silva;;2024-01-08;2024-02-28;2026-02-27;2026-05-28;Sim;Doc's de Referência do STL;Anti-Reflexo
179;DEX.287;MgO - Material Setting - ENG02-166;;03-Antirreflexo;Documentos Externos;Matheus Silva;2;2024-01-08;2024-02-28;2026-02-27;2026-05-28;Sim;Doc's de Referência do STL;Anti-Reflexo
180;DEX.288;DSX - Material Setting - DO-ENG02-0160;;03-Antirreflexo;Documentos Externos;Matheus Silva;;2024-01-08;2024-02-28;2026-02-27;2026-05-28;Sim;Doc's de Referência do STL;Anti-Reflexo
181;DEX.289;A.C.D.C. AR Color Distribution Control (MP & Rx) - DO-ENG02-1673;;03-Antirreflexo;Documentos Externos;Matheus Silva;5;2024-01-09;2024-02-28;2026-02-27;2026-05-28;Sim;Doc's de Referência do STL;Anti-Reflexo
182;DEX.290;Medição de Contagem de Partícula - KANOMAX;;02-HC;Documentos Externos;Matheus Silva;;2024-02-26;2024-11-08;2025-11-08;2026-02-06;Sim;;
183;DEX.291;Calibration and Cross-Checks in the Labs;;Geral;Documentos Externos;Lucineide Pereira;1;2024-03-14;2024-11-26;2025-11-26;2026-02-24;Sim;;
184;DEX.292;ICR 08-048 - International Control Requirements - MC6 AR Control;;Rx Referencial;Documentos Externos;Lucineide Pereira;1;2024-03-14;2024-08-26;2026-08-26;2026-11-24;Sim;;
185;DEX.293;ICR 08-046 - AR Control Plan in Rx Labs;;Rx Referencial;Documentos Externos;Lucineide Pereira;1;2024-03-14;2024-08-26;2026-08-26;2026-11-24;Sim;;
186;DEX.296;ICR 08-043 - International Control Requirements - Titanium AR Control;;Rx Referencial;Documentos Externos;Lucineide Pereira;4;2024-03-14;2024-08-26;2026-08-26;2026-11-24;Sim;;
187;DEX.297;ICR 08-040 - International Control Requirements - Mirrors Control in Rx Labs;;Rx Referencial;Documentos Externos;Lucineide Pereira;3;2024-03-14;2025-01-17;2026-01-17;2026-04-17;Sim;;
188;DEX.298;ICR 08-041 - International Control Requirements - HC Control Plan in Rx Labs;;Rx Referencial;Documentos Externos;Lucineide Pereira;3;2024-03-14;2024-08-26;2026-08-26;2026-11-24;Sim;;
189;DEX.299;ICR 08-045 - International Control Requirements - Scratch Shields (Sun XProtect) AR Control;;Rx Referencial;Documentos Externos;Lucineide Pereira;3;2024-08-14;2025-01-17;2026-01-17;2026-04-17;Sim;;
190;DEX.300;Résistance à la Chute de Bille FDA - ISTM-02028-05-F;;Rx Referencial;Documentos Externos;Lucineide Pereira;5;2024-03-14;2024-11-26;2025-11-26;2026-02-24;Sim;;
191;DEX.301;ISTM-02028 - FDA Drop Ball Impact Resistance;;Rx Referencial;Documentos Externos;Lucineide Pereira;5;2024-03-14;2024-08-26;2026-08-26;2026-11-24;Sim;;
192;DEX.302;Plan&Transform Gap analysis_ Laboratório - Sigla Estado - Brazil;;Rx Referencial;Documentos Externos;Jessika Menacho;16;2025-07-29;2025-08-01;2026-08-01;2026-10-30;Sim;;
193;DEX.305;Calibração - Orbit II;;Doc;Documentos Externos;Sergio Meza;;2024-03-27;2024-04-08;2026-04-08;2026-07-07;Sim;;
194;DEX.307;Liberação Diária (DRL) - Art Blocker;;Doc;Documentos Externos;Marcelo Bastos;;2024-03-27;2024-04-08;2026-04-08;2026-07-07;Sim;;
195;DEX.308;Troubleshoot - Alloy e LensMapper - DSPC;;00-Controle de Processo e DSPC;Documentos Externos;Marcelo Bastos;;2024-04-17;2024-07-10;2026-07-10;2026-10-09;Sim;;
196;DEX.309;Troubleshoot - Alloy y LensMapper - DSPC;;00-Control de Proceso y DSPC;Documentos Externos;Marcelo Bastos;;2024-04-17;2024-07-10;2026-07-10;2026-10-09;Sim;;
197;DEX.310;Caustic Cleaning of Primer and Coating Tanks in SCL Machines - DO-ENG02.1728;;02-HC;Documentos Externos;Leonardo Pennetta;2;2025-06-16;2025-11-07;2025-11-08;2026-06-15;Sim;Doc's de Referência do STL;HC
198;DEX.311;;;;;;;;;;;;;
199;DEX.312;ABNT NBR 14725 - Produtos Químicos - Informações sobre Segurança, Saúde e Meio Ambiente;;Normas;Documentos Externos;Nathália Brandão;1;2024-02-28;2024-02-28;2026-02-27;2026-05-28;Sim;;
200;DEX.314;ART Blocker A - Axis Adjustment;;Doc;Documentos Externos;Marcelo Bastos;;2018-07-30;2018-07-30;2026-07-30;2026-10-28;Sim;;
201;DEX.315;ART Blocker A - Machine Calibration;;Doc;Documentos Externos;Marcelo Bastos;;2018-07-30;2018-07-30;2026-07-30;2026-10-28;Sim;;
202;DEX.316;ART Blocker A - Video Calibration;;Doc;Documentos Externos;Marcelo Bastos;;2024-07-30;2024-07-30;2026-07-30;2026-10-28;Sim;;
203;DEX.317;ART Deblocker 2 - Calibration of the Collet Chuck Height;;Doc;Documentos Externos;Marcelo Bastos;;2022-10-31;2022-10-31;2026-07-30;2026-10-28;Sim;;
204;DEX.318;ART Deblocker 2 - Nozzle Calibration by Chuck;;Doc;Documentos Externos;Marcelo Bastos;;2023-11-30;2023-11-30;2026-07-30;2026-10-28;Sim;;
205;DEX.319;Multi FLEX - B-Axis and X-Axis Alignment;;Doc;Documentos Externos;Marcelo Bastos;;2024-07-30;2024-07-30;2026-07-30;2026-10-28;Sim;;
206;DEX.320;Multi FLEX - C-Axis Alignment;;Doc;Documentos Externos;Marcelo Bastos;;2024-07-30;2024-07-30;2026-07-30;2026-10-28;Sim;;
207;DEX.321;Multi FLEX - Loading System Alignment;;Doc;Documentos Externos;Marcelo Bastos;;2024-07-30;2024-07-30;2026-07-30;2026-10-28;Sim;;
208;DEX.325;GQS-LIS-001 - GQS Applicable Documents;;Rx Referencial;Documentos Externos;Lucineide Pereira;7;2024-08-14;2024-08-26;2026-08-26;2026-11-24;Sim;;
209;DEX.327;Procedure: On Site DSPC(Digital Surfacing Process Control)- DO-ENG08.0017;;Rx Referencial;Documentos Externos;Lucineide Pereira;4;2024-08-14;2024-08-26;2026-08-26;2026-11-24;Sim;;
210;DEX.328;ICR 08046 - AR Control Plan in Rx Labs;;Rx Referencial;Documentos Externos;Lucineide Pereira;;2024-08-14;2024-08-26;2026-08-26;2026-11-24;Sim;;
211;DEX.329;ISTM-02028-FDA Drop Ball Impact Resistance;;Rx Referencial;Documentos Externos;Lucineide Pereira;5;2024-08-14;2024-08-26;2026-08-26;2026-11-24;Sim;;
212;DEX.335;GQS-LIS-003 Returns Motives List;;Rx Referencial;Documentos Externos;Lucineide Pereira;2;2024-08-14;2024-11-22;2025-11-22;2026-02-20;Sim;;
213;DEX.336;GQS-LIS-004 List of Global QMS Qualified Auditors 2024;;Rx Referencial;Documentos Externos;Lucineide Pereira;2;2024-08-14;2025-01-17;2026-01-17;2026-04-17;Sim;;
214;DEX.338;ICR 08-045 - International Control Requirements - Scratch Shields (Sun XProtect) AR Control;;Rx Referencial;Documentos Externos;Lucineide Pereira;3;2024-08-14;2024-11-22;2025-11-22;2026-02-20;Sim;;
215;DEX.341;Manual DIG 3.0.4;;Geral;Documentos Externos;Lucineide Pereira;;2024-08-20;2024-11-22;2025-11-22;2026-02-20;Sim;;
216;DEX.343;ISTM02020 - Inspeção Cosmética;;Geral;Documentos Externos;Lucineide Pereira;4;2024-08-20;2025-05-21;2026-05-21;2026-08-19;Sim;;
217;DEX.344;DO-QUA-I 01.070_ Rx Cosmetic Calibration Procedure;;Geral;Documentos Externos;Lucineide Pereira;;2024-09-09;2024-11-22;2025-11-22;2026-02-20;Sim;;
218;DEX.345;Operating Procedure of Sandblasting - DO-ENG-02OPR-00920;;03-Antirreflexo;Documentos Externos;Renan Barbosa;1;2024-09-19;2024-11-08;2025-11-08;2026-02-06;Sim;;
219;DEX.346;Lens Clipping and Basket Loading for Dip Rx Process - DO-ENG02-0486;;02-HC;Documentos Externos;Nathália Brandão;6;2024-10-02;2024-11-08;2025-11-08;2026-02-06;Sim;;
220;DEX.347;Manual DIG 3.0.4_ Português;;Geral;Documentos Externos;Lucineide Pereira;;2024-11-18;2024-11-22;2025-11-22;2026-02-20;Sim;;
221;DEX.348;Manual DIG 3.0.4_ Espanhol;;Geral;Documentos Externos;Lucineide Pereira;;2024-11-18;2024-11-22;2025-11-22;2026-02-20;Sim;;
222;DEX.349;Thickness Measurement of Hard Coat or Monolayer with the SMR - ISTM-02-017;;04-Testes;Documentos Externos;Nathália Brandão;7;2025-03-11;2025-03-11;2026-03-11;2026-06-11;Sim;;
223;DEX.350;Checking of SMR for Reflectance Measurement of Lenses - ISTM-03-016;;04-Testes;Documentos Externos;Nathália Brandão;12;2025-03-11;2025-03-11;2026-03-11;2026-06-11;Sim;;
224;DEX.351;Checking of N10 Blows Equipment - ISTM-03-077;;04-Testes;Documentos Externos;Nathália Brandão;;2025-03-11;2025-03-11;2026-03-11;2026-06-11;Sim;;
225;DEX.352;Auditoria do Método de Teste - Cross Hatch Teste Adesão - QUA-TM-AUD-079;;Testes;Documentos Externos;Jessika Menacho;2;2025-03-11;2025-03-11;2026-03-11;2026-06-11;Sim;;
226;DEX.353;Auditoria de Método de Teste - Ink Test - QUA-TM-AUD-077;;Testes;Documentos Externos;Jessika Menacho;1;2025-03-11;2025-03-11;2026-03-11;2026-06-11;Sim;;
227;DEX.354;Auditoria de Método de Teste - NX10 - QUA-TM-AUD-076;;Testes;Documentos Externos;Jessika Menacho;1;2025-03-11;2025-03-11;2026-03-11;2026-06-11;Sim;;
228;DEX.355;Supply Sheet - RCO2 Test - QUA-TM-SUP-005;;04-Testes;Documentos Externos;Nathália Brandão;1;2025-03-11;2025-03-11;2026-03-11;2026-06-11;Sim;;
229;DEX.356;Auditoria de Método de Teste - RC02 - QUA-TM-AUD-075;;Testes;Documentos Externos;Jessika Menacho;1;2025-03-11;2025-03-11;2026-03-11;2026-06-09;Sim;;
230;DEX.357;Aprovação, Liberação ou Reprovação dos Testes de Qualidade - LATAM-PR-QMS-07;;Testes;Documentos Externos;Jessika Menacho;;2025-03-11;2025-05-30;2026-05-30;2026-08-28;Sim;HMC;Teste de Qualidade GERAL
231;DEX.358;Certificado de Regularidade Técnica - Óptico - digiTOP - Silvério Trzaskos;;Regulatório;Documentos Externos;Nickolle Rodrigues;;2025-03-17;2025-04-23;2026-04-23;2026-07-22;Sim;;
232;DEX.359;Template Máquina D Rx AEL - M1.6 Ajuste e acompanhamento - DO-ENG02.1348;;02-HC;Documentos Externos;Nathália Brandão;;2025-04-04;2025-05-30;2026-05-30;2026-08-28;Sim;;
233;DEX.360;Template Máquinas CDC-CDS 1000 - M1.6 Ajuste e acompanhamento - DO-ENG02.1348;;02-HC;Documentos Externos;Nathália Brandão;;2025-04-04;2025-05-30;2026-05-30;2026-08-28;Sim;;
234;DEX.361;ISTM 09-023-02-E/F Top coat control using arcotec ink 30mn/m;;Geral;Documentos Externos;Nathália Brandão;;2021-09-09;2021-11-15;2026-04-22;2026-07-22;Sim;;
235;DEX.362;Medição da Reflexão de Lentes com AR Usando SMR - QUA-FORM-002-08;;Testes;Documentos Externos;Jessika Menacho;;2025-04-22;2025-04-22;2026-04-22;2026-07-21;Sim;;
236;DEX.363;Testes AR - LATAM-FR-QMS-13;;Testes;Documentos Externos;Lucineide Pereira;1;2025-04-22;2025-05-30;2026-05-30;2026-08-28;Sim;;
237;DEX.364;Medição da Espessura de HC Usando SMR - QUA-FORM-002-09;;Testes;Documentos Externos;Jessika Menacho;;2025-04-22;2025-04-22;2026-04-22;2026-07-21;Sim;;
238;DEX.365;Gestão de Desvios - LATAM-PR-QMS-08;;Gestão de Desvio;Documentos Externos;Jessika Menacho;;2025-04-25;2025-05-30;2026-05-30;2026-08-28;Sim;;
239;DEX.366;Gerenciamento de Risco de Processo (para Fabricação) - GQS-TEMP-015;;Gestão de Desvio;Documentos Externos;Jessika Menacho;;2025-04-25;2025-05-30;2026-05-30;2026-08-28;Sim;;
240;DEX.367;Solicitação de Desvio - GQS-TEMP-032;;Gestão de Desvio;Documentos Externos;Jessika Menacho;4;2025-04-25;2025-05-30;2026-05-30;2026-08-28;Sim;;
241;DEX.368;;;;;;;;;;;;;
242;DEX.369;;;;;;;;;;;;;
243;DEX.370;;;;;;;;;;;;;
244;DEX.371;Procedure For Vaccum Gauge Calibration (MP&Rx) - DO-ENG02.0798;;03-Antirreflexo;Documentos Externos;Jessika Menacho;5;2025-07-25;2025-08-28;2026-08-28;2026-11-26;Sim;;
245;DEX.372;RX Lens Inspection List of Lens Defects - ISTM 01.068;;Rx Referencial;Documentos Externos;Jessika Menacho;1;2025-07-30;2025-08-01;2026-08-01;2026-10-30;Sim;;
246;DOC.001;;;;;;;;;;;;;
247;DOC.011;Modelo Padrão para 5S;;07-MELHORIA CONTÍNUA;Documentos;Humberto Serra - Lab Rio;;2020-10-07;2020-12-03;2026-07-08;2026-10-07;Não;QUALIDADE;5S
248;DOC.012;DA - Gerente de Laboratório;;Descrição de Atividade;Documentos;Lucineide Pereira;1;2021-08-11;2021-10-21;2026-04-01;2026-07-01;Sim;;
249;DOC.013;DA - Gerente de Métodos e Processos;;Descrição de Atividade;Documentos;Lucineide Pereira;1;2021-08-11;2021-10-21;2026-04-01;2026-07-01;Sim;;
250;DOC.014;DA - Analista de Processos;;Descrição de Atividade;Documentos;Lucineide Pereira;1;2021-08-09;2021-10-08;2026-04-01;2026-07-01;Sim;;
251;DOC.015;DA - Coordenador de Processos;;Descrição de Atividade;Documentos;Lucineide Pereira;1;2021-08-09;2021-10-21;2026-04-01;2026-07-01;Sim;;
252;DOC.016;DA - Abastecedor de Linha;;Descrição de Atividade;Documentos;Lucineide Pereira;1;2021-08-11;2021-10-08;2026-04-01;2026-07-01;Sim;;
253;DOC.017;DA - Supervisor de Produção;;Descrição de Atividade;Documentos;Lucineide Pereira;1;2021-08-11;2021-10-21;2026-04-01;2026-07-01;Sim;;
254;DOC.018;DA - Líder de Produção;;Descrição de Atividade;Documentos;Lucineide Pereira;1;2021-08-11;2022-06-02;2026-04-01;2026-07-01;Sim;;
255;DOC.021;DA - Analista de Qualidade;;Descrição de Atividade;Documentos;Lucineide Pereira;1;2021-08-09;2021-10-08;2026-04-01;2026-07-01;Sim;;
256;DOC.022;DA - Gerente de Qualidade;;Descrição de Atividade;Documentos;Lucineide Pereira;1;2021-08-11;2021-10-21;2026-04-01;2026-07-01;Sim;;
257;DOC.023;DA - Técnico em Óptica;;Descrição de Atividade;Documentos;Lucineide Pereira;1;2021-08-11;2021-10-08;2026-04-01;2026-07-01;Sim;;
258;DOC.024;DA - Assistente de Qualidade;;Descrição de Atividade;Documentos;Lucineide Pereira;1;2021-08-09;2021-10-08;2026-04-01;2026-07-01;Sim;;
259;DOC.025;DA - Operador de Produção;;Descrição de Atividade;Documentos;Lucineide Pereira;1;2021-08-11;2021-10-08;2026-04-01;2026-07-01;Sim;;
260;DOC.028;Padronização de Uniformes;;Uniformes;Documentos;Taís Flores;3;2022-07-06;2022-09-05;2026-07-02;2026-10-01;Sim;;
261;DOC.029;Controle de Cópias Físicas;;11-APRENDIZAGEM QUALIEX;Procedimento Operacional Padrão;Taís Flores;5;2023-01-25;2023-01-30;2026-01-30;2026-04-25;Sim;QUALIDADE;QUALIEX
262;DOC.030;Carta Cliente - Autorização - Defeitos de Bloco - Brasil;;Estoque / Expedição;Documentos;Taís Flores;;2021-09-01;2021-09-10;2026-05-20;2026-08-20;Sim;;
263;DOC.032;Política da Qualidade;;Qualidade;Documentos;Taís Flores;1;2022-04-08;2022-04-12;2026-07-08;2026-10-07;Sim;QUALIDADE;QUALIDADE
264;DOC.033;Fluxograma de Processos - LabRio;;LabRio;Documentos;Renan Barbosa;4;2025-03-20;2025-03-21;2026-03-21;2026-06-19;Sim;;
265;DOC.035;Manual de Procedimentos - Garantias e Programas de Parceria;;SAC;Documentos;Melissa Grandolfo;3;2025-04-17;2025-11-03;2026-11-03;2027-02-01;Sim;Atendimento;Garantia
266;DOC.036;Fluxograma de Processo Padrão - HMC;;00-Geral HMC;Documentos;Nathália Brandão;;2022-05-02;2024-05-13;2026-05-13;2026-08-12;Sim;;
267;DOC.037;Procedimento de Devolução de Lentes - Technopark;;Technopark;Documentos;Aline Franco;3;2025-09-15;2025-09-19;2026-09-19;2026-12-18;Sim;;
268;DOC.038;Fluxograma de Processo Padrão - Surfaçagem;;00-Geral SURFACE;Documentos;William Karasiaki;;2022-06-10;2024-05-13;2026-05-13;2026-08-12;Sim;;
269;DOC.039;Fluxograma de Processo Padrão - Montagem;;00 - Controle de Processo;Documentos;William Karasiaki;;2022-06-13;2024-05-13;2026-05-13;2026-08-12;Sim;;
270;DOC.040;Diagrama de Flujo Estándar del Proceso - Montagem;;00-Control de Procesos;Documentos;William Karasiaki;;2022-06-29;2024-05-13;2026-05-13;2026-08-12;Sim;;
271;DOC.041;Diagrama de Flujo Estándar del Proceso - HMC;;00-Control de Procesos;Documentos;William Karasiaki;;2022-06-30;2024-05-13;2026-05-13;2026-08-12;Sim;;
272;DOC.042;Diagrama de Flujo Estándar del Proceso - Surfaçagem;;00-Control de Proceso y DSPC;Documentos;William Karasiaki;;2022-06-30;2024-05-13;2026-05-13;2026-08-12;Sim;;
273;DOC.043;Fluxo de Atendimento de Chamado para Manutenção Preventiva e Corretiva - Lab Rio;;LabRio;Documentos;Renan Barbosa;;2022-08-10;2022-09-22;2025-09-20;2025-12-21;Sim;;
274;DOC.044;Procedimiento de Creación de Imagen HD;;Español;Documentos;Edgar Casallas;;2022-08-11;2022-08-11;2026-08-11;2026-11-09;Sim;;
275;DOC.045;Procedimento de Criação de Imagem HD;;Português;Documentos;Edgar Casallas;;2022-08-11;2022-08-11;2026-08-11;2026-11-09;Sim;;
276;DOC.046;Alinhamento de Repasse de Pedidos para Novos Laboratórios - Lab Rio;;LabRio;Documentos;Renan Barbosa;;2022-08-11;2022-08-18;2025-09-20;2025-12-21;Sim;;
277;DOC.047;Fluxograma de Processos - Grown;;Grown;Documentos;Natalia Silva;3;2025-01-09;2025-02-12;2026-02-12;2026-05-13;Sim;;
278;DOC.048;Fluxograma de Processos - Repro;;Repro;Documentos;Laura Vaz;3;2025-09-05;2025-10-24;2026-10-24;2027-01-22;Sim;;
279;DOC.050;Política de Compras de Suprimentos - Ceditop;;Ceditop;Documentos;João Martins;;2022-11-16;2022-11-28;2026-08-28;2026-11-27;Sim;;
280;DOC.051;Política de Compras de Insumos - Ceditop;;Ceditop;Documentos;João Martins;1;2023-01-20;2023-01-25;2026-05-18;2026-08-17;Sim;;
281;DOC.052;Política de Compras de Peças - Ceditop;;Ceditop;Documentos;João Martins;;2022-11-16;2022-11-28;2025-11-28;2026-02-16;Sim;;
282;DOC.053;Política de Compras - Repro;;Repro;Documentos;Debora Rocha;2;2025-11-21;2025-11-26;2026-11-26;2027-02-24;Sim;;
283;DOC.054;Fluxograma de Processos - Ceditop;;Ceditop;Documentos;Leticia Santos;2;2024-10-02;2024-10-16;2025-10-16;2026-01-14;Sim;;
284;DOC.055;Fluxograma de Processos - Sumaré CD;;Sumaré CD;Documentos;Juliana Gomes Ferreira;1;2023-09-25;2023-10-03;2025-10-02;2025-12-31;Sim;;
285;DOC.057;Manual de Compras - Grown;;Grown;Documentos;Cauê Emerenciano;4;2024-10-02;2024-10-07;2025-10-07;2026-01-05;Sim;;
286;DOC.058;Comunicação com o Cliente - Lab Rio;;LabRio;Documentos;Renan Barbosa;;2022-12-06;2022-12-07;2026-06-09;2026-09-08;Sim;;
287;DOC.059;Recusa de Nota Fiscal - Technopark;;Technopark;Documentos;Felipe Costa;1;2023-02-02;2023-02-06;2026-02-06;2026-04-25;Sim;;
288;DOC.060;Manual de Compras - Technoaprk;;Technopark;Documentos;Benicio Souza;2;2023-02-16;2023-03-10;2025-05-17;2025-12-30;Sim;;
289;DOC.063;Critérios de Conformidade Cosmética;;Produtos e Informações;Documentos;Lucineide Pereira;13;2024-11-19;2024-11-22;2025-11-22;2026-02-20;Sim;QUALIDADE;RX_REFERENCIAL
290;DOC.066;Manual de Compras - digiTOP;;digiTOP;Documentos;Nickolle Rodrigues;1;2025-03-13;2025-03-17;2026-03-17;2026-06-15;Sim;;
291;DOC.067;Comunicação com o Cliente - Repro;;Repro;Documentos;Ovanir Lima Junior;;2023-05-11;2023-05-25;2026-05-25;2026-08-24;Sim;;
292;DOC.068;Fluxograma de Processos - digiTOP;;digiTOP;Documentos;Nickolle Rodrigues;3;2025-04-30;2025-05-30;2026-05-30;2026-08-28;Sim;;
293;DOC.069;Descrição de Atividade - Utilização;;Descrição de Atividade;Documentos;Taís Flores;;2023-06-01;2023-07-18;2026-07-17;2026-10-16;Sim;QUALIDADE;RH/DP
294;DOC.070;Fluxograma de Processos - Coating RS;;Coating RS;Documentos;Christiano Silva;;2023-06-19;2023-07-19;2026-07-17;2026-10-16;Sim;;
295;DOC.071;Fluxograma de Processos - Tecnolens;;Tecnolens;Documentos;Vinicius Silva;1;2023-09-06;2023-09-11;2025-09-10;2025-12-09;Sim;QUALIDADE;TECNOLENS
296;DOC.073;Manual de Compras - Tecnolens;;Tecnolens;Documentos;Tatiana Andrade;;2023-07-11;2023-07-19;2026-07-17;2026-10-16;Sim;QUALIDADE;COMPRAS
297;DOC.074;Descrição de Atividade DA - Modelo;;Descrição de Atividade;Documentos;Lucineide Pereira;;2023-07-17;2023-07-17;2026-07-16;2026-10-15;Sim;;
298;DOC.075;Padrão Cosmético - RX Referencial - Repro;;Repro;Documentos;Laura Vaz;1;2024-07-30;2024-08-08;2026-08-08;2026-11-06;Sim;;
299;DOC.076;Tolerâncias para Lentes - Repro;;Repro;Documentos;Renata Turri;;2023-07-26;2023-07-26;2026-07-24;2026-10-23;Sim;;
300;DOC.077;Pilares da Tomada de Decisão - Aprovado, Liberado Sob Concessão ou Reprovado;;Auditoria de Produto;Documentos;Lucineide Pereira;;2023-08-04;2023-08-04;2026-08-04;2026-11-03;Sim;QUALIDADE;QUALIDADE
301;DOC.078;Priorização de Serviços - Laboratório Sumaré;;Sumaré Laboratório;Documentos;Rafael Medeiros;1;2023-10-31;2023-12-14;2025-12-13;2026-03-13;Sim;;
302;DOC.079;Fluxograma de Processos - Sumaré Laboratório;;Sumaré Laboratório;Documentos;Gustavo Grangeiro;1;2024-09-30;2024-10-16;2025-10-16;2026-01-14;Sim;;
303;DOC.080;DA - Coordenador de Qualidade;;Descrição de Atividade;Documentos;Juliana Costa Barros;;2023-10-23;2023-10-27;2025-10-26;2026-01-24;Sim;;
304;DOC.081;DA - Gerente Técnico;;Descrição de Atividade;Documentos;Juliana Costa Barros;;2023-10-23;2023-10-27;2025-10-26;2026-01-24;Sim;;
305;DOC.082;Manual de Compras - Optilab;;Optilab;Documentos;Nickolle Rodrigues;;2023-11-21;2023-12-04;2025-12-03;2026-03-03;Sim;;
306;DOC.083;Fluxograma de Processos - Optilab;;Optilab;Documentos;Nickolle Rodrigues;1;2025-04-29;2025-05-30;2026-05-30;2026-08-28;Sim;;
307;DOC.084;Gestão de Troca dos Pads (Descarte) - Padrão;;00-Geral SURFACE;Documentos;Jesse Rodrigues;;2024-02-01;2024-02-02;2026-02-01;2026-05-02;Sim;SURFAÇAGEM;Polimento
308;DOC.085;Manual de compras - Visolab;;Visolab;Documentos;Jaldo Reis;;2024-02-09;2024-02-21;2026-02-20;2026-05-21;Sim;;
309;DOC.086;Fotos - Cadinho Processo Essilor - Lab Sumaré;;00-Geral AR;Documentos;Miguel Soares Lima;;2024-02-21;2024-02-21;2026-05-20;2026-08-20;Sim;;
310;DOC.087;Fluxograma de Processos - Visolab;;Visolab;Documentos;Jaldo Reis;2;2024-08-16;2024-08-16;2026-08-17;2026-11-16;Sim;;
311;DOC.088;Fluxo do Rack - Technopark;;Technopark;Documentos;Thiago Francelino;1;2025-09-09;2025-10-28;2026-10-28;2027-01-26;Sim;;
312;DOC.089;Acompanhamento dos Pedidos por Cores - Visolab;;Visolab;Documentos;Jaldo Reis;;2024-05-06;2024-05-07;2026-05-07;2026-08-06;Sim;;
313;DOC.090;Montagem de Garra - Gabarito;;01-Pré-Inspeção - Preparação;Documentos;Rodrigo Lima;1;2024-09-18;2024-10-16;2025-10-16;2026-01-14;Sim;;
314;DOC.092;Padrão de Envio de Fotos de Lentes para Garantia - Visolab;;Visolab;Documentos;Jaldo Reis;;2024-07-17;2024-07-19;2026-07-20;2026-10-19;Sim;;
315;DOC.095;Gabarito de Direcionamento - Prisma;;00-Controle de Processo e DSPC;Documentos;Renan Barbosa;;2024-07-25;2024-07-30;2026-07-30;2026-10-29;Sim;;
316;DOC.101;Organograma - Visolab;;Visolab;Documentos;Jaldo Reis;;2024-08-20;2024-08-20;2026-08-20;2026-11-18;Sim;;
317;DOC.102;Organograma - Ceditop;;Ceditop;Documentos;Leticia Santos;1;2025-09-27;2025-09-30;2026-09-30;2026-12-29;Sim;;
318;DOC.103;Codificação_Padrão DIG;;Produtos e Informações;Documentos;Lucineide Pereira;;2024-11-18;2024-11-22;2025-11-22;2026-02-20;Sim;;
319;DOC.104;Processo em Casos de Emergência - Ceditop;;Ceditop;Documentos;Gislaine Teixeira Nobre;;2024-12-12;2025-02-18;2026-02-18;2026-05-19;Sim;;
320;DOC.106;Gabarito de Utlização de Blue Tape - Fitadeira Manual;;00-Geral;Documentos;Silvano Silva;;2025-02-12;2025-06-10;2026-06-10;2026-09-08;Sim;;
321;DOC.107;Política de Estoque - Repro;;Repro;Documentos;Laura Vaz;;2025-02-12;2025-02-12;2026-02-12;2027-01-21;Sim;;
322;DOC.108;Softwares para Validação - Lab Rio;;LabRio;Documentos;Renan Barbosa;;2025-05-01;2025-06-05;2026-06-05;2026-09-03;Sim;;
323;DOC.109;Critério de Conformidade Cosmética - Lentes Stellest - Lab Rio;;LabRio;Documentos;Renan Barbosa;;2025-05-01;2025-05-15;2026-05-15;2026-08-13;Sim;;
324;DOC.110;Procedimento para armações Danificadas - Visolab;;Visolab;Documentos;Lealdo dos Santos;;2025-05-22;2025-05-29;2026-05-29;2026-08-27;Sim;;
325;DOC.111;Softwares para Validação - Visolab;;Visolab;Documentos;Evany Rabelo;;2025-06-09;2025-06-25;2026-06-25;2026-09-23;Sim;;
326;DOC.113;Organograma - Technopark;;Technopark;Documentos;Rodrigo Lima;;2025-08-08;2025-09-04;2026-09-04;2026-12-03;Sim;;
327;DOC.114;Leitura do Pedido de Defeito e Quebra no Estoque - Repro;;Repro;Documentos;Debora Rocha;;2025-08-28;2025-08-29;2026-08-29;2026-11-27;Sim;;
328;DOC.115;Bases Diferentes no Estoque - Repro;;Repro;Documentos;Debora Rocha;;2025-08-28;2025-08-29;2026-08-29;2026-11-27;Sim;;
329;DOC.116;Avaliação de Conferência Óptica - Lab Rio;;LabRio;Documentos;Renan Barbosa;;2025-09-24;2025-09-30;2026-09-30;2026-12-29;Sim;;
330;DOC.117;Avaliação de Conferência de Montagem - Lab Rio;;LabRio;Documentos;Renan Barbosa;;2025-09-24;2025-09-29;2026-09-29;2026-12-28;Sim;;
331;DOC.118;Avaliação de FOG-ID para Lentes com Antirreflexo Crizal e No Reflex - Lab Rio;;LabRio;Documentos;Renan Barbosa;;2025-10-08;2025-10-13;2026-10-13;2027-01-11;Sim;;
332;DOC.EHS.011;EPI's Coating;;EPI's;EHS;Caroline Oliveira;3;2023-12-15;2023-12-15;2025-12-14;2026-03-14;Sim;EHS;EPI - Importância do Uso Correto dos Equipamentos
333;DOC.EHS.012;EPI's Estoque;;EPI's;EHS;Caroline Oliveira;2;2023-12-15;2023-12-15;2025-12-14;2026-03-14;Sim;EHS;EPI - Importância do Uso Correto dos Equipamentos
334;DOC.EHS.013;EPI's Manutenção;;EPI's;EHS;Caroline Oliveira;2;2023-12-15;2023-12-15;2025-12-14;2026-03-14;Sim;EHS;EPI - Importância do Uso Correto dos Equipamentos
335;DOC.EHS.014;EPI's Setor Limpeza;;EPI's;EHS;Caroline Oliveira;2;2023-12-15;2023-12-15;2025-12-14;2026-03-14;Sim;EHS;EPI - Importância do Uso Correto dos Equipamentos
336;DOC.EHS.015;EPI's Montagem;;EPI's;EHS;Caroline Oliveira;2;2023-12-15;2023-12-15;2025-12-14;2026-03-14;Sim;EHS;EPI - Importância do Uso Correto dos Equipamentos
337;DOC.EHS.016;EPI's Coloração;;EPI's;EHS;Caroline Oliveira;2;2023-12-15;2023-12-15;2025-12-14;2026-03-14;Sim;EHS;EPI - Importância do Uso Correto dos Equipamentos
338;DOC.EHS.017;EPI's Surfaçagem;;EPI's;EHS;Caroline Oliveira;2;2023-12-15;2023-12-15;2025-12-14;2026-03-14;Sim;EHS;EPI - Importância do Uso Correto dos Equipamentos
339;DOC.EHS.018;EPI;;EPI's;EHS;Guilherme Rosa;2;2024-05-07;2024-05-10;2026-05-11;2026-08-10;Sim;EHS;EPI - Importância do Uso Correto dos Equipamentos
340;DOC.EHS.019;Qualificação Ambiental em Fornecedores e Prestadores de Serviços;;Gestão de Resíduos;EHS;Aleksander Oliveira;;2021-04-09;2021-07-22;2025-10-13;2025-12-29;Sim;EHS;#GESTÃO DE RESÍDUOS
341;DOC.EHS.020;Procedimento Gestão de Resíduos;;Gestão de Resíduos;EHS;Aleksander Oliveira;2;2023-09-22;2023-09-25;2025-09-24;2025-12-23;Sim;EHS;Gerenciamento de Resíduos
342;DOC.EHS.024;Circular Interna de Implantação do PPR;;Programa de Proteção Respiratória;EHS;Fabricio Cunha;;2021-09-27;2021-12-07;2026-05-20;2026-08-20;Sim;EHS;#Programa de Proteção Respiratória
343;DOC.EHS.025;Limpeza, Higienização e Manutenção;;Programa de Proteção Respiratória;EHS;Fabricio Cunha;;2021-09-27;2021-12-07;2026-05-20;2026-08-20;Sim;EHS;#Programa de Proteção Respiratória
344;DOC.EHS.026;Troca de Filtros;;Programa de Proteção Respiratória;EHS;Fabricio Cunha;;2021-09-27;2021-12-07;2026-05-20;2026-08-21;Sim;EHS;#Programa de Proteção Respiratória
345;DOC.EHS.029;Modelo de Programa de Proteção Respiratória;;Programa de Proteção Respiratória;EHS;Fabricio Cunha;;2021-09-28;2021-12-07;2026-05-20;2026-08-20;Sim;EHS;#Programa de Proteção Respiratória
346;DOC.EHS.030;Avaliação Química da Concentração dos Contaminantes;;Programa de Proteção Respiratória;EHS;Fabricio Cunha;;2021-09-28;2021-12-07;2026-05-22;2026-08-21;Sim;EHS;#Programa de Proteção Respiratória
347;DOC.EHS.031;Procedimento de Limpeza nos Bebedouros;;Higienização;EHS;Aleksander Oliveira;;2021-09-28;2021-12-07;2026-05-20;2026-08-20;Sim;EHS;Procedimento de Limpeza nos Bebedouros
348;DOC.EHS.032;Gestão de Contratados;;Prestadores de Serviço;EHS;Aleksander Oliveira;;2021-09-28;2021-12-07;2026-05-20;2026-08-20;Sim;EHS;Gestão de Contratados
349;DOC.EHS.033;Programa de Proteção Respiratória;;Programa de Proteção Respiratória;EHS;Fabricio Cunha;1;2024-04-17;2024-08-22;2026-08-21;2026-11-19;Sim;EHS;Programa de Proteção Respiratória
350;DOC.EHS.034;Política do Papel Ambientalmente Responsável;;Gestão de Resíduos;EHS;Caroline Oliveira;;2021-10-18;2021-10-21;2026-01-19;2026-04-19;Sim;EHS;Política do Papel Ambientalmente Responsável
351;DOC.EHS.035;Formulário de Aprovação de Produtos Químicos;;Produtos Químicos;EHS;Patrícia Tozzi;;2021-11-25;2021-11-25;2026-02-17;2026-05-15;Sim;EHS;Gestão de Produtos Químicos
352;DOC.EHS.036;Tabela de Incompatibilidade Química;;Produtos Químicos;EHS;Patrícia Tozzi;;2021-11-25;2021-11-25;2026-02-17;2026-05-15;Sim;EHS;Gestão de Produtos Químicos
353;DOC.EHS.037;Lista de Produtos Químicos Aprovados;;Produtos Químicos;EHS;Patrícia Tozzi;;2021-11-25;2021-11-25;2026-02-17;2026-05-15;Sim;EHS;Gestão de Produtos Químicos
354;DOC.EHS.038;Inventário de Produtos Químicos;;Produtos Químicos;EHS;Patrícia Tozzi;;2021-11-25;2021-11-25;2026-02-17;2026-05-15;Sim;EHS;Gestão de Produtos Químicos
355;DOC.EHS.039;Gestão de Produtos Químicos;;Produtos Químicos;EHS;Patrícia Tozzi;;2021-11-25;2021-11-25;2026-02-17;2026-05-15;Sim;EHS;Gestão de Produtos Químicos
356;DOC.EHS.040;Bloqueio e Etiquetagem - LOTO;;LOTO - Bloqueio e Etiquetagem;EHS;Rodrigo Braga;;2021-12-28;2021-12-28;2026-06-09;2026-09-08;Sim;EHS;LOTO
357;DOC.EHS.041;Análise de Riscos;;Análise de Riscos;EHS;Rodrigo Braga;;2021-12-28;2021-12-28;2026-06-09;2026-09-08;Sim;EHS;#Análise de Riscos
358;DOC.EHS.042;Plano de Atendimento a Emergência - PAE;;PAE - Plano de Atendimento a Emergência;EHS;Rodrigo Braga;1;2021-12-28;2021-12-28;2026-06-09;2026-09-08;Sim;EHS;Treinamento PAE
359;DOC.EHS.043;Trabalhos Perigosos;;Trabalhos Perigosos;EHS;Rodrigo Braga;;2021-12-28;2022-02-23;2026-07-27;2026-10-26;Sim;EHS;TRABALHOS PERIGOSOS
360;DOC.EHS.044;Comunicação de Acidentes;;Comunicações de Acidentes;EHS;Rodrigo Braga;;2021-12-28;2021-12-28;2026-06-09;2026-09-08;Sim;EHS;Prevenção e Report de Acidentes + Comunicação e Investigação de Acidentes
361;DOC.EHS.045;Segurança em Máquinas e Equipamentos - EMS;;EMS - Segurança em Máquinas e Equipamentos;EHS;Rodrigo Braga;;2021-12-28;2022-02-10;2026-02-09;2026-05-10;Sim;EHS;Proteção em Máquinas e Equipamentos
362;DOC.EHS.046;Checklist - LOTO;;LOTO - Bloqueio e Etiquetagem;EHS;Rodrigo Braga;;2023-03-10;2023-11-08;2025-11-07;2026-02-05;Sim;EHS;#LOTO
363;DOC.EHS.047;Instrução de Bloqueio e Etiquetagem - LOTO;;LOTO - Bloqueio e Etiquetagem;EHS;Rodrigo Braga;;2023-03-10;2023-11-08;2025-11-07;2026-02-05;Sim;EHS;#LOTO
364;DOC.EHS.048;Guia Classificação de Resíduos MTR;;Gestão de Resíduos;EHS;Ryan Alves da Silva;1;2024-05-06;2024-05-06;2026-05-06;2026-08-05;Sim;EHS;#Guia Classificação de Resíduos MTR
365;DOC.EHS.049;EPI's EQC;;EPI's;EHS;Caroline Oliveira;;2023-12-15;2023-12-15;2025-12-14;2026-03-14;Sim;EHS;#EPI - Importância do Uso Correto dos Equipamentos
366;DOC.EHS.050;EPI's SPIN;;EPI's;EHS;Caroline Oliveira;;2023-12-15;2023-12-15;2025-12-14;2026-03-14;Sim;EHS;#EPI - Importância do Uso Correto dos Equipamentos
367;DOC.EHS.051;EPI's Serviços Técnicos e STL;;EPI's;EHS;Caroline Oliveira;;2023-12-15;2023-12-15;2025-12-14;2026-03-14;Sim;EHS;#EPI - Importância do Uso Correto dos Equipamentos
368;DOC.EHS.052;Ordem de Serviços - Área Administrativa;;Ordens de Serviços;EHS;Guilherme Rosa;;2024-01-31;2024-03-20;2026-06-09;2026-09-08;Sim;;
369;DOC.EHS.053;Ordem de Serviços - Teleatendimento;;Ordens de Serviços;EHS;Guilherme Rosa;;2024-01-31;2024-03-20;2026-06-09;2026-09-08;Sim;;
370;DOC.EHS.054;Ordem de Serviços - Surfaçagem;;Ordens de Serviços;EHS;Guilherme Rosa;;2024-01-31;2024-08-22;2026-08-21;2026-11-19;Sim;;
371;DOC.EHS.055;Ordem de Serviços - Manutenção Industrial;;Ordens de Serviços;EHS;Guilherme Rosa;;2024-01-31;2024-03-20;2026-06-09;2026-09-08;Sim;;
372;DOC.EHS.056;Ordem de Serviços - Setor Limpeza (Serviços Gerais);;Ordens de Serviços;EHS;Guilherme Rosa;;2024-01-31;2024-03-20;2026-06-09;2026-09-08;Sim;;
373;DOC.EHS.057;Ordem de Serviços - Estoque;;Ordens de Serviços;EHS;Guilherme Rosa;;2024-01-31;2024-03-20;2026-06-09;2026-09-08;Sim;;
374;DOC.EHS.058;Ordem de Serviços - Produção (Coating);;Ordens de Serviços;EHS;Guilherme Rosa;;2024-01-31;2024-03-20;2026-06-09;2026-09-08;Sim;;
375;DOC.EHS.059;Ordem de Serviços - Manutenção Predial;;Ordens de Serviços;EHS;Guilherme Rosa;;2024-01-31;2024-10-08;2025-10-08;2026-01-06;Sim;;
376;DOC.EHS.060;Ordem de Serviços - Produção (Coloração);;Ordens de Serviços;EHS;Guilherme Rosa;1;2024-04-08;2024-10-08;2025-10-08;2026-01-06;Sim;;
377;DOC.EHS.061;Ordem de Serviços - Produção (SPIN);;Ordens de Serviços;EHS;Guilherme Rosa;;2024-01-31;2024-10-08;2025-10-08;2026-01-06;Sim;;
378;DOC.EHS.062;Ordem de Serviços - Serviços Técnicos e STL;;Ordens de Serviços;EHS;Guilherme Rosa;;2024-01-31;2024-03-12;2026-05-20;2026-08-20;Sim;;
379;DOC.EHS.063;Ordem de Serviços - Produção (Montagem);;Ordens de Serviços;EHS;Guilherme Rosa;;2024-01-31;2024-03-12;2026-05-20;2026-08-20;Sim;;
380;FOR.002;Auditoria 5S de Limpeza e Organização;;07-MELHORIA CONTÍNUA;Formulário;Taís Flores;2;2022-05-12;2022-05-23;2025-10-18;2026-01-19;Sim;QUALIDADE;5S
381;FOR.006;Inspeção e Testes de Recebimento de Insumos;;Estoque / Expedição;Formulário;Lucineide Pereira;7;2024-05-28;2024-06-03;2026-06-03;2026-09-02;Sim;HMC;Primer e Vernizes
382;FOR.007;Controle de Troca de Lentes com Defeito de Fábrica;;Estoque / Expedição;Formulário;Lucineide Pereira;3;2023-08-04;2024-01-31;2026-05-25;2026-05-25;Sim;;
383;FOR.020;;;;;;;;;;;;;
384;FOR.021;;;;;;;;;;;;;
385;FOR.022;;;;;;;;;;;;;
386;FOR.025;;;;;;;;;;;;;
387;FOR.027;;;;;;;;;;;;;
388;FOR.028;;;;;;;;;;;;;
389;FOR.031;;;;;;;;;;;;;
390;FOR.033;Lista de Presença de Treinamento;;Treinamento;Formulário;Taís Flores;7;2023-12-05;2024-02-05;2026-05-20;2026-08-20;Sim;QUALIDADE;Treinamentos
391;FOR.050;;;;;;;;;;;;;
392;FOR.051;;;;;;;;;;;;;
393;FOR.055;;;;;;;;;;;;;
394;FOR.060;;;;;;;;;;;;;
395;FOR.062;;;;;;;;;;;;;
396;FOR.064;;;;;;;;;;;;;
397;FOR.065;;;;;;;;;;;;;
398;FOR.066;;;;;;;;;;;;;
399;FOR.071;Formulário RNC - Relatório de Não Conformidade;;Qualidade;Formulário;Taís Flores;5;2023-08-25;2023-08-30;2026-08-28;2026-11-27;Sim;QUALIDADE;QUALIDADE
400;FOR.080;Formulário Surfaçagem - PCP Latam Português - Lab Geral;;00-Controle de Processo e DSPC;Formulário;Nathália Brandão;15;2025-03-06;2025-03-11;2026-03-11;2026-06-09;Sim;SURFAÇAGEM;PCP
401;FOR.081;Formulário HMC - PCP Latam Português - Lab Geral;;00-Controle do Processo HMC;Formulário;Nathália Brandão;6;2025-02-10;2025-03-20;2026-03-20;2026-06-18;Sim;HMC;PCP
402;FOR.085;Análise da Pinça do Gerador;;00-Controle de Processo e DSPC;Formulário;Taís Flores;3;2020-11-18;2021-03-24;2026-08-11;2026-11-10;Sim;SURFAÇAGEM;Corte
403;FOR.086;Análise da pinça do Laser;;00-Controle de Processo e DSPC;Formulário;Taís Flores;3;2020-11-18;2021-03-24;2026-08-11;2026-11-10;Sim;MAN. SURF.;0
404;FOR.087;Análise da pinça do Microscópio;;00-Controle de Processo e DSPC;Formulário;Taís Flores;4;2020-11-18;2021-03-24;2026-08-10;2026-11-09;Sim;SURFAÇAGEM;PROCESSOS
405;FOR.088;Análise da pinça do CLBS2;;00-Controle de Processo e DSPC;Formulário;Taís Flores;1;2020-11-18;2021-03-24;2026-08-18;2026-11-16;Sim;SURFAÇAGEM;Blocagem
406;FOR.090;Formulário de Limpeza - SatisLoh 1200;;1200;Formulário;Deyved Silva;1;2024-03-05;2024-04-16;2026-04-16;2026-07-15;Sim;HMC;Antirreflexo
407;FOR.091;Formulário de Limpeza - Boxer;;Boxer PRO;Formulário;Humberto Serra - Lab Rio;;2020-12-23;2021-05-24;2025-10-07;2025-12-07;Sim;;
408;FOR.092;Controle de Treinamento;;Treinamento;Formulário;Taís Flores;2;2023-10-13;2024-02-05;2026-05-20;2026-08-20;Sim;QUALIDADE;Treinamentos
409;FOR.093;Mapa de Gestão dos Resíduos;;Gestão de Resíduos;Formulário;Aleksander Oliveira;1;2023-09-22;2023-09-25;2025-09-24;2025-12-23;Sim;;
410;FOR.094;Controle de Saída de Resíduos;;Gestão de Resíduos;Formulário;Aleksander Oliveira;;2021-04-09;2021-04-12;2025-10-13;2025-12-29;Sim;;
411;FOR.095;Contratação - Transportador;;Gestão de Resíduos;Formulário;Aleksander Oliveira;;2021-04-09;2021-04-12;2025-10-13;2025-12-29;Sim;;
412;FOR.096;Contratação - Receptor;;Gestão de Resíduos;Formulário;Aleksander Oliveira;;2021-04-09;2021-04-12;2025-10-13;2025-12-29;Sim;;
413;FOR.097;Inspeção de Veículos;;Gestão de Resíduos;Formulário;Aleksander Oliveira;;2021-04-09;2021-04-12;2025-10-13;2025-12-29;Sim;;
414;FOR.098;Prestadores de Serviço;;Gestão de Resíduos;Formulário;Aleksander Oliveira;;2021-04-09;2021-04-12;2025-10-13;2025-12-29;Sim;;
415;FOR.099;Formulário de Qualificação De Fornecedores e/ou Prestadores De Serviços;;Gestão de Resíduos;Formulário;Aleksander Oliveira;;2021-04-09;2021-07-22;2025-10-13;2025-12-29;Sim;;
416;FOR.100;Avaliação de Aspecto e Impacto Ambiental;;Aspecto e Impacto Ambiental;Formulário;Patrícia Tozzi;;2021-04-19;2021-04-20;2025-10-13;2025-12-29;Sim;;
417;FOR.101;Formulário de Limpeza - Syrus;;Syrus 3C;Formulário;Deyved Silva;1;2024-03-05;2024-04-16;2026-04-16;2026-07-15;Sim;;
418;FOR.104;ALTIUS DRIVING TOOL- Máquina CCM;;00-Controle do Processo HMC;Formulário;Taís Flores;4;2021-04-23;2021-05-05;2026-05-19;2026-08-18;Sim;HMC;0
419;FOR.106;Formulário 8D - Método para Solução de Problemas;;Solução de Problemas;Formulário;Lucineide Pereira;2;2023-08-29;2024-05-14;2026-05-14;2026-08-13;Sim;;
420;FOR.107;Formulário Montagem - PCP Latam - Lab Geral;;00 - Controle de Processo;Formulário;Nathália Brandão;8;2024-09-30;2024-09-30;2025-09-30;2026-12-22;Sim;MONTAGEM;PCP
421;FOR.109;Matriz de Habilidade;;Treinamento;Formulário;Taís Flores;5;2023-09-12;2023-09-13;2026-05-20;2026-08-20;Sim;QUALIDADE;Treinamentos
422;FOR.114;Formulário A3  - Método para Solução de Problemas;;Solução de Problemas;Formulário;Lucineide Pereira;2;2024-09-19;2025-05-30;2026-05-30;2026-08-28;Sim;;
423;FOR.116;Testes HC - Monitoramento Primer e Verniz;;Testes HC;Formulário;Leonardo Pennetta;11;2025-10-23;2025-10-31;2026-10-31;2027-01-29;Sim;HMC;Teste de Qualidade HC
424;FOR.118;Nomeação RD;;Qualidade;Formulário;Taís Flores;1;2022-09-29;2022-09-29;2025-09-29;2025-12-28;Sim;QUALIDADE;QUALIDADE
425;FOR.120;Formulário - Permissão de Trabalho;;Prestadores de Serviço;Formulário;Patrícia Tozzi;;2021-07-26;2021-07-27;2025-10-13;2025-12-29;Sim;;
426;FOR.121;Modelo Recibo de EPI;;EPI's;Formulário;Rodrigo Braga;1;2023-02-17;2023-03-17;2026-05-20;2026-08-20;Sim;EHS;#EPI - Importância do Uso Correto dos Equipamentos
427;FOR.122;Controle de Umidade e Temperatura: Estoque;;Estoque / Expedição;Formulário;Taís Flores;;2021-08-24;2021-09-10;2025-09-10;2025-12-09;Sim;QUALIDADE;ESTOQUE
428;FOR.123;Agenda de Auditoria;;Qualidade;Formulário;Nathália Brandão;1;2022-12-15;2022-12-22;2026-06-09;2026-09-08;Sim;QUALIDADE;AUDITORIA
429;FOR.124;Etiquetas de Validação de Primer e Verniz;;Estoque / Expedição;Formulário;Nathália Brandão;4;2024-07-24;2024-07-24;2026-07-24;2026-10-23;Sim;HMC;Primer e Vernizes
430;FOR.125;Etiqueta Composição Quimica - Primer e Verniz - EHS;;Estoque / Expedição;Formulário;Nathália Brandão;3;2024-09-03;2024-10-08;2025-10-08;2026-01-06;Sim;HMC;Primer e Vernizes
431;FOR.126;Análise de Modos de Falhas e Efeitos (FMEA);;Qualidade;Formulário;Nathália Brandão;6;2024-10-24;2024-11-26;2025-11-26;2026-02-24;Sim;QUALIDADE;QUALIDADE
432;FOR.127;Avaliação e Seleção de Fornecedor;;Qualidade;Formulário;Nathália Brandão;7;2023-12-14;2024-02-27;2026-05-20;2026-08-26;Sim;QUALIDADE;FORNECEDOR
433;FOR.128;Controle de Higienização dos Bebedouros;;Higienização;Formulário;Aleksander Oliveira;;2021-09-27;2021-12-07;2026-05-27;2026-08-27;Sim;;
434;FOR.129;Formulário de Análise de Acidente e Incidente do Trabalho;;Programa de Proteção Respiratória;Formulário;Fabricio Cunha;;2021-09-28;2021-12-07;2026-05-20;2026-08-20;Sim;;
435;FOR.130;Guia de Avaliação do Programa de Proteção Respiratória;;Programa de Proteção Respiratória;Formulário;Fabricio Cunha;;2021-09-28;2021-12-07;2026-05-20;2026-08-20;Sim;;
436;FOR.131;Registro de Ensaio de Vedação Qualitativo;;Programa de Proteção Respiratória;Formulário;Fabricio Cunha;;2021-09-28;2021-12-07;2026-05-20;2026-08-20;Sim;;
437;FOR.132;Controle de Utilização do UV 400;;04-COLORAÇÃO;Formulário;Taís Flores;;2021-09-28;2021-11-03;2026-07-07;2026-10-06;Sim;COLORAÇÃO;COLORAÇÃO
438;FOR.133;Planejamento de Treinamento;;Treinamento;Formulário;Nathália Brandão;1;2023-12-14;2024-01-31;2026-05-20;2026-08-20;Sim;QUALIDADE;Treinamentos
439;FOR.134;Plano de Ação;;Solução de Problemas;Formulário;William Karasiaki;2;2023-05-03;2023-05-03;2026-07-20;2026-10-19;Sim;;
440;FOR.135;Relatório de Revisão Gerencial;;Qualidade;Formulário;Nathália Brandão;3;2023-05-04;2023-05-05;2026-05-04;2026-08-03;Sim;QUALIDADE;QUALIDADE
441;FOR.136;Reavaliação de Fornecedor;;Qualidade;Formulário;Nathália Brandão;6;2023-12-14;2024-02-27;2026-05-20;2026-08-20;Sim;QUALIDADE;FORNECEDOR
442;FOR.137;Relatório de Gestão de Mudança;;Qualidade;Formulário;Taís Flores;5;2024-03-18;2024-03-20;2026-06-09;2026-09-08;Sim;QUALIDADE;QUALIDADE
443;FOR.139;Controle de Calibração e Verificação;;00.Geral;Formulário;Lucineide Pereira;1;2023-05-23;2023-06-27;2026-06-26;2026-09-25;Sim;QUALIDADE;CALIBRAÇÃO
444;FOR.140;Relatório de Auditoria Interna;;Qualidade;Formulário;Taís Flores;1;2022-12-15;2022-12-22;2026-06-09;2026-09-08;Sim;QUALIDADE;AUDITORIA
445;FOR.141;Auto Avaliação;;Treinamento;Formulário;Lucineide Pereira;2;2022-04-20;2022-04-26;2026-05-20;2026-08-19;Sim;QUALIDADE;Treinamentos
446;FOR.142;Avaliação de Eficácia do Treinamento;;Treinamento;Formulário;Lucineide Pereira;1;2022-02-16;2022-02-21;2026-05-20;2026-08-20;Sim;QUALIDADE;Treinamentos
447;FOR.143;Formulário de Check List da Auditoria ISO 13485;;Qualidade;Formulário;Nathália Brandão;1;2022-11-18;2022-12-05;2026-05-02;2026-08-02;Sim;QUALIDADE;AUDITORIA
448;FOR.145;Formulário GMR KPIs - Acompanhamento Semanal;;Acompanhamento de Resultados;Formulário;Lucineide Pereira;;2021-12-28;2021-12-28;2022-12-28;2025-12-06;Sim;;
449;FOR.147;Formulário - Workplace Risk Assessment;;Análise de Riscos;Formulário;Rodrigo Braga;;2021-12-28;2021-12-28;2026-06-09;2026-09-08;Sim;;
450;FOR.148;Monitoramento Anual de Desempenho de Fornecedor;;Qualidade;Formulário;Nathália Brandão;5;2023-06-28;2023-07-03;2026-07-02;2026-10-01;Sim;QUALIDADE;FORNECEDOR
451;FOR.149;Formulário SPIN - Português - Lab Geral;;05-SPIN;Formulário;Nathália Brandão;2;2025-04-10;2025-05-12;2026-05-12;2026-08-10;Sim;SPIN;SPIN
452;FOR.150;Plano de Manutenção Preventiva - Laboratório Industrial;;00-Geral;Formulário;Lucas Silva;2;2025-02-14;2025-03-20;2026-03-20;2026-06-18;Sim;;
453;FOR.151;Análise Crítica do Certificado de Calibração;;00.Geral;Formulário;Nathália Brandão;1;2023-06-02;2023-06-27;2026-06-26;2026-09-25;Sim;;
454;FOR.152;Etiqueta de Calibração;;00.Geral;Formulário;Taís Flores;1;2023-08-10;2023-08-15;2026-08-14;2026-11-12;Sim;;
455;FOR.153;Formulário de Calibração do Lensômetro;;Lensômetro;Formulário;Lucas Silva;1;2022-04-14;2023-06-27;2026-06-26;2026-09-25;Sim;;
456;FOR.155;Controle de Temperatura de Armazenamento: Primers e Vernizes;;Estoque / Expedição;Formulário;Lucineide Pereira;2;2024-05-27;2024-06-03;2026-06-03;2026-09-02;Sim;HMC;Primer e Vernizes
457;FOR.157;Controle do Kit de Calibração do SMR;;Testes AR;Formulário;Taís Flores;;2022-05-27;2022-10-18;2025-10-18;2026-01-19;Sim;HMC;"Antirreflexo:
Ajustes de Processo"
458;FOR.159;Validação de Software;;Qualidade;Formulário;Nathália Brandão;1;2023-11-16;2024-03-07;2026-05-29;2026-08-28;Sim;QUALIDADE;TI
459;FOR.161;Requisição de Compras;;Compras;Formulário;Benicio Souza;3;2024-03-20;2024-07-24;2026-07-24;2026-10-23;Sim;;
460;FOR.162;Controle de Temperatura (DataLogger) de Armazenamento - Primers e Vernizes - Repro;;Repro;Formulário;Laura Vaz;1;2024-05-28;2024-06-03;2026-06-03;2026-09-02;Sim;;
461;FOR.164;Controle Anual dos Registros;;Solução de Problemas;Formulário;Taís Flores;;2023-01-26;2023-01-30;2026-01-30;2026-04-29;Sim;;
462;FOR.166;Carta de Esclarecimento;;Laudos;Formulário;Taís Flores;;2023-03-21;2023-03-21;2026-06-09;2026-09-08;Sim;;
463;FOR.167;Cronograma de Auditoria;;Qualidade;Formulário;Taís Flores;;2023-05-11;2023-05-18;2026-05-17;2026-08-17;Sim;;
464;FOR.169;Avaliação do Auditor Interno de QMS;;Qualidade;Formulário;Taís Flores;;2023-05-12;2023-05-18;2026-05-18;2026-08-17;Sim;QUALIDADE;AUDITORIA
465;FOR.170;Interpolação e Correção;;00.Geral;Formulário;Taís Flores;;2023-06-05;2023-06-27;2026-06-26;2026-09-25;Sim;;
466;FOR.171;Alterações de Aquisição - Português;;Qualidade;Formulário;Taís Flores;;2023-06-05;2023-08-02;2025-10-18;2026-01-19;Sim;;
467;FOR.172;Alterações de Aquisição - Inglês;;Qualidade;Formulário;Taís Flores;;2023-06-05;2023-08-02;2025-10-18;2026-01-19;Sim;;
468;FOR.173;Checklist de Envio de Equipamento;;00.Geral;Formulário;Renan Barbosa;1;2023-08-21;2023-08-21;2026-08-20;2026-11-18;Sim;;
469;FOR.174;Reembolso - Quebra de Armação - Technopark;;Technopark;Formulário;Fabrina Souza;1;2024-10-25;2024-10-28;2025-10-28;2026-01-26;Sim;;
470;FOR.175;Plano de Manutenção Preventiva - Básico;;00-Geral;Formulário;Lucas Silva;;2023-06-15;2023-06-27;2026-06-26;2026-09-25;Sim;;
471;FOR.177;Requisição de Serviços - digiTOP;;digiTOP;Formulário;Nickolle Rodrigues;2;2024-03-26;2024-04-02;2026-07-01;2026-09-30;Sim;;
472;FOR.179;Controle da Entrega de Produtos recebidos aos colaboradores - Grown;;Grown;Formulário;Sonia Lima;;2023-07-18;2023-09-11;2025-09-10;2025-12-09;Sim;;
473;FOR.180;Auditoria de Produto - Qualidade Intrínseca;;Auditoria de Produto;Formulário;Lucineide Pereira;1;2024-11-18;2024-11-22;2025-11-22;2026-02-20;Sim;QUALIDADE;AUDITORIA DE PRODUTO
474;FOR.181;Auditoria de Produto - GIB&BIG;;Auditoria de Produto;Formulário;Lucineide Pereira;1;2024-11-18;2024-11-22;2025-11-22;2026-02-20;Sim;QUALIDADE;AUDITORIA DE PRODUTO
475;FOR.182;Etiquetas de Cartões - Quadro PCP;;07-MELHORIA CONTÍNUA;Formulário;Gabriely Gonçalves;;2023-09-01;2023-09-21;2025-09-20;2025-12-19;Sim;;
476;FOR.183;Tabela Hora Hora;;07-MELHORIA CONTÍNUA;Formulário;Gabriely Gonçalves;;2023-09-11;2023-10-03;2025-10-02;2025-12-31;Sim;;
477;FOR.185;Etiquetas de Envio de Testes para o EQC;;08-EQC;Formulário;Lucineide Pereira;2;2024-09-19;2024-09-26;2025-09-26;2025-12-25;Sim;;
478;FOR.188;Carta de Esclarecimento - Autenticidade de Tratamento;;Laudos;Formulário;Taís Flores;;2023-10-03;2024-11-26;2025-11-26;2026-02-24;Sim;;
479;FOR.191;Formulário de Testes - Lentes Stellest;;00-Geral Testes;Formulário;Renan Barbosa;;2023-10-10;2023-12-28;2025-12-27;2026-03-27;Sim;SURFAÇAGEM;QUALIDADE
480;FOR.192;Retrabalho CF - Lab Geral;;00-Controle do Processo HMC;Formulário;Nathália Brandão;3;2025-02-24;2025-05-30;2026-05-30;2026-08-28;Sim;;
481;FOR.193;Rendimento HC - Lab Geral;;00-Controle do Processo HMC;Formulário;Nathália Brandão;3;2025-02-24;2025-05-30;2026-05-30;2026-08-28;Sim;;
482;FOR.194;Carta de Esclarecimento – Proteção/Bloqueio Luzes Ultravioleta e Azul Nocivas;;Laudos;Formulário;Nathália Brandão;;2023-11-16;2024-03-18;2026-06-09;2026-09-08;Sim;;
483;FOR.195;Identificação de Quebras - Grown;;Grown;Formulário;Priscila Souza;1;2024-02-09;2024-02-19;2026-02-18;2026-05-19;Sim;;
484;FOR.196;Controle de Quebra Geral;;Acompanhamento de Resultados;Formulário;Victor Olivares;;2024-02-07;2024-02-08;2026-02-07;2026-05-08;Sim;;
485;FOR.197;Expedição de Vernizes - Envios;;Caxias CD;Formulário;Miguel Soares Lima;;2024-02-08;2024-02-19;2026-05-20;2026-08-20;Sim;;
486;FOR.198;Retorno de serviço - Visolab;;Visolab;Formulário;Jaldo Reis;;2024-02-15;2024-02-21;2026-02-20;2026-05-21;Sim;;
487;FOR.199;Acompanhamento de Cliente Detrator - Pesquisa de Satisfação;;Pesquisa de Satisfação;Formulário;Rafael Medeiros;1;2024-03-28;2024-09-26;2025-09-26;2025-12-25;Sim;;
488;FOR.200;Validação de Armação;;00 - Controle de Processo;Formulário;Nickolle Rodrigues;;2024-04-29;2024-04-29;2026-04-29;2026-07-28;Sim;;
489;FOR.201;Carta de Esclarecimento - Parecer Técnico;;Laudos;Formulário;Nathália Brandão;;2024-05-14;2024-11-26;2025-11-26;2026-02-24;Sim;;
490;FOR.203;Agrupamento de Malotes dos Correios - Tecnolens;;Tecnolens;Formulário;Vinicius Silva;2;2024-09-02;2024-09-03;2025-09-03;2025-12-02;Sim;Expedição e/ou Faturamento;Faturamento
491;FOR.204;Gestão à Vista - Acompanhamento de Trocas de Insumos e Limpeza das Máquinas - Tecnolens;;Tecnolens;Formulário;Vinicius Silva;;2024-06-28;2024-06-28;2026-06-29;2026-09-28;Sim;QUALIDADE;LIMPEZA
492;FOR.205;Alerta de Qualidade (AQ);;Solução de Problemas;Formulário;Nathália Brandão;;2024-08-01;2024-08-12;2026-08-12;2026-11-10;Sim;;
493;FOR.206;Verificação Lux - Caixa Preta;;Verificação Lux;Formulário;Nathália Brandão;;2024-08-16;2024-08-27;2026-08-27;2026-11-25;Sim;;
494;FOR.207;Verificação Lux - Lâmpada Waldmann;;Verificação Lux;Formulário;Nathália Brandão;;2024-08-16;2024-08-27;2026-08-27;2026-11-25;Sim;;
495;FOR.208;Retrabalho Diário - Tecnolens;;Tecnolens;Formulário;Ramon Gonçalves;;2024-09-03;2024-09-03;2025-09-03;2025-12-02;Sim;QUALIDADE;0
496;FOR.209;Automatic Calibration (Calibração Inspetor Referência);;Inspetor Referência;Formulário;Lucineide Pereira;;2024-09-09;2024-09-26;2025-09-26;2025-12-25;Sim;;
497;FOR.210;Identification Mapping lenses (Calibração Inspetor Referência);;Inspetor Referência;Formulário;Lucineide Pereira;;2024-09-09;2024-09-26;2025-09-26;2025-12-25;Sim;;
498;FOR.211;Carta de Esclarecimento - Lentes sem marcação FOG-ID;;Laudos;Formulário;Jessika Menacho;;2024-09-13;2024-09-18;2025-09-18;2025-12-17;Sim;;
499;FOR.212;Envio de Material para Cliente - Technopark;;Technopark;Formulário;Fabrina Souza;;2024-10-25;2024-11-01;2025-11-01;2026-01-30;Sim;;
500;FOR.213;Controle de Entrada de Materiais na Expedição - Technopark;;Technopark;Formulário;Fabrina Souza;;2024-10-25;2024-11-01;2025-11-01;2026-01-30;Sim;;
501;FOR.214;Aprovação de Perdas por Extravio e Testes de Qualidade - Technopark;;Technopark;Formulário;Fabrina Souza;;2025-02-20;2025-02-21;2026-02-21;2026-05-22;Sim;;
502;FOR.216;Gestão à Vista - Quebras individuais do Operador - Tecnolens;;Tecnolens;Formulário;Vinicius Silva;;2025-03-06;2025-03-13;2026-03-13;2026-06-11;Sim;QUALIDADE;0
503;FOR.217;CheckList Genérico - Tecnolens;;Tecnolens;Formulário;Vinicius Silva;;2025-03-06;2025-03-13;2026-03-13;2026-06-11;Sim;QUALIDADE;0
504;FOR.218;Start-Stop da Fábrica - Technopark;;Technopark;Formulário;Fabrina Souza;;2025-04-15;2025-08-25;2026-08-25;2026-11-23;Sim;;
505;FOR.219;Controle de Documentos EHS - Grown;;Grown;Formulário;Natalia Silva;;2025-05-30;2025-06-03;2026-06-03;2026-09-01;Sim;;
506;FOR.220;Calculadora Regeneração de Soda Cáustica;;Testes HC;Formulário;Leonardo Pennetta;3;2025-10-23;2025-10-31;2026-10-31;2027-01-29;Sim;;
507;FOR.221;Calculadora Regeneração  A1100;;Testes HC;Formulário;Leonardo Pennetta;1;2025-08-15;2025-08-28;2026-08-28;2026-11-26;Sim;;
508;FOR.223;Gestão à Vista - Troca de PADS - Tecnolens;;00-Geral;Formulário;Vinicius Silva;;2025-08-06;2025-09-12;2026-09-12;2026-12-11;Sim;SURFAÇAGEM;Polimento
509;FOR.224;Gestão à Vista - Troca de Membranas - Toroflex - Tecnolens;;Toroflex;Formulário;Vinicius Silva;;2025-08-06;2025-09-12;2026-09-12;2026-12-11;Sim;SURFAÇAGEM;Polimento
510;FOR.225;Reposição de Estoque - Tecnolens;;Tecnolens;Formulário;Vinicius Silva;;2025-08-06;2025-09-04;2026-09-04;2026-12-03;Sim;Estoque;Reposição de Estoque
511;FOR.226;Regeneração Raptex;;Testes HC;Formulário;Leonardo Pennetta;1;2025-08-19;2025-08-19;2026-08-19;2026-11-17;Sim;;
512;FOR.227;Lista de Softwares - Tecnolens;;Tecnolens;Formulário;Vinicius Silva;;2025-09-04;2025-09-12;2026-09-12;2026-12-11;Sim;QUALIDADE;TI
513;FOR.228;Relatório de Condição de ativo_Intenção de transferência Interna;;Português;Formulário;Victor Cardoso;4;2025-09-16;2025-09-16;2026-09-16;2026-12-15;Sim;;
514;FOR.229;Solicitação de Atualização do Plano de Manutenção Preventiva;;Português;Formulário;Victor Cardoso;1;2025-09-15;2025-09-23;2026-09-23;2026-12-22;Sim;;
515;FOR.230;Solicitud de Actualización del Plan de Mantenimiento Preventivo;;Español;Formulário;Victor Cardoso;;2025-09-09;2025-09-09;2026-09-09;2026-12-08;Sim;;
516;FOR.233;Plano de Manutenção Preventiva Ceditop;;Ceditop;Formulário;Leticia Santos;;2025-10-01;2025-10-01;2026-10-01;2026-12-30;Sim;;
517;FOR.234;Registro de Entrada ao EQC;;EQC;Formulário;Jessika Menacho;1;2025-10-07;2025-10-07;2026-10-07;2027-01-05;Sim;;
518;FOR.246;Regeneração: Químicos HC (Mithril 1.6);;00-Controle do Processo HMC;Formulário;Jessika Menacho;1;2025-10-27;2025-10-31;2026-10-31;2027-01-29;Sim;;
519;GEQC.01001;;;;;;;;;;;;;
520;GEQC.01002;;;;;;;;;;;;;
521;GEQC.01003;;;;;;;;;;;;;
522;GEQC.01004;;;;;;;;;;;;;
523;GEQC.01005;;;;;;;;;;;;;
524;GEQC.01006;;;;;;;;;;;;;
525;GEQC.01007;;;;;;;;;;;;;
526;GEQC.01008;;;;;;;;;;;;;
527;GEQC.01009;;;;;;;;;;;;;
528;GEQC.01010;;;;;;;;;;;;;
529;GEQC.01011;;;;;;;;;;;;;
530;GEQC.02011;;;;;;;;;;;;;
531;GEQC.03001;;;;;;;;;;;;;
532;GQS-POL.001;POLÍTICA DE CONFORMIDADE;;Políticas;Políticas de Qualidade;Taís Flores;1;2019-01-01;2019-04-01;2026-03-30;2026-06-28;Sim;;
533;GQS-POL.002;POLÍTICA DE GESTÃO DE REIVINDICAÇÕES DE PRODUTOS E SERVIÇOS;;Políticas;Políticas de Qualidade;Taís Flores;1;2018-04-02;2018-09-03;2026-05-27;2026-08-26;Sim;;
534;GQS-POL.003;POLÍTICA DE GESTÃO DE RISCOS;;Políticas;Políticas de Qualidade;Taís Flores;1;2019-10-01;2020-02-03;2026-02-01;2026-05-02;Sim;;
535;GQS-POL.004;POLÍTICA DE GESTÃO DE MUDANÇAS;;Políticas;Políticas de Qualidade;Taís Flores;1;2020-12-01;2021-02-01;2026-01-31;2026-05-01;Sim;;
536;GQS-POL.005;GESTÃO DE DOCUMENTAÇÃO;;Políticas;Políticas de Qualidade;Taís Flores;1;2021-06-14;2021-06-14;2026-06-13;2026-09-11;Sim;;
537;GQS-POL.006;POLÍTICA DE DESIGN E DESENVOLVIMENTO;;Políticas;Políticas de Qualidade;Taís Flores;1;2020-06-01;2020-08-03;2026-08-02;2026-10-31;Sim;;
538;GQS-POL.007;POLÍTICA DE VALIDAÇÃO ONE;;Políticas;Políticas de Qualidade;Taís Flores;2;2020-03-02;2021-02-01;2026-01-31;2026-05-01;Sim;;
539;GQS-POL.008;POLÍTICA DE ESPECIFICAÇÕES;;Políticas;Políticas de Qualidade;Taís Flores;1;2019-09-02;2021-06-14;2026-06-13;2026-09-11;Sim;;
540;GQS-POL.009;POLÍTICA DE GESTÃO DE MÉTODOS DE TESTE;;Políticas;Políticas de Qualidade;Taís Flores;2;2020-07-01;2020-12-01;2025-11-30;2026-02-28;Sim;;
541;GQS-POL.010;POLÍTICA DE FABRICAÇÃO;;Políticas;Políticas de Qualidade;Taís Flores;1;2020-02-03;2020-02-03;2026-02-01;2026-05-02;Sim;;
542;GQS-POL.011;IDENTIFICAÇÃO, RASTREABILIDADE e RECALL;;Políticas;Políticas de Qualidade;Taís Flores;1;2019-02-04;2019-07-01;2026-06-29;2026-09-27;Sim;;
543;GQS-POL.012;POLÍTICA DE PRESERVAÇÃO DE PRODUTOS;;Políticas;Políticas de Qualidade;Taís Flores;1;2020-04-01;2020-04-01;2026-03-31;2026-06-29;Sim;;
544;GQS-POL.013;POLÍTICA DE GESTÃO DE FORNECEDORES;;Políticas;Políticas de Qualidade;Taís Flores;1;2020-03-02;2020-04-01;2026-03-31;2026-06-29;Sim;;
545;GQS-POL.014;POLÍTICA DE FEEDBACK DE CLIENTES;;Políticas;Políticas de Qualidade;Taís Flores;1;2020-04-01;2020-04-01;2026-03-31;2026-06-29;Sim;;
546;GQS-POL.015;NÃO CONFORMIDADE - POLÍTICA DE AÇÕES CORRETIVAS E PREVENTIVAS;;Políticas;Políticas de Qualidade;Taís Flores;1;2019-10-01;2019-11-01;2025-10-30;2026-01-28;Sim;;
547;GQS-POL.016;POLÍTICA DE TREINAMENTO;;Políticas;Políticas de Qualidade;Taís Flores;1;2019-12-02;2020-02-03;2026-02-01;2026-05-02;Sim;;
548;GQS-POL.017;Política de Auditoria da Qualidade;;Políticas;Políticas de Qualidade;Taís Flores;1;2019-12-02;2020-02-03;2026-02-01;2026-05-02;Sim;;
549;GQS-POL.018;ANÁLISE POR PARTE DA ADMINISTRAÇÃO;;Políticas;Políticas de Qualidade;Taís Flores;1;2019-01-01;2019-04-01;2026-03-30;2026-06-28;Sim;;
550;MAN.001;;;;;;;;;;;;;
551;MAN.002;;;;;;;;;;;;;
552;MAN.003;;;;;;;;;;;;;
553;MAN.004;;;;;;;;;;;;;
554;MAN.005;;;;;;;;;;;;;
555;MAN.006;;;;;;;;;;;;;
556;MAN.007;;;;;;;;;;;;;
557;MAN.008;;;;;;;;;;;;;
558;MAN.009;;;;;;;;;;;;;
559;MAN.010;;;;;;;;;;;;;
560;MAN.011;;;;;;;;;;;;;
561;MAN.012;;;;;;;;;;;;;
562;MAN.013;;;;;;;;;;;;;
563;MAN.014;;;;;;;;;;;;;
564;MAN.015;;;;;;;;;;;;;
565;MAN.016;;;;;;;;;;;;;
566;MAN.017;;;;;;;;;;;;;
567;MAN.018;;;;;;;;;;;;;
568;MAN.019;;;;;;;;;;;;;
569;MAN.020;;;;;;;;;;;;;
570;MAN.021;;;;;;;;;;;;;
571;MAN.022;;;;;;;;;;;;;
572;MAN.023;;;;;;;;;;;;;
573;MAN.024;;;;;;;;;;;;;
574;MAN.025;;;;;;;;;;;;;
575;MAN.026;;;;;;;;;;;;;
576;MAN.027;;;;;;;;;;;;;
577;MAN.028;;;;;;;;;;;;;
578;MAN.029;;;;;;;;;;;;;
579;MAN.030;;;;;;;;;;;;;
580;MAN.031;;;;;;;;;;;;;
581;MAN.032;;;;;;;;;;;;;
582;MAN.033;;;;;;;;;;;;;
583;MAN.034;;;;;;;;;;;;;
584;MAN.035;ART Blocker A - Probe Station Calibration;;01-Manual do Fabricante;Manual Máquina;José Roberto;;2023-09-27;2023-09-27;2025-09-26;2025-12-25;Sim;;
585;MAN.036;ART Blocker A - Video Calibration;;01-Manual do Fabricante;Manual Máquina;José Roberto;;2023-09-27;2023-09-27;2025-09-26;2025-12-25;Sim;;
586;MAN.037;ART Blocker A - Dosing Unit Adjustment;;01-Manual do Fabricante;Manual Máquina;José Roberto;;2023-09-27;2023-09-27;2025-09-26;2025-12-25;Sim;;
587;MAN.038;ART Blocker A - Glue Position;;01-Manual do Fabricante;Manual Máquina;José Roberto;;2019-05-01;2019-05-01;2025-09-27;2025-12-27;Sim;;
588;MAN.039;ART Blocker A - Control of The Loading Force;;01-Manual do Fabricante;Manual Máquina;José Roberto;;2021-03-01;2021-03-01;2025-09-27;2025-12-27;Sim;;
589;MAN.040;ART Blocker - Productivity Increase;;01-Manual do Fabricante;Manual Máquina;José Roberto;;2017-06-01;2017-06-01;2025-09-27;2025-12-27;Sim;;
590;MAN.041;ART Blocker A - VCA Labels;;01-Manual do Fabricante;Manual Máquina;José Roberto;;2019-07-05;2019-07-05;2025-09-27;2025-12-27;Sim;;
591;MAN.042;ART Blocker - Remplacement de la Colle;;01-Manual do Fabricante;Manual Máquina;José Roberto;;2019-01-01;2019-01-01;2025-09-27;2025-12-27;Sim;;
592;MAN.043;ART Blocker A - Parameters;;01-Manual do Fabricante;Manual Máquina;José Roberto;;2022-03-01;2022-03-01;2025-09-27;2025-12-27;Sim;;
593;MAN.044;ART Blocker A - Maintenance;;01-Manual do Fabricante;Manual Máquina;José Roberto;;2023-09-27;2023-09-27;2025-09-26;2025-12-25;Sim;;
594;MAN.045;;;;;;;;;;;;;
595;MAN.046;ART Blocker - Installation Requirements;;01-Manual do Fabricante;Manual Máquina;José Roberto;1;2013-11-06;2013-11-06;2025-09-27;2025-12-27;Sim;;
596;MAN.047;;;;;;;;;;;;;
597;MAN.048;VFT Orbit 2 - All Format Generator;;01-Manual do Fabricante;Manual Máquina;José Roberto;;2023-09-28;2023-09-28;2025-09-27;2025-12-26;Sim;;
598;MAN.049;ART Deblocker - Alinhamento de Máquinas, Calibração e Ensino de Eixos;;01-Manual do Fabricante;Manual Máquina;José Roberto;1;2020-12-17;2020-12-17;2025-11-22;2026-02-22;Sim;;
599;MAN.050;ART Deblocker - Block Piece Controller;;01-Manual do Fabricante;Manual Máquina;José Roberto;;2023-11-22;2023-11-22;2025-11-21;2026-02-19;Sim;;
600;MAN.051;ART Deblocker - Clamping Force Rapid Test;;01-Manual do Fabricante;Manual Máquina;José Roberto;;2022-10-01;2022-10-01;2025-09-23;2025-12-20;Sim;;
601;MAN.052;ART Deblocker - Maintenance;;01-Manual do Fabricante;Manual Máquina;José Roberto;;2020-02-05;2020-02-05;2025-11-22;2026-02-21;Sim;;
602;MAN.053;ART Deblocker - Instructions de Montage et de Service pour Installations de Réfrigération;;01-Manual do Fabricante;Manual Máquina;José Roberto;1;2018-09-24;2018-09-24;2025-09-24;2025-12-23;Sim;;
603;MAN.054;ART Deblocker - Machine Settings;;01-Manual do Fabricante;Manual Máquina;José Roberto;;2018-01-01;2018-01-01;2025-11-22;2026-02-21;Sim;;
604;MAN.055;ART Deblocker - Maintenance Operations;;01-Manual do Fabricante;Manual Máquina;José Roberto;;2021-02-10;2021-02-10;2025-11-22;2026-02-21;Sim;;
605;MAN.056;ART Deblocker - Mapa;;01-Manual do Fabricante;Manual Máquina;José Roberto;;2023-11-22;2023-11-22;2025-11-21;2026-02-19;Sim;;
606;MAN.057;ART Deblocker - Nozzle jet Control for Essilor;;01-Manual do Fabricante;Manual Máquina;José Roberto;;2023-11-22;2023-11-22;2025-11-21;2026-02-19;Sim;;
607;MAN.058;ART Deblocker - Parameters;;01-Manual do Fabricante;Manual Máquina;José Roberto;;2021-12-01;2021-12-01;2025-12-01;2026-03-01;Sim;;
608;MAN.059;ART Deblocker M - Maintenance;;01-Manual do Fabricante;Manual Máquina;José Roberto;;2023-11-22;2023-11-22;2025-11-21;2026-02-19;Sim;;
609;MAN.060;AutoMapper - User Manual;;01-Manual do Fabricante;Manual Máquina;José Roberto;1;2014-11-01;2014-11-01;2025-11-22;2026-02-21;Sim;;
610;MAN.061;Fitadeira - Automatic Surface Tape Applicator (ASTA);;01-Manual do Fabricante;Manual Máquina;José Roberto;2;2003-02-18;2003-02-18;2025-11-23;2026-02-24;Sim;;
611;MAN.062;Fitadeira - Maintenance for the ASTA;;01-Manual do Fabricante;Manual Máquina;José Roberto;;2023-11-23;2023-11-23;2025-11-22;2026-02-20;Sim;;
612;MAN.063;Flash UV - Family Wavelenght 266 nm;;01-Manual do Fabricante;Manual Máquina;José Roberto;;2023-11-23;2023-11-23;2025-11-22;2026-02-20;Sim;;
613;MAN.064;PRA - Adjust the Blocking Height;;01-Manual do Fabricante;Manual Máquina;José Roberto;;2023-11-23;2023-11-23;2025-11-22;2026-02-20;Sim;;
614;MAN.065;CB Bond E - Manual de Operação;;01-Manual do Fabricante;Manual Máquina;Marcelo Bastos;;2024-09-19;2024-09-19;2025-09-19;2025-12-18;Sim;;
615;MAN.066;CCL C Mark - Manual de Operação;;01-Manual do Fabricante;Manual Máquina;Marcelo Bastos;;2024-09-19;2024-09-19;2025-09-19;2025-12-18;Sim;;
616;MAN.067;CCP Swiff - Manual de Operação;;01-Manual do Fabricante;Manual Máquina;Marcelo Bastos;;2024-09-19;2024-09-19;2025-09-19;2025-12-18;Sim;;
617;MAN.068;High Speed Cutting Machine HSC Sprint - Manual de Utilização;;01-Manual do Fabricante;Manual Máquina;Marcelo Bastos;1;2024-09-19;2024-09-19;2025-09-19;2025-12-18;Sim;;
618;MAQ.002;Manual da Qualidade;;Qualidade;Manual da Qualidade;Nathália Brandão;10;2024-09-02;2024-09-04;2025-09-04;2025-12-03;Sim;QUALIDADE;QUALIDADE
619;PCP.043;PCP - Finishing español;;Espanhol;Parâmetros e Controle de Processos;Edgar Casallas;8;2024-07-04;2024-07-08;2026-07-08;2026-10-07;Sim;;
620;PCP.045;PCP - Finishing português;;Português;Parâmetros e Controle de Processos;Edgar Casallas;8;2024-07-04;2024-07-08;2026-07-08;2026-10-07;Sim;;
621;PCP.048;PCP Mithril 1.6 D645;;01-PCP;Parâmetros e Controle de Processos;Leonardo Pennetta;10;2025-03-20;2025-05-12;2026-05-12;2026-08-10;Sim;;
622;PCP.049;PCP Surfacing Process Rx;;PCP;Parâmetros e Controle de Processos;Alessandro Barros;15;2025-03-05;2025-03-13;2026-03-13;2026-06-11;Sim;;
623;PCP.054;PCP Mithril 1.6 Rx SCL Machines;;01-PCP;Parâmetros e Controle de Processos;Leonardo Pennetta;9;2024-04-17;2025-05-12;2026-05-12;2026-08-10;Sim;;
624;PCP.055;PCP Mithril 1.6 Rx D Machines;;01-PCP;Parâmetros e Controle de Processos;Leonardo Pennetta;22;2025-03-20;2025-05-12;2026-05-12;2026-08-10;Sim;;
625;PCP.056;PCP - Finishing - Inglês;;Inglês;Parâmetros e Controle de Processos;Edgar Casallas;8;2024-07-04;2024-07-08;2026-07-08;2026-10-07;Sim;;
626;PCP.057;PCP Mithril 1.5 CCM;;01-PCP;Parâmetros e Controle de Processos;Carlos Anselme;1;2024-04-19;2024-11-25;2025-11-25;2026-02-23;Sim;;
627;PCP.058;PCP - Spin MRIII;;PCP;Parâmetros e Controle de Processos;Leonardo Pennetta;;2025-04-10;2025-05-12;2026-05-12;2026-08-10;Sim;;
628;POP.076;Preparação de Químicos - DSX e SP;;00-Geral AR;Procedimento Operacional Padrão;Aluney Junior;7;2023-10-16;2024-02-28;2026-02-27;2026-05-28;Sim;HMC;Antirreflexo
629;POP.080;ACOMPANHAMENTO DO PROCESSO;;380;Procedimento Operacional Padrão;Vagner Domingos;2;2019-02-22;2019-02-22;2026-07-03;2026-10-02;Sim;HMC;Antirreflexo
630;POP.087;Manual Operacional - Satisloh MC 380;;380;Procedimento Operacional Padrão;Francisco Glauber;3;2023-05-18;2023-07-17;2026-07-16;2026-10-15;Sim;HMC;Antirreflexo
631;POP.088;Limpeza e Manutenção - Satisloh MC 380;;380;Procedimento Operacional Padrão;Francisco Glauber;5;2023-05-18;2024-03-18;2025-03-18;2026-09-18;Sim;HMC;Antirreflexo
632;POP.089;;;;;;;;;;;;;
633;POP.1000;Manual Operacional - Certificação e Faturamento da Expedição - Visolab;;Visolab;Procedimento Operacional Padrão;Jaldo Reis;;2023-12-01;2024-01-22;2026-01-21;2026-04-21;Sim;;
634;POP.1001;Manual Operacional - Produtos e Insumos Não Conforme - Visolab;;Visolab;Procedimento Operacional Padrão;Evany Rabelo;2;2025-06-11;2025-06-23;2026-06-23;2026-09-21;Sim;;
635;POP.1002;Manual Operacional - Rastreabilidade de pedidos - Visolab;;Visolab;Procedimento Operacional Padrão;Jaldo Reis;1;2024-04-16;2024-04-17;2026-04-17;2026-07-16;Sim;;
636;POP.1003;Manual Operacional - Casamento de Armação - Visolab;;Visolab;Procedimento Operacional Padrão;Jaldo Reis;1;2024-04-17;2024-04-18;2026-04-17;2026-07-17;Sim;;
637;POP.1004;Manual Operacional - Rastreabilidade de Produtos - Laboratório Sumaré;;Sumaré Laboratório;Procedimento Operacional Padrão;Denise Miranda;;2023-12-15;2023-12-18;2025-12-17;2026-03-17;Sim;;
638;POP.1005;Calibração Operacional - ProMapper;;ProMapper;Procedimento Operacional Padrão;Renan Barbosa;;2023-12-18;2023-12-18;2025-12-17;2026-03-17;Sim;SURFAÇAGEM;Conferência
639;POP.1006;Monitoramento de Realimentação do Cliente - Sumaré Laboratório;;Sumaré Laboratório;Procedimento Operacional Padrão;Rafael Medeiros;;2023-12-18;2023-12-18;2025-12-17;2026-03-17;Sim;;
640;POP.1007;Manual Operacional - Focovision SPV-3;;Focovision;Procedimento Operacional Padrão;Renan Barbosa;;2024-01-03;2024-01-04;2026-01-03;2026-04-03;Sim;;
641;POP.1012;Monitoramento de Realimentação do Cliente - Visolab;;Visolab;Procedimento Operacional Padrão;Jaldo Reis;1;2024-08-19;2024-08-19;2026-08-19;2026-11-17;Sim;;
642;POP.1013;Verificação ProMapper - Lentes Mineral;;ProMapper;Procedimento Operacional Padrão;Pauline Gomez;;2024-01-29;2024-02-02;2026-02-01;2026-05-02;Sim;SURFAÇAGEM;Conferência
643;POP.1014;Manual Operacional - Lapidação de Lentes - Repro;;Repro;Procedimento Operacional Padrão;Laura Vaz;;2024-01-31;2024-03-18;2026-05-20;2026-08-20;Sim;;
644;POP.1015;Manual Operacional - Liberação de Lentes Prontas e Blocos do Estoque - Visolab;;Visolab;Procedimento Operacional Padrão;Jaldo Reis;1;2024-08-15;2024-08-15;2026-08-14;2026-11-12;Sim;;
645;POP.1016;Manual Operacional - Aprovação e Cancelamento de Pedidos - Visolab;;Visolab;Procedimento Operacional Padrão;Jaldo Reis;;2024-01-31;2024-02-09;2026-02-08;2026-05-09;Sim;;
646;POP.1017;Manual Operacional - Spin Coat Tool;;05-SPIN;Procedimento Operacional Padrão;Jaldo Reis;;2024-01-31;2024-03-18;2025-03-18;2026-09-18;Sim;;
647;POP.1018;Manual Operacional - Abertura de Perdas Interna da Produção - Grown;;Grown;Procedimento Operacional Padrão;Priscila Souza;2;2025-05-16;2025-06-16;2026-06-16;2026-09-14;Sim;;
648;POP.1019;Teste de Viscosidade - Automático com Brookfield DVPLUS;;Testes HC;Procedimento Operacional Padrão;Jessika Menacho;;2024-01-31;2024-02-02;2025-02-01;2026-02-12;Sim;;
649;POP.1020;Manual Operacional - Estoque Atacado - Grown;;Grown;Procedimento Operacional Padrão;João Sales;;2024-02-02;2024-02-19;2026-02-18;2026-05-19;Sim;;
650;POP.1021;Manual Operacional - Recebimento e Armazenamento - Grown;;Grown;Procedimento Operacional Padrão;João Sales;;2024-02-02;2024-02-19;2026-02-18;2026-05-19;Sim;;
651;POP.1024;Manual Operacional - Abertura da requisição de quebra - Visolab;;Visolab;Procedimento Operacional Padrão;Jaldo Reis;;2024-02-21;2024-02-21;2026-02-20;2026-05-21;Sim;;
652;POP.1025;Manual Operacional - Consultoria - Visolab;;Visolab;Procedimento Operacional Padrão;Jaldo Reis;;2024-02-26;2024-04-01;2026-06-30;2026-09-29;Sim;;
653;POP.1028;Manual Operacional - Emissão de Carta de Correção - Sumaré CD;;Sumaré CD;Procedimento Operacional Padrão;Erika Fagundes;1;2025-05-14;2025-05-15;2026-05-15;2026-08-13;Sim;;
654;POP.1029;Manual Operacional - Entrada de pedidos na Montagem - Optilab;;Optilab;Procedimento Operacional Padrão;Nickolle Rodrigues;1;2025-04-23;2025-04-29;2026-04-29;2026-07-28;Sim;;
655;POP.1030;Manual Operacional - Inspeção de Saída do HC - LabRio;;00-Geral HC;Procedimento Operacional Padrão;Renan Barbosa;;2024-02-27;2024-04-02;2026-06-09;2026-09-08;Sim;;
656;POP.1031;Manual Operacional - Expedição de Vernizes e Primers - CD Caxias;;Caxias CD;Procedimento Operacional Padrão;Miguel Soares Lima;1;2024-10-01;2024-10-01;2025-10-01;2025-12-30;Sim;;
657;POP.1032;Manual Operacional - Produto Não Conforme - Sumaré CD;;Sumaré CD;Procedimento Operacional Padrão;Denise Miranda;1;2025-02-18;2025-07-14;2026-07-14;2026-10-12;Sim;;
658;POP.1033;Calibração Operacional - Focovision SPV-3;;Focovision;Procedimento Operacional Padrão;Renan Barbosa;;2024-03-01;2024-03-05;2026-06-09;2026-09-08;Sim;;
659;POP.1035;Manual Operacional - Medidor e Descarte - Block Piece;;01-Preparação;Procedimento Operacional Padrão;Jesse Rodrigues;;2024-03-04;2024-03-05;2026-06-09;2026-09-08;Sim;;
660;POP.1037;Manual Operacional - Etiqueta de Identificação da Nota Fiscal - Sumaré CD;;Sumaré CD;Procedimento Operacional Padrão;Denise Miranda;1;2025-05-14;2025-05-15;2026-05-15;2026-08-13;Sim;;
661;POP.1038;Manual Operacional - Entrada de Pedidos da Montagem - Grown;;Grown;Procedimento Operacional Padrão;Priscila Souza;;2024-03-11;2024-03-12;2026-05-22;2026-08-21;Sim;;
662;POP.1039;Manual Operacional - Spin MiniII;;05-SPIN;Procedimento Operacional Padrão;Nickolle Rodrigues;;2024-03-11;2024-04-17;2026-04-17;2026-07-16;Sim;;
663;POP.104;;;;;;;;;;;;;
664;POP.1040;Manutenção Preventiva - Promapper;;Português;Procedimento Operacional Padrão;Rodrigo Brandão;;2024-03-21;2024-04-09;2026-04-09;2026-07-08;Sim;;
665;POP.1041;Limpeza e Manutenção - Porta Blocos;;00-Geral;Procedimento Operacional Padrão;Pauline Gomez;;2024-03-26;2024-04-08;2026-07-07;2026-10-06;Sim;SURFAÇAGEM;Blocagem
666;POP.1042;Limpieza y Mantenimiento - Chapetas de Bloqueadora;;00-General;Procedimento Operacional Padrão;Pauline Gomez;;2024-03-26;2024-04-08;2026-07-07;2026-10-06;Sim;;
667;POP.1044;Manual Operacional - Inspeção de Porta Bloco;;00-Geral;Procedimento Operacional Padrão;Pauline Gomez;;2024-03-26;2024-07-10;2026-07-10;2026-10-09;Sim;SURFAÇAGEM;Blocagem
668;POP.1046;Manual Operacional - Reenvio de XML - Faturamento - Sumaré CD;;Sumaré CD;Procedimento Operacional Padrão;Denise Miranda;1;2025-05-15;2025-05-15;2026-05-15;2026-08-13;Sim;;
669;POP.1047;Manual Operacional - Fluxo de Pedidos - Grown;;Grown;Procedimento Operacional Padrão;Rodrigo Silva;1;2025-02-05;2025-02-12;2026-02-12;2026-05-13;Sim;;
670;POP.1048;Manual Operacional - Fluxo dos Pedidos HMC - Grown;;Grown;Procedimento Operacional Padrão;Marcia Alves;2;2025-02-05;2025-02-12;2026-02-12;2026-05-13;Sim;;
671;POP.1049;Manual Operacional - Extração de Relatório no Hodie para Controle de NF - Sumaré CD;;Sumaré CD;Procedimento Operacional Padrão;Denise Miranda;1;2025-05-15;2025-05-15;2026-05-15;2026-08-13;Sim;;
672;POP.105;Manual Operacional - Estufa Memmert;;04-Cura;Procedimento Operacional Padrão;Taís Flores;7;2022-03-18;2022-03-21;2026-06-19;2026-09-18;Sim;HMC;Forno / Estufa
673;POP.1050;Manual Operacional - Casamento de Nota Fiscal x Produto Faturado - Sumaré CD;;Sumaré CD;Procedimento Operacional Padrão;Denise Miranda;1;2025-07-07;2025-07-14;2026-07-14;2026-10-12;Sim;;
674;POP.1051;Manual Operacional - Lente de Gabarito para Polimento;;00-Geral;Procedimento Operacional Padrão;Renato Dias;;2024-04-05;2024-04-05;2026-04-06;2026-07-06;Sim;;
675;POP.1052;Manual Operacional - Backup de Máquinas Satisloh;;00-Geral SURFACE;Procedimento Operacional Padrão;José Roberto;;2024-04-08;2024-07-10;2026-07-10;2026-10-09;Sim;;
676;POP.1053;Manual Operacional - Cortesia Voucher PPE - Grown;;Grown;Procedimento Operacional Padrão;Ronald Witzke;;2024-04-10;2024-04-12;2026-04-13;2026-07-13;Sim;;
677;POP.1054;Manual Operacional - Procedimento de Testes Para Novos Blocos - Grown;;Grown;Procedimento Operacional Padrão;Michel Vieira;;2024-04-10;2024-04-12;2026-04-13;2026-07-13;Sim;;
678;POP.1057;Manual Operacional - Comunicação com o Cliente - Visolab;;Visolab;Procedimento Operacional Padrão;Jaldo Reis;;2024-04-18;2024-04-18;2026-04-17;2026-07-17;Sim;;
679;POP.1058;Manual Operacional - Inspeção de Saída do HC - Visolab;;00-Geral HC;Procedimento Operacional Padrão;Jaldo Reis;;2024-04-19;2024-04-19;2026-04-20;2026-07-20;Sim;;
680;POP.1059;Manual Operacional - Aplicação de Tratamento em Blocos - Visolab;;Visolab;Procedimento Operacional Padrão;Jaldo Reis;;2024-04-19;2024-04-19;2026-04-20;2026-07-20;Sim;;
681;POP.106;Limpeza e Manutenção - Estufa Memmert;;04-Cura;Procedimento Operacional Padrão;Lucineide Pereira;5;2022-03-18;2022-03-21;2025-03-21;2026-09-18;Sim;HMC;Forno / Estufa
682;POP.1060;Manual Operacional - Indicadores do Engeman - Visolab;;Visolab;Procedimento Operacional Padrão;Jaldo Reis;;2024-04-19;2024-04-19;2026-04-20;2026-07-20;Sim;;
683;POP.1061;Manual Operacional - Faturamento da Expedição - Lab Rio;;LabRio;Procedimento Operacional Padrão;Samira Amaro;;2024-04-22;2024-05-08;2026-05-08;2026-08-07;Sim;;
684;POP.1064;Manual Operacional - Emissão Minutas de Embarque - Sumaré CD;;Sumaré CD;Procedimento Operacional Padrão;Denise Miranda;1;2025-07-08;2025-07-14;2026-07-14;2026-10-12;Sim;;
685;POP.1065;Manual Operacional - Emissão de Romaneio na Plataforma Hodie - Sumaré CD;;Sumaré CD;Procedimento Operacional Padrão;Denise Miranda;1;2025-05-14;2025-05-15;2026-05-15;2026-08-13;Sim;;
686;POP.1066;Manual Operacional - Operação do Varilux XR - Visolab;;Visolab;Procedimento Operacional Padrão;Jaldo Reis;;2024-05-17;2024-06-05;2026-06-05;2026-09-04;Sim;;
687;POP.1067;Calibración Operativa - Angulo de Prisma - PRA;;PRA;Procedimento Operacional Padrão;Pauline Gomez;;2024-05-22;2024-07-10;2026-07-10;2026-10-09;Sim;;
688;POP.1068;Manual Operacional - Compra de Matéria-Prima - Grown;;Grown;Procedimento Operacional Padrão;João Sales;;2024-06-03;2024-06-06;2026-06-05;2026-09-04;Sim;;
689;POP.1069;Calibración Operativa - Perpendicularidad - VFT Orbti 1;;VFT Orbit 1;Procedimento Operacional Padrão;Pauline Gomez;2;2024-08-23;2024-09-19;2025-09-19;2025-12-18;Sim;;
690;POP.107;Controle de Parâmetros -  Estufa Memmert;;04-Cura;Procedimento Operacional Padrão;Marília Novais;4;2022-10-06;2023-10-03;2025-10-02;2025-12-31;Sim;HMC;Forno / Estufa
691;POP.1070;Manual Operacional - Abertura de chamados no Engeman - Visolab;;Visolab;Procedimento Operacional Padrão;Jaldo Reis;;2024-06-18;2024-07-01;2026-07-01;2026-09-30;Sim;;
692;POP.1071;Manual Operacional - Blocadora Weco C6;;Outros;Procedimento Operacional Padrão;Evany Rabelo;;2024-06-21;2025-11-11;2026-11-11;2027-02-09;Sim;;
693;POP.1072;Manual Operacional - Produto Não Conforme - Repro;;Repro;Procedimento Operacional Padrão;Laura Vaz;1;2025-11-21;2025-11-24;2026-11-24;2027-02-22;Sim;;
694;POP.1073;Manual Operacional - Compra e Recebimento de Blocos e Lentes - Tecnolens;;Tecnolens;Procedimento Operacional Padrão;Vinicius Silva;;2024-07-19;2024-07-23;2026-07-23;2026-10-22;Sim;RECEBIMENTO;"Recebimento
Blocos e Lentes"
695;POP.1075;Manual Operacional - Estoque de Blocos (FIFO) - Grown;;Grown;Procedimento Operacional Padrão;Rubens Paixão;1;2025-10-24;2025-11-07;2026-11-07;2027-02-05;Sim;;
696;POP.1076;Manual Operacional - Embalagem dos Serviços da Montagem - Grown;;Grown;Procedimento Operacional Padrão;Priscila Souza;;2024-07-25;2024-08-06;2026-08-06;2026-11-04;Sim;;
697;POP.1078;Manual Operacional - Elaboração e Revisão de Documentos;;11-APRENDIZAGEM QUALIEX;Procedimento Operacional Padrão;Nathália Brandão;;2024-08-07;2024-08-27;2026-08-27;2026-11-25;Sim;;
698;POP.1079;Manual Operacional Pré-Inspeção (Repro);;01-Pré-Inspeção - Preparação;Procedimento Operacional Padrão;Larissa Alves;;2024-08-07;2024-08-07;2026-08-07;2026-11-05;Sim;;
699;POP.108;Manual Operacional - Forno Essemtec;;04-Cura;Procedimento Operacional Padrão;Taís Flores;3;2020-09-23;2021-01-04;2025-10-27;2025-12-27;Sim;HMC;Forno / Estufa
700;POP.1080;Manual Operacional Pré-Inspeção (Visolab);;01-Pré-Inspeção - Preparação;Procedimento Operacional Padrão;Jaldo Reis;;2024-08-08;2024-08-12;2026-08-12;2026-11-10;Sim;;
701;POP.1081;Manual Operacional - Inspeção Final - Visolab;;09-Inspeção Final;Procedimento Operacional Padrão;Jaldo Reis;;2024-08-08;2024-08-12;2026-08-12;2026-11-10;Sim;;
702;POP.1082;Manual Operacional - Embalagem de Lentes - Visolab;;Visolab;Procedimento Operacional Padrão;Jaldo Reis;;2024-08-15;2024-08-15;2026-08-14;2026-11-12;Sim;;
703;POP.1083;Manual Operacional - Verificação Lux;;Verificação Lux;Procedimento Operacional Padrão;Nathália Brandão;;2024-08-16;2024-08-27;2026-08-27;2026-11-25;Sim;QUALIDADE;CALIBRAÇÃO
704;POP.1084;Calibracion Operativa - Laser Flash UV;;Laser Flash UV;Procedimento Operacional Padrão;Nathália Brandão;;2024-09-03;2024-09-18;2025-09-18;2025-12-17;Sim;;
705;POP.1085;Calibração Operacional - Laser Flash UV;;Laser Flash UV;Procedimento Operacional Padrão;Marcelo Bastos;;2024-09-05;2024-09-18;2025-09-18;2025-12-17;Sim;;
706;POP.1086;Manual Operacional - Calibração do Inspetor Referência;;Inspetor Referência;Procedimento Operacional Padrão;Lucineide Pereira;;2024-09-09;2024-09-26;2025-09-26;2026-12-25;Sim;;
707;POP.1087;Calibração Operacional - Perpendicularidade - VFT Orbit 1;;VFT Orbit 1;Procedimento Operacional Padrão;Robson Azevedo;;2024-09-16;2024-09-18;2025-09-18;2025-12-17;Sim;;
708;POP.1088;Manual Operacional - Devolução - Sumaré CD;;Sumaré CD;Procedimento Operacional Padrão;Nathália Brandão;;2024-09-16;2024-09-16;2025-09-16;2025-12-15;Sim;;
709;POP.1089;Manual Operacional - Triagem de Pedidos da Expedição e Faturamento do Sedex - Grown;;Grown;Procedimento Operacional Padrão;Luis Felipe;;2024-09-27;2024-10-14;2025-10-14;2026-01-12;Sim;;
710;POP.109;Manual Operacional - Forno Dima;;04-Cura;Procedimento Operacional Padrão;Christiano Silva;4;2023-05-17;2023-07-17;2026-07-16;2026-10-15;Sim;HMC;0
711;POP.1090;Manual Operacional - Importação de Pedidos da Expedição - Grown;;Grown;Procedimento Operacional Padrão;Luis Felipe;;2024-09-27;2024-10-14;2025-10-14;2026-01-12;Sim;;
712;POP.1091;Manual Operacional - Higienização da Câmara de Trabalho (VFT Orbit 1 e 2) - Technopark;;Technopark;Procedimento Operacional Padrão;Rodrigo Brandão;;2024-10-01;2024-10-21;2025-10-21;2026-01-19;Sim;;
713;POP.1092;Manual Operacional - Pós-Vendas - Ceditop;;Ceditop;Procedimento Operacional Padrão;Giovana Sturmer;1;2025-09-09;2025-09-27;2026-09-27;2026-12-26;Sim;;
714;POP.1095;Manual Operacional - Chamado de Compras Opex - Repro;;Repro;Procedimento Operacional Padrão;Debora Rocha;;2024-10-25;2024-10-28;2025-10-28;2026-01-26;Sim;;
715;POP.1096;Manual Operacional - Lançamento de Notas Fiscais (Garantia, Beneficiário e Simples remessa) - Grown;;Grown;Procedimento Operacional Padrão;Maisa Silva;;2024-10-29;2024-11-04;2025-11-04;2026-02-02;Sim;;
716;POP.1097;Manual Operacional Pré-Inspeção (Grown);;01-Pré-Inspeção - Preparação;Procedimento Operacional Padrão;Bruno Cangussu;1;2025-02-12;2025-02-12;2026-02-12;2026-05-13;Sim;;
717;POP.1098;Manual Operacional - Detector de UV Martinato AM-221N;;04-COLORAÇÃO;Procedimento Operacional Padrão;Renan Barbosa;;2024-10-29;2024-11-08;2025-11-08;2026-02-06;Sim;;
718;POP.1099;Manual Operacional - Estoque de Lentes Prontas (FIFO) - Grown;;Grown;Procedimento Operacional Padrão;Matheus Gomes;;2024-10-31;2024-11-04;2025-11-04;2026-02-02;Sim;;
719;POP.1100;Calibração Operacional - VFT Orbit 2i;;VFT Orbit 2i;Procedimento Operacional Padrão;Robson Azevedo;;2024-10-31;2024-11-18;2025-11-18;2026-02-16;Sim;;
720;POP.1102;Manual Operacional - Operação do Varilux XR - Grown;;Grown;Procedimento Operacional Padrão;Natalia Silva;1;2025-03-11;2025-03-25;2026-03-25;2026-06-23;Sim;;
721;POP.1103;Manual Operacional - Criação de Local de Estoques de Blocos e Lentes Prontas - Grown;;Grown;Procedimento Operacional Padrão;Rodrigo Silva;;2024-12-13;2025-01-13;2026-01-13;2026-04-13;Sim;;
722;POP.1104;Manual Operacional - Ajuste de Saldo - Grown;;Grown;Procedimento Operacional Padrão;Rodrigo Silva;;2024-12-13;2025-01-13;2026-01-13;2026-04-13;Sim;;
723;POP.1105;Manual Operacional – Conferência de Montagem com Gabarito – Repro;;Repro;Procedimento Operacional Padrão;Anderson Smaniotto;;2024-12-19;2024-12-26;2025-12-26;2026-03-26;Sim;;
724;POP.1106;Manual Operacional - Inventário de Estoques - Grown;;Grown;Procedimento Operacional Padrão;Rodrigo Silva;;2024-12-24;2025-01-13;2026-01-13;2026-04-13;Sim;;
725;POP.1107;Manual Operacional - Processos e Relatórios de Garantia - Visolab;;Visolab;Procedimento Operacional Padrão;Jaldo Reis;;2025-01-10;2025-02-17;2026-02-17;2026-05-18;Sim;;
726;POP.1108;Manual Operacional - Fluxo de Entrada de Material na Expedição - Technopark;;Technopark;Procedimento Operacional Padrão;Fabrina Souza;;2025-01-13;2025-02-21;2026-02-21;2026-05-22;Sim;;
727;POP.1109;Manual Operacional - Ações Preventivas e Corretivas Laser Flash UV - Technopark;;Technopark;Procedimento Operacional Padrão;Fabrina Souza;1;2025-08-19;2025-09-05;2026-09-05;2026-12-04;Sim;;
728;POP.111;Limpeza do Forno DIMA;;04-Cura;Procedimento Operacional Padrão;Carlos Anselme;4;2019-12-03;2019-12-10;2025-09-10;2025-12-10;Sim;HMC;0
729;POP.1110;Manual Operacional - Aprovação de quebra - Technopark;;Technopark;Procedimento Operacional Padrão;Fabrina Souza;;2025-01-13;2025-02-21;2026-02-21;2026-05-22;Sim;;
730;POP.1112;Manual Operacional – Limpeza de Pipeta - Repro;;Repro;Procedimento Operacional Padrão;Laura Vaz;;2025-01-31;2025-02-04;2026-02-04;2026-05-05;Sim;;
731;POP.1113;Manual Operacional - Inventário de Estoque - digiTOP;;digiTOP;Procedimento Operacional Padrão;Nickolle Rodrigues;;2025-02-11;2025-02-14;2026-02-14;2026-05-15;Sim;;
732;POP.1114;Calibração Operacional - Spin MRIII;;05-SPIN;Procedimento Operacional Padrão;Renan Barbosa;;2025-02-17;2025-02-20;2026-02-20;2026-05-21;Sim;;
733;POP.1115;Manual Operacional - Mapa de Produção Industrial - Tecnolens;;Tecnolens;Procedimento Operacional Padrão;Vinicius Silva;;2025-02-19;2025-03-05;2026-03-05;2026-06-03;Sim;QUALIDADE;TI
734;POP.1118;Manual Operacional - Montagem de Garra - SCL CDC1000;;01-Pré-Inspeção - Preparação;Procedimento Operacional Padrão;Larissa Alves;;2025-02-26;2025-07-09;2026-07-09;2026-10-07;Sim;;
735;POP.1119;Manual Operacional - Certificação de Pedidos - Grown;;Grown;Procedimento Operacional Padrão;Luis Felipe;1;2025-10-21;2025-11-05;2026-11-05;2027-02-03;Sim;;
736;POP.112;Manutenção do Forno Dima;;04-Cura;Procedimento Operacional Padrão;Robson Soares;3;2019-11-27;2019-12-13;2025-09-10;2025-12-10;Sim;HMC;0
737;POP.1120;Requisição de Insumos - digiTOP;;digiTOP;Procedimento Operacional Padrão;Nickolle Rodrigues;;2025-03-13;2025-03-17;2026-03-17;2026-06-15;Sim;;
738;POP.1121;Manual Operacional - Conferência Final da Surfaçagem - Grown;;Grown;Procedimento Operacional Padrão;Silvio Silva;;2025-03-17;2025-05-08;2026-05-08;2026-08-06;Sim;;
739;POP.1122;Manual Operacional - Armazenamento de blocos e lentes no estoque - Visolab;;Visolab;Procedimento Operacional Padrão;Jaldo Reis;;2025-03-18;2025-05-02;2026-05-02;2026-07-31;Sim;;
740;POP.1124;Procedimento Ordem de Serviço - Fracttal;;00-Fracttal;Procedimento Operacional Padrão;Rodrigo Brandão;;2025-04-29;2025-06-09;2026-06-09;2026-09-07;Sim;;
741;POP.1125;Manual Operacional - Lançamentos de Notas Fiscais (Tratamento Antirreflexo) - digiTOP;;digiTOP;Procedimento Operacional Padrão;Nickolle Rodrigues;;2025-04-30;2025-05-07;2026-05-07;2026-08-05;Sim;;
742;POP.1126;Manual Operacional - Inspeção Final - Grown;;09-Inspeção Final;Procedimento Operacional Padrão;Silvio Silva;;2025-04-30;2025-07-10;2026-07-10;2026-10-08;Sim;;
743;POP.1127;Manual Operacional - Armazenagem - Sumaré CD;;Sumaré CD;Procedimento Operacional Padrão;Denise Miranda;1;2025-05-16;2025-06-17;2026-06-17;2026-09-15;Sim;;
744;POP.1128;Manual Operacional - Embalagem - Sumaré CD;;Sumaré CD;Procedimento Operacional Padrão;Denise Miranda;1;2025-07-10;2025-07-14;2026-07-14;2026-10-12;Sim;;
745;POP.1129;Manual Operacional - Etiqueta de Identificação Exportação - Sumaré CD;;Sumaré CD;Procedimento Operacional Padrão;Denise Miranda;;2025-05-14;2025-05-15;2026-05-15;2026-07-17;Sim;;
746;POP.113;Limpeza e Manutenção - Forno Essemtec;;04-Cura;Procedimento Operacional Padrão;Marília Novais;4;2022-09-02;2022-11-03;2026-01-19;2026-04-18;Sim;HMC;Forno / Estufa
747;POP.1130;Serviços de Garantia - Visolab;;Visolab;Procedimento Operacional Padrão;Jaldo Reis;2;2025-05-21;2025-05-29;2026-05-29;2026-08-27;Sim;;
748;POP.1132;Limpieza del sistema de pulido centralizado;;00-General;Procedimento Operacional Padrão;Pauline Gomez;;2025-06-03;2025-06-10;2026-06-10;2026-09-08;Sim;;
749;POP.1133;Limpeza do sistema de polimento centralizado;;00-Geral;Procedimento Operacional Padrão;Pauline Gomez;;2025-06-03;2025-06-10;2026-06-10;2026-09-08;Sim;;
750;POP.1134;Manual Operacional - Bazel HC6 - Lab Rio;;LabRio;Procedimento Operacional Padrão;Jéssica de Aquino;;2025-06-04;2025-06-10;2026-06-10;2026-09-08;Sim;;
751;POP.1135;Manual Operacional - Retrabalho Surfaçagem - Lab Rio;;LabRio;Procedimento Operacional Padrão;Jéssica de Aquino;;2025-06-04;2025-06-10;2026-06-10;2026-09-08;Sim;;
752;POP.1136;Limpeza e Manutenção - Bazell HC6 - Lab Rio;;LabRio;Procedimento Operacional Padrão;Jéssica de Aquino;;2025-06-04;2025-06-10;2026-06-10;2026-09-08;Sim;;
753;POP.1137;Limpeza e Manutenção - Slurry System - Lab Rio;;LabRio;Procedimento Operacional Padrão;Jéssica de Aquino;;2025-06-04;2025-06-10;2026-06-10;2026-09-08;Sim;;
754;POP.1138;Limpeza e Manutenção da Derretedora de Alloy - Lab Rio;;LabRio;Procedimento Operacional Padrão;Jéssica de Aquino;;2025-06-04;2025-06-10;2026-06-10;2026-09-08;Sim;;
755;POP.1139;Manual Operacional - Digitação para Pré-Produção Lab Rio;;LabRio;Procedimento Operacional Padrão;Vanessa Santana da Silva;;2025-06-04;2025-06-10;2026-06-10;2026-08-08;Sim;;
756;POP.114;Controle de Parâmetros - Forno Essemtec;;04-Cura;Procedimento Operacional Padrão;Lucineide Pereira;2;2019-11-27;2022-02-22;2026-08-10;2026-11-09;Sim;HMC;Forno / Estufa
757;POP.1141;Manual Operacional - Conferência de Pedidos Manual - Sumaré CD;;Sumaré CD;Procedimento Operacional Padrão;Denise Miranda;;2025-06-17;2025-07-14;2026-07-14;2026-10-12;Sim;;
758;POP.1142;Manual Operacional - Controle de Quantidade de Quebras - Grown;;Grown;Procedimento Operacional Padrão;Rodrigo Silva;;2025-06-24;2025-08-29;2026-08-29;2026-11-27;Sim;;
759;POP.1143;Manual Operacional – Lançamento de Notas Fiscais (Tratamento Antirreflexo) – Optilab;;Optilab;Procedimento Operacional Padrão;Nickolle Rodrigues;;2025-06-26;2025-07-09;2026-07-09;2026-10-07;Sim;;
760;POP.1144;Manual Operacional - Conferência de Pedidos Automática - Sumaré CD;;Sumaré CD;Procedimento Operacional Padrão;Denise Miranda;;2025-07-07;2025-07-14;2026-07-14;2026-10-12;Sim;;
761;POP.1145;Salvar Resultados dos Testes de HC - Lab Rio;;LabRio;Procedimento Operacional Padrão;Renan Barbosa;;2025-07-08;2025-07-14;2026-07-14;2026-10-12;Sim;;
762;POP.1146;Remoção da Camada de Proteção do Antirreflexo (Blue Pad) - Lab Rio;;LabRio;Procedimento Operacional Padrão;Renan Barbosa;;2025-07-09;2025-07-14;2026-07-14;2026-10-12;Sim;;
763;POP.1147;Simulação de Documento;;Backup;Procedimento Operacional Padrão;Jessika Menacho;;2025-07-10;2025-07-10;2026-07-10;2026-10-08;Sim;;
764;POP.1148;Manual Operacional - Recebimento Matéria-Prima e Insumos - Sumaré Laboratório;;Sumaré Laboratório;Procedimento Operacional Padrão;Denise Miranda;;2025-07-18;2025-07-24;2026-07-24;2026-10-22;Sim;;
765;POP.1150;Manual Operacional - Lançamento de Quebras e Defeito de Bloco - digiTOP;;digiTOP;Procedimento Operacional Padrão;Nickolle Rodrigues;;2025-08-02;2025-08-05;2026-08-05;2026-11-03;Sim;;
766;POP.1151;Manual Operacional - Manutenção Iogun - Mark I;;00-Geral AR;Procedimento Operacional Padrão;Alexander Mendes;;2025-08-05;2025-08-28;2026-08-28;2026-11-26;Sim;;
767;POP.1154;POP.Manual Operacional-  Cálculo de Serviços- Ceditop;;Ceditop;Procedimento Operacional Padrão;Leticia Santos;;2025-08-11;2025-09-05;2026-09-05;2026-12-04;Sim;;
768;POP.1156;Manual Operacional - Limpeza das Evaporadoras - Grown;;00-Geral AR;Procedimento Operacional Padrão;Bruno Cangussu;;2025-08-14;2025-08-29;2026-08-29;2026-11-27;Sim;;
769;POP.1157;Manual Operacional - Retirada de Serviço no Balcão - Repro;;Repro;Procedimento Operacional Padrão;Debora Rocha;1;2025-08-21;2025-08-27;2026-08-27;2026-11-25;Sim;;
770;POP.1158;Expedição, Faturamento e Envio de Pedidos - Repro;;Repro;Procedimento Operacional Padrão;Debora Rocha;1;2025-08-21;2025-08-27;2026-08-27;2026-11-25;Sim;;
771;POP.1159;Manual Operacional - Quebras de Armação - Repro;;Repro;Procedimento Operacional Padrão;Laura Vaz;;2025-08-20;2025-08-29;2026-08-29;2026-11-27;Sim;;
772;POP.1160;Manual Operacional - Reembolso de  Armação - Technopark;;Technopark;Procedimento Operacional Padrão;Rodrigo Lima;;2025-08-22;2025-10-30;2026-10-30;2027-01-28;Sim;;
773;POP.1161;Perda e danificação de propriedade do Cliente - Tecnolens;;Tecnolens;Procedimento Operacional Padrão;Vinicius Silva;;2025-08-29;2025-09-12;2026-09-12;2026-12-11;Sim;Atendimento;0
774;POP.1162;Reposição de Estoque - Tecnolens;;Tecnolens;Procedimento Operacional Padrão;Vinicius Silva;;2025-09-01;2025-09-12;2026-09-12;2026-12-11;Sim;Estoque;Reposição de Estoque
775;POP.1178;Manual Operacional - Inventário de Estoque - Optilab;;Optilab;Procedimento Operacional Padrão;Nickolle Rodrigues;;2025-10-02;2025-10-13;2026-10-13;2027-01-11;Sim;;
776;POP.1180;Manual Operacional – Inicio e Término de Separação do Estoque de Blocos - Grown;;Grown;Procedimento Operacional Padrão;Rubens Paixão;;2025-10-14;2025-10-28;2026-10-28;2027-01-26;Sim;;
777;POP.119;;;;;;;;;;;;;
778;POP.1190;Manual Operacional - Recebimento de Mercadoria - Repro;;Repro;Procedimento Operacional Padrão;Debora Rocha;;2025-11-21;2025-11-26;2026-11-26;2027-02-24;Sim;;
779;POP.1191;Manual Operacional - Armazenamento de Mercadoria - Repro;;Repro;Procedimento Operacional Padrão;Debora Rocha;;2025-11-21;2025-11-26;2026-11-26;2027-02-24;Sim;;
780;POP.120;;;;;;;;;;;;;
781;POP.123;Padrão de Qualidade do FOG-ID;;07-FOG;Procedimento Operacional Padrão;Vagner Domingos;1;2019-02-22;2019-02-22;2025-11-11;2026-02-11;Não;HMC;"Inspeção Final: 
Controle Final"
782;POP.125;Manual Operacional - 3DT FOG-ID;;07-FOG;Procedimento Operacional Padrão;Evellyn Santos;3;2023-11-29;2023-12-28;2025-12-27;2026-03-27;Sim;HMC;"Inspeção Final: 
Controle Final"
783;POP.132;Limpeza e Manutenção - CCM Mithril 1.5;;CCM;Procedimento Operacional Padrão;Christiano Silva;6;2024-04-19;2024-04-25;2026-04-24;2026-07-24;Sim;HMC;0
784;POP.138;Manual Operacional - CCM Mithril 1.5;;CCM;Procedimento Operacional Padrão;Nathália Brandão;3;2019-09-18;2021-02-23;2026-02-02;2026-05-02;Sim;HMC;0
785;POP.142;Limpeza e Manutenção da D9-DP e  D9-PAC;;D9 DP;Procedimento Operacional Padrão;Carlos Anselme;3;2019-12-04;2019-12-19;2026-01-03;2026-05-02;Sim;;
786;POP.146;Descontaminação do Sistema de Água DI - D13;;D13;Procedimento Operacional Padrão;Carlos Anselme;3;2019-12-02;2020-12-04;2026-01-19;2026-04-19;Sim;;
787;POP.148;Manual Operacional – D13 (Mithril 1.6);;D13;Procedimento Operacional Padrão;Felipe Costa;2;2023-06-30;2023-10-27;2025-10-26;2026-01-24;Sim;;
788;POP.149;Limpeza e Manutenção da D13;;D13;Procedimento Operacional Padrão;Carlos Anselme;3;2019-12-18;2019-12-19;2026-04-16;2026-07-15;Sim;;
789;POP.150;Preparação de Químicos – D13 (Mithril 1.6);;D13;Procedimento Operacional Padrão;Felipe Costa;5;2023-06-30;2024-07-15;2026-07-15;2026-10-14;Sim;;
790;POP.152;Limpeza e Manutenção – D645 (Mithril 1.6);;D645;Procedimento Operacional Padrão;Christiano Silva;6;2023-05-17;2024-01-31;2025-01-30;2026-02-12;Sim;;
791;POP.155;Preparação de Químicos – D645 (Mithril 1.6);;D645;Procedimento Operacional Padrão;Christiano Silva;6;2025-02-12;2025-05-30;2026-05-30;2026-08-28;Sim;;
792;POP.156;Manual Operacional – D645 (Mithril 1.6);;D645;Procedimento Operacional Padrão;Christiano Silva;5;2025-02-12;2025-05-30;2026-05-30;2026-08-28;Sim;;
793;POP.157;;;;;;;;;;;;;
794;POP.159;Manual Operacional - Jateamento CMV;;06-Jateamento;Procedimento Operacional Padrão;Renan Barbosa;5;2024-09-19;2024-10-16;2025-10-16;2026-01-14;Sim;HMC;Antirreflexo
795;POP.160;Limpeza e Manutenção - Jateamento CMV;;06-Jateamento;Procedimento Operacional Padrão;Renan Barbosa;4;2023-06-01;2023-07-17;2026-07-16;2026-10-15;Sim;HMC;Antirreflexo
796;POP.164;Limpeza e Manutenção - CTA Automática 25L;;CTA Automática;Procedimento Operacional Padrão;Marília Novais;5;2022-09-23;2024-05-20;2026-05-20;2026-08-19;Sim;;
797;POP.165;Manual Operacional - CTA Automática 25L;;CTA Automática;Procedimento Operacional Padrão;Marília Novais;4;2022-09-02;2023-10-03;2025-10-02;2025-12-31;Sim;;
798;POP.196;Retirada do Antirreflexo com Alkalisol BFA (Ingenchem);;00-Geral Destratamento;Procedimento Operacional Padrão;Solange Viana;4;2022-04-27;2022-05-11;2026-08-10;2026-11-09;Sim;HMC;Antirrisco: Destratamento e Verniz
799;POP.210;Materiais e Peças de Instalação HMC;;00-Geral HMC;Procedimento Operacional Padrão;Carlos Anselme;2;2019-12-04;2022-09-20;2025-09-20;2026-01-19;Não;HMC;0
800;POP.211;Matriz Troubleshooting HMC;;00-Troubleshooting;Procedimento Operacional Padrão;Fábio Silva;2;2019-08-07;2019-12-13;2026-02-19;2026-05-20;Não;HMC;0
801;POP.212;;;;;;;;;;;;;
802;POP.213;Troubleshooting HMC;;00-Troubleshooting;Procedimento Operacional Padrão;Fábio Silva;2;2019-08-07;2019-11-26;2026-02-17;2026-05-17;Não;HMC;0
803;POP.214;Chiller;;Utilidades;Procedimento Operacional Padrão;Fábio Silva;3;2019-08-07;2019-12-12;2025-07-20;2025-11-30;Sim;MAN. HMC;CHILLER
804;POP.216;Manual Operacional Pré (MG);;01-Pré-Inspeção - Preparação;Procedimento Operacional Padrão;Vagner Domingos;4;2020-03-18;2020-08-19;2024-06-01;2026-09-02;Sim;HMC;0
805;POP.241;Montagem de Garra (16 e 32 Lentes);;01-Pré-Inspeção - Preparação;Procedimento Operacional Padrão;Evellyn Santos;8;2025-02-10;2025-05-30;2026-05-30;2026-08-28;Sim;HMC;Antirrisco: Destratamento e Verniz
806;POP.242;Fluxo de Retonos Garantias e Laudos - Coatings;;Laudos;Procedimento Operacional Padrão;Vagner Domingos;1;2019-02-27;2019-02-27;2026-08-10;2026-11-09;Sim;;
807;POP.251;;;;;;;;;;;;;
808;POP.253;Curva Teórica Crizal Prevencia M1.5;;00-Curvas de Antirreflexo;Procedimento Operacional Padrão;Dalson Souza;4;2022-05-20;2022-09-20;2025-09-20;2025-12-19;Sim;HMC;0
809;POP.254;;;;;;;;;;;;;
810;POP.255;;;;;;;;;;;;;
811;POP.256;Fluxo Testes Qualidade AR;;Testes AR;Procedimento Operacional Padrão;Lucineide Pereira;11;2024-04-09;2024-04-11;2026-04-13;2026-07-13;Sim;HMC;Teste de Qualidade AR
812;POP.257;;;;;;;;;;;;;
813;POP.258;;;;;;;;;;;;;
814;POP.262;Teste da Borracha - NX 10;;Testes AR;Procedimento Operacional Padrão;Jessika Menacho;8;2021-04-19;2021-10-15;2022-10-15;2026-11-09;Sim;HMC;Teste de Qualidade AR
815;POP.263;Teste do Sal - RCO2;;Testes AR;Procedimento Operacional Padrão;Jessika Menacho;12;2025-04-24;2025-05-30;2026-05-30;2026-08-28;Sim;HMC;Teste de Qualidade AR
816;POP.264;Teste Caneta (Ink Test);;Testes AR;Procedimento Operacional Padrão;Lucineide Pereira;11;2023-08-08;2023-08-11;2026-08-10;2026-11-09;Sim;HMC;Teste de Qualidade AR
817;POP.266;Teste Bola de Plasma;;Testes AR;Procedimento Operacional Padrão;Lucineide Pereira;11;2023-08-09;2023-08-11;2026-08-10;2026-11-09;Sim;HMC;Teste de Qualidade AR
818;POP.267;Calibração do SMR (Sistema de Medição por Reflexão);;Testes AR;Procedimento Operacional Padrão;Taís Flores;9;2023-07-13;2023-09-13;2025-09-12;2025-12-11;Sim;HMC;Teste de Qualidade AR
819;POP.268;Medição e Calibração do SMR-UV;;Testes AR;Procedimento Operacional Padrão;Jessika Menacho;8;2025-04-24;2025-05-30;2026-05-30;2026-08-28;Sim;HMC;Teste de Qualidade AR
820;POP.269;Fluxo de Testes de Qualidade HC;;Testes HC;Procedimento Operacional Padrão;Nathália Brandão;5;2024-03-07;2024-03-12;2026-05-20;2026-08-20;Sim;HMC;Teste de Qualidade HC
821;POP.270;;;;;;;;;;;;;
822;POP.272;;;;;;;;;;;;;
823;POP.273;Teste de Medição de Espessura;;Testes HC;Procedimento Operacional Padrão;Priscila Mourão;6;2019-06-25;2019-07-03;2026-06-30;2026-09-29;Sim;HMC;Teste de Qualidade HC
824;POP.274;Teste de Extrato Seco - Mithril 1.5 - Sartorius;;Testes HC;Procedimento Operacional Padrão;Jessika Menacho;6;2025-04-22;2025-05-15;2026-05-15;2026-08-13;Não;HMC;Teste de Qualidade HC
825;POP.275;Teste de Adesão - Mithril 1.5, 1.6 e UV-NV / UV-XBT;;Testes HC;Procedimento Operacional Padrão;Jessika Menacho;6;2025-04-24;2025-05-30;2026-05-30;2026-08-28;Sim;HMC;Teste de Qualidade HC
826;POP.276;;;;;;;;;;;;;
827;POP.283;Teste de Concentração de Soda 10% com densímetro;;Testes HC;Procedimento Operacional Padrão;Taís Flores;3;2021-06-30;2022-04-13;2025-10-13;2026-01-13;Sim;HMC;0
828;POP.285;Teste de Viscosidade - Automático com Brookfield LVDVE;;Testes HC;Procedimento Operacional Padrão;Jessika Menacho;5;2023-04-06;2023-08-18;2025-08-17;2026-02-12;Sim;HMC;0
829;POP.293;Teste de Concentração da Soda 10%;;Testes HC;Procedimento Operacional Padrão;Carlos Anselme;5;2019-12-04;2020-12-04;2026-04-21;2026-07-21;Sim;HMC;0
830;POP.295;Preparação de Químicos - Solução Indicadora de pH;;00-Geral Testes;Procedimento Operacional Padrão;Lucineide Pereira;6;2021-11-09;2022-02-21;2026-08-20;2026-11-18;Sim;HMC;0
831;POP.296;Teste de Concentração do Citrikleen + Novastrip;;Testes HC;Procedimento Operacional Padrão;Carlos Anselme;4;2019-12-11;2019-12-13;2025-10-17;2026-01-19;Sim;HMC;0
832;POP.297;Teste de Concentração da Soda 10%;;Testes HC;Procedimento Operacional Padrão;Fábio Silva;5;2019-12-11;2019-12-30;2025-10-01;2025-12-02;Sim;HMC;0
833;POP.300;Preparação do Removedor de Marcação Amarela (RMA);;00-Geral Destratamento;Procedimento Operacional Padrão;Aluysio Rougemont;6;2019-12-04;2019-12-13;2025-10-10;2026-01-19;Sim;HMC;0
834;POP.301;Preparação da Solução Detergente Tropical Strip;;00-Geral Destratamento;Procedimento Operacional Padrão;Aluysio Rougemont;5;2019-12-04;2019-12-13;2025-11-03;2026-01-31;Sim;HMC;"Antirrisco:
Prep. de Químicos e Manutenção"
835;POP.306;;;;;;;;;;;;;
836;POP.307;;;;;;;;;;;;;
837;POP.308;;;;;;;;;;;;;
838;POP.309;Manual Operacional - Conferência da Montagem;;Montagem e Inspeção;Procedimento Operacional Padrão;Nathália Brandão;4;2022-06-30;2022-09-06;2025-09-06;2025-12-05;Sim;MONTAGEM;Conferência
839;POP.310;;;;;;;;;;;;;
840;POP.351;Procedimento do Teste do RMA e Tropical Strip;;Testes HC;Procedimento Operacional Padrão;Solange Viana;3;2019-12-04;2019-12-13;2025-11-01;2026-02-03;Não;HMC;Teste de Qualidade HC
841;POP.364;Inspeção de Recebimento dos Verniz e Primer;;Estoque / Expedição;Procedimento Operacional Padrão;Lucineide Pereira;7;2024-09-12;2024-11-26;2025-11-26;2026-02-24;Sim;Estoque;Primer e Vernizes
842;POP.378;;;;;;;;;;;;;
843;POP.379;;;;;;;;;;;;;
844;POP.380;;;;;;;;;;;;;
845;POP.381;;;;;;;;;;;;;
846;POP.382;;;;;;;;;;;;;
847;POP.383;;;;;;;;;;;;;
848;POP.384;;;;;;;;;;;;;
849;POP.385;;;;;;;;;;;;;
850;POP.386;;;;;;;;;;;;;
851;POP.387;;;;;;;;;;;;;
852;POP.388;;;;;;;;;;;;;
853;POP.389;;;;;;;;;;;;;
854;POP.390;;;;;;;;;;;;;
855;POP.391;;;;;;;;;;;;;
856;POP.392;;;;;;;;;;;;;
857;POP.393;;;;;;;;;;;;;
858;POP.394;;;;;;;;;;;;;
859;POP.395;;;;;;;;;;;;;
860;POP.396;;;;;;;;;;;;;
861;POP.397;;;;;;;;;;;;;
862;POP.398;;;;;;;;;;;;;
863;POP.399;;;;;;;;;;;;;
864;POP.400;;;;;;;;;;;;;
865;POP.401;;;;;;;;;;;;;
866;POP.402;;;;;;;;;;;;;
867;POP.403;;;;;;;;;;;;;
868;POP.404;;;;;;;;;;;;;
869;POP.405;;;;;;;;;;;;;
870;POP.406;;;;;;;;;;;;;
871;POP.407;;;;;;;;;;;;;
872;POP.408;;;;;;;;;;;;;
873;POP.409;;;;;;;;;;;;;
874;POP.410;;;;;;;;;;;;;
875;POP.411;;;;;;;;;;;;;
876;POP.414;;;;;;;;;;;;;
877;POP.422;;;;;;;;;;;;;
878;POP.425;;;;;;;;;;;;;
879;POP.427;Manual Operacional Pré-Inspeção (CE);;01-Pré-Inspeção - Preparação;Procedimento Operacional Padrão;Francisco Glauber;1;2022-07-05;2025-08-26;2026-08-26;2026-11-24;Sim;HMC;0
880;POP.429;Manual Operacional - Pré-Inspeção (SP);;01-Pré-Inspeção - Preparação;Procedimento Operacional Padrão;Solange Viana;6;2025-07-08;2025-08-01;2026-08-01;2026-10-30;Sim;HMC;0
881;POP.430;Teste de Medição de Espessura – SMR Thickness (New SMR Flame);;Testes HC;Procedimento Operacional Padrão;Jessika Menacho;3;2025-04-23;2025-05-30;2026-05-30;2026-08-28;Sim;HMC;Teste de Qualidade HC
882;POP.431;Teste de Extrato Seco - SARTORIUS MA35;;Testes HC;Procedimento Operacional Padrão;Jessika Menacho;3;2025-04-22;2025-05-30;2026-05-30;2026-08-28;Sim;HMC;Teste de Qualidade HC
883;POP.441;Confecção Lentes Referência de Potência_Essilor Version;;Lens Mark;Procedimento Operacional Padrão;Renato Dias;;2019-07-18;2019-12-17;2025-10-13;2026-01-19;Sim;SURFAÇAGEM;Laser
884;POP.442;Confecção Lentes Referência de Potência_SL Version;;Lens Mark;Procedimento Operacional Padrão;Renato Dias;;2019-07-18;2019-12-17;2022-06-01;2026-04-29;Sim;SURFAÇAGEM;0
885;POP.444;Manual Operacional - Inspeção Final - RS;;09-Inspeção Final;Procedimento Operacional Padrão;Christiano Silva;2;2023-06-13;2023-08-21;2026-08-20;2026-11-18;Sim;HMC;0
886;POP.446;Tempo de Estabilização e Normalização_Versão Essilor;;Lens Mark;Procedimento Operacional Padrão;Renato Dias;;2019-07-24;2019-10-30;2025-10-13;2026-01-13;Sim;SURFAÇAGEM;Laser
887;POP.447;Teste de homogeneidade;;Lens Mark;Procedimento Operacional Padrão;Renato Dias;;2019-07-24;2019-09-18;2025-09-23;2025-12-23;Sim;MAN. SURF.;0
888;POP.448;Teste de Segurança do Laser;;Lens Mark;Procedimento Operacional Padrão;Renato Dias;;2019-07-24;2019-09-18;2026-08-19;2026-11-17;Sim;SURFAÇAGEM;Laser
889;POP.450;Carregamento Logos LensMark III;;Lens Mark;Procedimento Operacional Padrão;Marcelo Bastos;;2019-07-26;2019-09-18;2025-10-13;2026-01-19;Sim;SURFAÇAGEM;Laser
890;POP.453;Manual Operacional - Acesso ao Sistema AR SPC;;00-Controle do Processo HMC;Procedimento Operacional Padrão;Dalson Souza;2;2022-03-09;2022-09-20;2025-09-20;2026-01-05;Sim;HMC;"Antirreflexo:
Ajustes de Processo"
891;POP.454;Manual Inspeção HC (PR);;00-Geral HC;Procedimento Operacional Padrão;Leandra Martins;;2019-08-08;2019-09-02;2025-05-05;2025-12-18;Sim;;
892;POP.455;Troubleshooting iCLBS;;03-CLBS;Procedimento Operacional Padrão;José Roberto;1;2020-08-19;2023-08-23;2026-08-21;2026-11-19;Não;SURFAÇAGEM;Blocagem
893;POP.458;Procedimento Instalação SPC Mapper V3;;00-Controle de Processo e DSPC;Procedimento Operacional Padrão;José Roberto;1;2019-12-16;2019-12-17;2025-09-23;2025-12-23;Sim;STL;STL
894;POP.459;Troubleshooting CLBS;;03-CLBS;Procedimento Operacional Padrão;José Roberto;;2019-08-09;2019-12-15;2026-02-19;2026-05-20;Sim;SURFAÇAGEM;Blocagem
895;POP.460;Manual Operacional - CLBS2;;03-CLBS;Procedimento Operacional Padrão;Nathália Brandão;1;2021-11-01;2021-11-05;2026-08-05;2026-11-06;Sim;SURFAÇAGEM;Blocagem
896;POP.461;Manual Operacional - CLBS 1 e iCLBS 1;;03-CLBS;Procedimento Operacional Padrão;Rogério Nogueira;1;2021-11-24;2022-02-18;2026-08-18;2026-11-16;Sim;SURFAÇAGEM;Blocagem
897;POP.464;Manutenção CLBS;;03-CLBS;Procedimento Operacional Padrão;José Roberto;;2019-08-12;2019-12-15;2025-07-07;2025-11-30;Sim;SURFAÇAGEM;Blocagem
898;POP.466;;;;;;;;;;;;;
899;POP.467;;;;;;;;;;;;;
900;POP.469;Curva Teórica Crizal Prevencia M1.6;;00-Curvas de Antirreflexo;Procedimento Operacional Padrão;Alvaro Christofoli;1;2022-09-02;2023-10-10;2025-10-09;2026-01-07;Sim;HMC;"Antirreflexo:
Ajustes de Processo"
901;POP.473;Manual Operacional - Inspeção Final - CE;;09-Inspeção Final;Procedimento Operacional Padrão;Francisco Glauber;1;2022-04-22;2022-05-10;2026-05-22;2026-08-22;Sim;HMC;0
902;POP.474;Manual Operacional - Conferência Óptica (Decide);;DECIDE;Procedimento Operacional Padrão;Renan Barbosa;4;2024-08-12;2024-08-14;2026-08-14;2026-11-12;Sim;SURFAÇAGEM;Conferência
903;POP.475;Troubleshooting DSPC;;00-Controle de Processo e DSPC;Procedimento Operacional Padrão;Renato Dias;;2019-09-05;2019-12-15;2026-02-19;2026-05-20;Não;SURFAÇAGEM;Preparação
904;POP.476;Manual Operacional - Inspeção Final - SP;;09-Inspeção Final;Procedimento Operacional Padrão;Solange Viana;5;2024-12-03;2025-01-09;2026-01-09;2026-04-09;Sim;HMC;0
905;POP.478;Calibração LensMark III;;Lens Mark;Procedimento Operacional Padrão;Patricia França;;2019-09-13;2019-12-15;2025-10-13;2026-01-19;Sim;SURFAÇAGEM;Laser
906;POP.479;Determinação Concentração da Soda com Refratômetro Digital;;Testes HC;Procedimento Operacional Padrão;Ana Carolina Americo;;2019-09-16;2019-09-19;2025-11-01;2026-02-03;Sim;HMC;Teste de Qualidade HC
907;POP.482;Calibración Automática VFT Macro;;VFT Macro;Procedimento Operacional Padrão;Diego Galindo;;2019-09-25;2019-12-26;2025-10-13;2026-01-19;Sim;;
908;POP.483;Calibração Operacional - VFT Macro;;VFT Macro;Procedimento Operacional Padrão;Diego Galindo;1;2023-08-18;2023-08-23;2026-08-21;2026-11-19;Sim;SURFAÇAGEM;CORTE
909;POP.491;Calibração Operacional - Toroflex;;Toroflex;Procedimento Operacional Padrão;Alessandro Barros;1;2023-09-15;2023-10-12;2025-10-11;2026-01-09;Sim;SURFAÇAGEM;Polimento
910;POP.495;Manual Operacional Pré-Inspeção (RS);;01-Pré-Inspeção - Preparação;Procedimento Operacional Padrão;Christiano Silva;3;2023-04-12;2023-07-17;2026-07-16;2026-10-15;Sim;HMC;0
911;POP.497;Calibração Fitadeira Semi-Auto;;Optic D-79364;Procedimento Operacional Padrão;Marcelo Bastos;;2019-11-07;2019-12-15;2025-10-13;2026-01-19;Sim;SURFAÇAGEM;Fitagem
912;POP.498;Controle de Posicionamento da Pinça;;00-Controle de Processo e DSPC;Procedimento Operacional Padrão;José Roberto;4;2022-05-19;2024-07-10;2026-07-10;2026-10-09;Sim;SURFAÇAGEM;CORTE
913;POP.499;Limpeza dos Sensores de Vácuo máquinas de AR;;Antirreflexo;Procedimento Operacional Padrão;Ana Carolina Americo;;2019-11-29;2019-12-09;2025-12-01;2026-03-01;Sim;MAN. HMC;DLX 1200
914;POP.503;Código de Barras para DSPC;;00-Controle de Processo e DSPC;Procedimento Operacional Padrão;José Roberto;;2019-12-06;2019-12-15;2026-08-17;2026-11-16;Sim;SURFAÇAGEM;Preparação
915;POP.505;Procedimento DSPC nas Máquinas Schneider;;00-Controle de Processo e DSPC;Procedimento Operacional Padrão;Robson Azevedo;;2019-12-10;2019-12-15;2025-10-15;2026-01-18;Sim;;
916;POP.506;Ajuste Eixo B para CPP – VFT'S;;00-Controle de Processo e DSPC;Procedimento Operacional Padrão;Robson Azevedo;;2019-12-11;2019-12-15;2025-12-01;2026-03-01;Sim;SURFAÇAGEM;CORTE
917;POP.507;Manual Operacional - D9 PAC Mithril 1.6;;D9 PAC;Procedimento Operacional Padrão;Fernando Maciel;1;2022-11-10;2023-03-03;2026-03-02;2026-05-31;Sim;;
918;POP.513;Calibração Operacional - PRA;;PRA;Procedimento Operacional Padrão;Robson Azevedo;3;2025-02-14;2025-03-11;2026-03-11;2026-06-09;Sim;SURFAÇAGEM;Blocagem
919;POP.514;Control Diario DSPC - Línea Schneider;;00-Control de Proceso y DSPC;Procedimento Operacional Padrão;Rômulo Cursino;1;2019-12-16;2019-12-23;2026-08-19;2026-11-17;Sim;;
920;POP.516;Operação Refratômetro Manual_Digital;;00-Controle de Processo e DSPC;Procedimento Operacional Padrão;Robson Azevedo;2;2022-05-19;2024-03-26;2026-06-19;2026-09-18;Sim;SURFAÇAGEM;CORTE
921;POP.518;Calibração Operacional - DLP;;DLP;Procedimento Operacional Padrão;Renato Dias;6;2023-08-29;2024-02-01;2026-01-31;2026-04-30;Sim;SURFAÇAGEM;Polimento
922;POP.520;MP´s Surfacing Area V3_BR;;Português;Procedimento Operacional Padrão;José Roberto;1;2019-12-18;2019-12-23;2026-08-10;2026-11-09;Sim;MAN. SURF.;0
923;POP.521;MP´s Surfacing Area V3_ES;;Español;Procedimento Operacional Padrão;José Roberto;1;2019-12-18;2019-12-23;2026-08-13;2026-11-11;Sim;;
924;POP.522;Calibração Automática HSC Smart;;HSC Smart;Procedimento Operacional Padrão;Robson Azevedo;1;2019-12-19;2019-12-23;2025-10-13;2026-01-19;Sim;SURFAÇAGEM;0
925;POP.527;Calibración Operativa - VFT Orbit 1;;VFT Orbit 1;Procedimento Operacional Padrão;Pauline Gomez;6;2024-07-18;2024-08-05;2026-08-05;2026-11-03;Sim;;
926;POP.528;Calibración Operativa - VFT Ultra;;VFT Ultra;Procedimento Operacional Padrão;Marcelo Bastos;2;2023-10-10;2024-02-01;2026-01-31;2026-04-30;Sim;;
927;POP.530;Calibracão Máquina HSC Smart;;HSC Smart;Procedimento Operacional Padrão;Marcelo Bastos;1;2019-12-20;2019-12-23;2026-02-01;2026-05-01;Sim;;
928;POP.532;POP Calibración y Operación Encintadora Manual;;01-Cinta;Procedimento Operacional Padrão;Diego Galindo;1;2019-12-20;2019-12-26;2025-07-07;2025-11-30;Não;;
929;POP.534;Calibración Operativa - Duoflex;;Duoflex;Procedimento Operacional Padrão;Pauline Gomez;2;2023-10-10;2024-02-01;2026-01-31;2026-04-30;Sim;;
930;POP.547;Manutenção Preventiva - Diff Pump;;Antirreflexo;Procedimento Operacional Padrão;Nathália Brandão;2;2022-03-11;2022-03-18;2025-09-09;2025-12-09;Sim;MAN. HMC;Bomba Difusora
931;POP.548;Satis 1200DLX - Bombas - PtBr;;Antirreflexo;Procedimento Operacional Padrão;Dalson Souza;1;2020-01-28;2020-10-15;2026-05-26;2026-08-25;Sim;MAN. HMC;DLX 1200
932;POP.549;Satis 1200DLF - Bombas - PtBr;;Antirreflexo;Procedimento Operacional Padrão;Dalson Souza;1;2020-01-28;2020-10-15;2026-07-20;2026-10-19;Sim;MAN. HMC;DLX 1200
933;POP.551;Loader Orbit II Español;;VFT Orbit 2;Procedimento Operacional Padrão;Tommy CHONGO;1;2020-01-29;2020-12-02;2026-08-17;2026-11-16;Sim;;
934;POP.554;Preparação de Químicos – CDC1000/CDS1000 Mithril 1.6;;CDC1000/CDS1000;Procedimento Operacional Padrão;Marcelo Capeletto;4;2025-07-23;2025-08-05;2026-08-05;2026-11-03;Sim;HMC;Antirrisco: Destratamento e Verniz
935;POP.555;Manual Operacional – CDC1000 (Mithril 1.6);;CDC1000/CDS1000;Procedimento Operacional Padrão;Laura Vaz;2;2022-06-23;2022-11-03;2025-11-03;2026-02-01;Sim;HMC;Antirrisco: Destratamento e Verniz
936;POP.556;Limpeza e Manutenção – CDC1000/CDS1000 Mithril 1.6;;CDC1000/CDS1000;Procedimento Operacional Padrão;Jeferson Lourenço;3;2023-08-17;2025-08-05;2026-08-05;2026-11-03;Sim;HMC;Antirrisco: Destratamento e Verniz
937;POP.560;Biseladora KAPPA o GAMMA;;Biseladora;Procedimento Operacional Padrão;Victor Olivares;1;2020-04-03;2020-07-15;2025-09-08;2025-12-08;Sim;;
938;POP.562;Biseladora PRO E600;;Biseladora;Procedimento Operacional Padrão;Victor Olivares;;2020-07-15;2020-07-15;2025-09-08;2025-12-08;Sim;;
939;POP.564;Bloqueo 3B;;3B Blocker;Procedimento Operacional Padrão;Victor Olivares;;2020-07-15;2020-07-15;2026-04-29;2026-07-29;Sim;;
940;POP.568;Inspeccion final Focovision  SPF;;Montado e Inspeccion;Procedimento Operacional Padrão;Victor Olivares;;2020-07-15;2020-07-15;2025-09-08;2025-12-08;Sim;;
941;POP.573;Traceado & Bloqueo KAPPA;;Biseladora;Procedimento Operacional Padrão;Victor Olivares;;2020-07-15;2020-07-15;2026-06-26;2026-09-25;Sim;;
942;POP.574;Traceado E-TESS;;TESS;Procedimento Operacional Padrão;Victor Olivares;;2020-07-15;2020-07-15;2025-09-08;2025-12-08;Sim;MONTAGEM;Leitura no Tracer
943;POP.576;Traceado TESS;;TESS;Procedimento Operacional Padrão;Victor Olivares;;2020-07-15;2020-07-15;2025-09-08;2025-12-08;Sim;MONTAGEM;Leitura no Tracer
944;POP.577;Traceado, bloqueo y biselado Mr. Blue;;Biseladora;Procedimento Operacional Padrão;Victor Olivares;;2020-07-15;2020-07-15;2025-09-08;2025-12-08;Sim;;
945;POP.578;Traceado, Bloqueo y biselado Mr. Orange;;Biseladora;Procedimento Operacional Padrão;Victor Olivares;;2020-07-15;2020-07-15;2025-09-08;2025-12-08;Sim;;
946;POP.580;Limpeza de las lentes optifog;;00-General AR;Procedimento Operacional Padrão;Martin Becker;1;2020-07-17;2020-07-30;2026-06-30;2026-09-29;Sim;;
947;POP.582;Preparación DSX y SP;;00-General AR;Procedimento Operacional Padrão;Martin Becker;1;2020-07-17;2020-07-30;2025-11-03;2026-02-03;Sim;;
948;POP.584;Lentes de Teste Espessura - Máquinas D;;Testes HC;Procedimento Operacional Padrão;Dalson Souza;2;2020-08-19;2020-08-21;2026-05-04;2026-08-03;Sim;HMC;0
949;POP.586;Medición_y_Calibración_del_SMR-UV;;Teste de AR;Procedimento Operacional Padrão;Martin Becker;4;2020-08-03;2020-10-15;2025-10-13;2026-01-05;Sim;;
950;POP.587;Test de Sal - RCO2;;Teste de AR;Procedimento Operacional Padrão;Martin Becker;9;2020-08-05;2021-04-20;2025-05-05;2026-01-05;Sim;;
951;POP.588;Teste de la Goma - NX 10;;Teste de AR;Procedimento Operacional Padrão;Martin Becker;7;2020-08-05;2021-04-20;2025-05-05;2026-01-05;Sim;;
952;POP.589;Test Bola de Plasma;;Teste de AR;Procedimento Operacional Padrão;Martin Becker;9;2020-08-05;2021-04-20;2025-05-05;2026-01-05;Sim;;
953;POP.590;Desprendimento da Cola da Fita na Lente;;00-Troubleshooting;Procedimento Operacional Padrão;Fábio Silva;;2020-08-05;2020-10-15;2025-10-13;2026-01-19;Sim;;
954;POP.591;Test de Marcador (Ink_Test);;Teste de AR;Procedimento Operacional Padrão;Martin Becker;9;2020-08-12;2021-05-21;2025-08-25;2025-11-30;Não;;
955;POP.594;Manual Operacional - Controle Final (Coating BH);;09-Inspeção Final;Procedimento Operacional Padrão;Elizete Silva;;2020-08-12;2020-12-03;2026-06-09;2026-09-08;Sim;HMC;0
956;POP.595;Teste de Adesão Maquina SCL;;Testes HC;Procedimento Operacional Padrão;Dalson Souza;;2020-08-14;2020-08-17;2025-12-18;2026-03-18;Sim;HMC;Teste de Qualidade HC
957;POP.596;Lentes de Teste Espessura SCL;;Testes HC;Procedimento Operacional Padrão;Dalson Souza;;2020-08-14;2020-08-17;2025-12-18;2026-03-18;Sim;HMC;Teste de Qualidade HC
958;POP.598;Procedimento Control de Posicionamiento de la Pinza;;00-Control de Proceso y DSPC;Procedimento Operacional Padrão;José Roberto;1;2020-11-18;2021-03-24;2025-07-07;2025-11-30;Não;;
959;POP.599;Calibração da força do Clamping;;Português;Procedimento Operacional Padrão;Renato Dias;;2020-08-20;2020-09-03;2025-09-08;2025-12-09;Sim;MAN. SURF.;Blocadora
960;POP.600;Controle de Refrigeração dos Eixos do Gerador VFT;;VFT Orbit 1;Procedimento Operacional Padrão;José Roberto;;2020-08-20;2020-09-03;2025-10-13;2026-01-19;Sim;SURFAÇAGEM;CORTE
961;POP.602;Checar a vazão de fluxo do líquido polidor  DLP;;DLP;Procedimento Operacional Padrão;José Roberto;;2020-08-20;2020-09-03;2026-07-31;2026-10-30;Sim;SURFAÇAGEM;Polimento
962;POP.606;Calibración Operativa - DLP;;DLP;Procedimento Operacional Padrão;Renato Dias;5;2023-09-22;2023-10-12;2025-10-11;2026-01-09;Sim;;
963;POP.607;Calibración del Grabado Mecánico_VFTs_Ultra__Compact_y_Micro;;Mechnical Engraving;Procedimento Operacional Padrão;Marcelo Bastos;1;2020-08-24;2020-09-03;2026-02-01;2026-05-29;Sim;;
964;POP.609;Calibração Operacional - VFT Orbit 2;;VFT Orbit 2;Procedimento Operacional Padrão;Robson Azevedo;2;2024-02-01;2024-02-02;2026-02-01;2026-05-02;Sim;SURFAÇAGEM;CORTE
965;POP.610;Calibração Duoflex;;Duoflex;Procedimento Operacional Padrão;Robson Azevedo;;2020-08-24;2020-09-03;2026-02-01;2026-05-01;Sim;SURFAÇAGEM;0
966;POP.611;Calibración Operativa - CCP Swift;;CCP Swfit;Procedimento Operacional Padrão;Pauline Gomez;1;2023-10-10;2024-02-01;2026-01-31;2026-04-30;Sim;;
967;POP.613;Calibração da Posição do Clamping;;Português;Procedimento Operacional Padrão;Renato Dias;;2020-08-24;2020-09-03;2025-09-08;2025-12-09;Sim;MAN. SURF.;Blocadora
968;POP.615;Calibración Operativa - Toroflex;;Toroflex;Procedimento Operacional Padrão;Alessandro Barros;1;2023-10-11;2025-03-11;2026-03-11;2026-06-09;Sim;;
969;POP.616;Calibración Operativa - CCL CMARK;;CCL Mark;Procedimento Operacional Padrão;Robson Azevedo;1;2023-10-11;2025-11-27;2026-11-27;2027-02-25;Sim;;
970;POP.617;Confeccao Lentes Referencia de Potencia Essilor;;Lensmark;Procedimento Operacional Padrão;Pauline Gomez;;2020-08-28;2020-09-03;2026-08-25;2026-11-24;Não;SURFAÇAGEM;Laser
971;POP.618;Controle do Líquido Refrigerante e Posicionamento dos Bicos;;VFT Orbit 1;Procedimento Operacional Padrão;Renato Dias;;2020-08-28;2020-09-03;2025-10-13;2026-01-19;Sim;SURFAÇAGEM;Polimento
972;POP.620;Flujo Teste de Calidad AR;;Teste de AR;Procedimento Operacional Padrão;Martin Becker;8;2020-08-28;2020-12-07;2026-06-30;2026-09-29;Sim;;
973;POP.625;Calibração manual VFT Macro;;VFT Macro;Procedimento Operacional Padrão;Alessandro Barros;1;2020-08-28;2020-09-03;2026-02-01;2026-05-01;Sim;SURFAÇAGEM;CORTE
974;POP.626;Calibração Operacional - VFT Orbit 1;;VFT Orbit 1;Procedimento Operacional Padrão;Robson Azevedo;6;2024-07-17;2024-07-30;2026-07-30;2026-10-29;Sim;SURFAÇAGEM;CORTE
975;POP.627;Calibração Operacional - VFT Ultra;;VFT Ultra;Procedimento Operacional Padrão;Renato Dias;2;2024-03-15;2024-03-26;2026-06-19;2026-09-18;Sim;SURFAÇAGEM;CORTE
976;POP.628;Calibración Operativa - LensMark III;;Lensmark;Procedimento Operacional Padrão;Marcelo Bastos;1;2023-10-11;2024-02-01;2026-01-31;2026-04-30;Sim;;
977;POP.629;Calibración PRA ES V1;;PRA;Procedimento Operacional Padrão;Diego Galindo;1;2020-08-31;2021-03-24;2026-02-01;2026-05-01;Sim;;
978;POP.631;Confeccion Lentes Referencia de Potencia CCL CMARK ES;;CCL Mark;Procedimento Operacional Padrão;Diego Galindo;;2020-08-31;2020-09-03;2026-08-17;2026-11-16;Sim;;
979;POP.632;Calibración Maquina HSC MASTER ES;;HSC Master;Procedimento Operacional Padrão;Diego Galindo;1;2020-08-31;2020-09-02;2026-02-01;2026-05-01;Sim;;
980;POP.633;Calibración Operativa - CB Bond ES;;CB Bond;Procedimento Operacional Padrão;Pauline Gomez;1;2023-10-10;2024-02-01;2026-01-31;2026-05-01;Sim;;
981;POP.634;Calibración Operativa - VFT Orbit 2 (automática);;VFT Orbit 2;Procedimento Operacional Padrão;José Roberto;1;2023-10-10;2025-03-13;2026-03-13;2026-06-11;Sim;;
982;POP.637;Test de Adherencia Maquina SCL;;Teste de HC;Procedimento Operacional Padrão;Martin Becker;;2020-09-11;2021-05-21;2025-07-07;2025-11-30;Não;;
983;POP.638;Lentes de Test Espesor SCL;;Teste de HC;Procedimento Operacional Padrão;Martin Becker;;2020-09-11;2021-05-21;2025-05-05;2026-01-05;Sim;;
984;POP.641;Modelo de Procedimento Operacional Padrão;;Modelos de Documentos;Procedimento Operacional Padrão;Taís Flores;7;2022-08-29;2022-09-05;2025-09-05;2026-01-31;Sim;QUALIDADE;QUALIEX
985;POP.643;Manutenção Preventiva - Forno Essemtec;;Forno;Procedimento Operacional Padrão;Lucas Silva;1;2022-07-07;2023-10-31;2025-10-30;2026-01-28;Sim;MAN. HMC;Forno / Estufa
986;POP.646;Manual Operacional - DSPC Confecção e Verificação da Lente;;00-Controle de Processo e DSPC;Procedimento Operacional Padrão;José Roberto;;2020-11-06;2020-11-24;2025-04-24;2026-01-05;Sim;SURFAÇAGEM;Preparação
987;POP.647;Manual Operacional - PRA e PRA iCLBS;;PRA;Procedimento Operacional Padrão;Humberto Serra - Lab Rio;1;2021-09-03;2021-09-13;2025-09-17;2025-11-30;Sim;SURFAÇAGEM;Blocagem
988;POP.649;;;;;;;;;;;;;
989;POP.650;;;;;;;;;;;;;
990;POP.651;Limpeza e Manutenção - VFT Orbit 1 e 2;;00-Geral Gerador;Procedimento Operacional Padrão;Felipe Barros;1;2022-07-29;2024-02-01;2026-01-31;2026-05-01;Sim;SURFAÇAGEM;CORTE
991;POP.652;Limpeza e Manutenção - Toroflex;;Toroflex;Procedimento Operacional Padrão;Elisa Peres;;2020-11-19;2020-12-17;2025-10-13;2026-01-19;Sim;SURFAÇAGEM;Polimento
992;POP.653;Calibración Operativa - Lensômetros (Essilor y Nidek);;00-Control de Proceso y DSPC;Procedimento Operacional Padrão;Alessandro Barros;2;2023-10-11;2024-05-10;2026-05-11;2026-08-10;Sim;;
993;POP.655;Limpeza e Manutenção - DLP;;DLP;Procedimento Operacional Padrão;Humberto Serra - Lab Rio;;2020-11-23;2020-12-17;2025-09-02;2025-12-02;Sim;SURFAÇAGEM;Polimento
994;POP.656;Manual Operacional - Toroflex;;Toroflex;Procedimento Operacional Padrão;Rogério Nogueira;2;2022-01-21;2022-01-24;2025-08-31;2025-11-30;Sim;SURFAÇAGEM;Polimento
995;POP.657;Manual Operacional - DLP;;DLP;Procedimento Operacional Padrão;Rogério Nogueira;2;2024-03-05;2024-03-26;2026-06-19;2026-09-18;Sim;SURFAÇAGEM;Polimento
996;POP.658;Procedimento Abertura de chamados - Fracttal;;00-Fracttal;Procedimento Operacional Padrão;Lucas Silva;;2020-12-09;2021-05-03;2025-08-09;2026-11-10;Não;;
997;POP.663;Manual Operacional - Fita Semiautomática Optic D-79364;;Optic D-79364;Procedimento Operacional Padrão;Renan Barbosa;2;2022-07-25;2023-08-23;2026-08-21;2026-11-19;Sim;SURFAÇAGEM;Fitagem
998;POP.664;Limpeza e Manutenção - SatisLoh 1200;;1200;Procedimento Operacional Padrão;Taís Flores;;2020-12-22;2021-02-23;2025-10-10;2026-01-10;Sim;HMC;Antirreflexo
999;POP.665;Manual Operacional - SatisLoh 1200;;1200;Procedimento Operacional Padrão;Lucineide Pereira;;2020-12-22;2021-02-23;2025-10-13;2026-01-13;Sim;HMC;Antirreflexo
1000;POP.666;Limpeza e Manutenção - PRA e PRA iCLBS;;PRA;Procedimento Operacional Padrão;Humberto Serra - Lab Rio;;2020-12-23;2020-12-23;2026-06-09;2026-09-08;Não;SURFAÇAGEM;Blocagem
1001;POP.668;Manual Operacional - Preparação / Pré-inspeção (Lab Rio);;01-Pré-Inspeção - Preparação;Procedimento Operacional Padrão;Renan Barbosa;1;2022-04-13;2022-05-10;2025-11-10;2026-01-31;Sim;HMC;0
1002;POP.669;Manual Operacional - VFT Orbit 1;;VFT Orbit 1;Procedimento Operacional Padrão;Rogério Nogueira;1;2022-01-21;2022-02-09;2025-10-13;2026-01-19;Sim;SURFAÇAGEM;CORTE
1003;POP.670;Limpeza e Manutenção - Boxer PRO;;Boxer PRO;Procedimento Operacional Padrão;Deyved Silva;1;2022-07-25;2022-08-08;2026-08-10;2026-11-09;Sim;;
1004;POP.672;Manual Operacional - Boxer PRO;;Boxer PRO;Procedimento Operacional Padrão;Deyved Silva;2;2023-08-31;2024-11-26;2025-11-26;2026-02-24;Sim;;
1005;POP.674;Preparação de Químicos - D9DP - Mithril 1.6;;D9 DP;Procedimento Operacional Padrão;Maria Riclecia da Silva;;2021-02-23;2022-05-04;2026-08-10;2026-11-09;Sim;;
1006;POP.676;Manual Operacional - D9DP - Mithril 1.5 e 1.6;;D9 DP;Procedimento Operacional Padrão;Taís Flores;;2021-02-23;2021-05-05;2026-08-20;2026-11-18;Sim;;
1007;POP.677;Limpeza e Manutenção - D6 (Destratadora);;D6;Procedimento Operacional Padrão;Christiano Silva;;2021-03-09;2021-07-27;2025-10-07;2026-01-19;Sim;;
1008;POP.678;Manual de instrucciones - Conferencia de Óptica y Cosmética (Decide);;07-Conferencia;Procedimento Operacional Padrão;Sergio Meza;2;2021-03-22;2021-03-23;2026-07-03;2026-10-02;Sim;;
1009;POP.680;Manual Operacional - Syrus;;Syrus 3C;Procedimento Operacional Padrão;Humberto Serra - Lab Rio;;2021-04-20;2021-05-24;2026-06-19;2026-09-18;Sim;;
1010;POP.681;Limpeza e Manutenção - LensMark III;;Lens Mark;Procedimento Operacional Padrão;Evellyn Santos;1;2023-04-18;2023-08-23;2026-08-21;2026-11-19;Sim;SURFAÇAGEM;Laser
1011;POP.682;Manual Operacional - LensMark III;;Lens Mark;Procedimento Operacional Padrão;Renan Barbosa;2;2024-04-02;2024-04-08;2026-07-08;2026-10-07;Sim;SURFAÇAGEM;Laser
1012;POP.684;Limpeza e Manutenção - D20 Mithril 1.6;;D20;Procedimento Operacional Padrão;Maria Riclecia da Silva;1;2022-11-07;2022-12-01;2025-12-01;2026-03-01;Sim;;
1013;POP.685;Manual Operacional - D20 Mithril 1.6;;D20;Procedimento Operacional Padrão;Maria Riclecia da Silva;1;2022-11-07;2023-03-03;2026-03-02;2026-05-31;Sim;;
1014;POP.686;Preparação de Químicos - D20 Mithril 1.6;;D20;Procedimento Operacional Padrão;Deyved Silva;2;2024-02-29;2024-03-12;2026-06-10;2026-09-09;Sim;;
1015;POP.691;Manual Operacional - VFT Orbit 2;;VFT Orbit 2;Procedimento Operacional Padrão;Rogério Nogueira;1;2022-01-21;2022-01-24;2025-08-31;2025-11-30;Sim;SURFAÇAGEM;CORTE
1016;POP.692;Limpeza e Manutenção - Fita Semiautomatica Optic D-79364;;Optic D-79364;Procedimento Operacional Padrão;Elisa Peres;;2021-05-05;2021-10-14;2026-07-31;2026-10-30;Sim;SURFAÇAGEM;Fitagem
1017;POP.693;Política de Devolução de Blocos e Lentes com Defeito de Fábrica;;Estoque / Expedição;Procedimento Operacional Padrão;Denise Miranda;4;2023-08-04;2024-01-31;2026-05-25;2026-08-25;Sim;Estoque;DEVOLUÇÃO
1018;POP.694;Preparação de Químicos - CTA Automática 25L;;CTA Automática;Procedimento Operacional Padrão;Nathália Brandão;;2021-05-11;2021-08-05;2026-08-21;2026-11-19;Sim;;
1019;POP.695;Manual Operacional - Coloração (Phantom);;04-COLORAÇÃO;Procedimento Operacional Padrão;Aluysio Rougemont;;2021-05-14;2022-05-30;2026-09-01;2026-10-30;Sim;COLORAÇÃO;COLORAÇÃO
1020;POP.696;Preparação de Químicos - Coloração;;04-COLORAÇÃO;Procedimento Operacional Padrão;Humberto Serra - Lab Rio;2;2024-03-26;2024-04-17;2026-04-17;2026-07-16;Sim;COLORAÇÃO;COLORAÇÃO
1021;POP.697;Controle de Parâmetros - Coloração;;04-COLORAÇÃO;Procedimento Operacional Padrão;Elisa Peres;;2021-05-14;2021-09-13;2026-07-15;2026-10-14;Sim;COLORAÇÃO;COLORAÇÃO
1022;POP.698;Limpeza e Manutenção - Coloração;;04-COLORAÇÃO;Procedimento Operacional Padrão;Elisa Peres;;2021-05-14;2021-09-13;2025-09-13;2025-12-12;Sim;COLORAÇÃO;COLORAÇÃO
1023;POP.701;Manual Operacional - D6 (Destratadora);;D6;Procedimento Operacional Padrão;Christiano Silva;;2021-06-01;2021-06-04;2026-07-20;2026-10-19;Sim;;
1024;POP.703;Limpeza e Manutenção - EzFit;;EzFit;Procedimento Operacional Padrão;Edgar Casallas;1;2022-06-22;2022-08-08;2026-06-09;2026-09-08;Sim;MONTAGEM;0
1025;POP.704;Calibração Operacional - EzFit;;EzFit;Procedimento Operacional Padrão;Edgar Casallas;1;2022-06-22;2022-06-30;2026-06-10;2026-09-09;Sim;MONTAGEM;0
1026;POP.707;Curva Teórica Crizal EasyPro UV 35 M1.6;;00-Curvas de Antirreflexo;Procedimento Operacional Padrão;Dalson Souza;;2021-06-25;2022-02-21;2025-10-13;2026-01-13;Sim;HMC;"Antirreflexo:
Ajustes de Processo"
1027;POP.708;Curva Teorica Crizal EasyPro UV 35 M1.5;;00-Curvas de Antirreflexo;Procedimento Operacional Padrão;Dalson Souza;;2021-06-25;2022-09-20;2025-10-20;2026-01-19;Sim;HMC;0
1028;POP.710;Limpeza e Manutenção - PROB 300;;PROB300;Procedimento Operacional Padrão;Humberto Serra - Lab Rio;;2021-06-25;2021-10-07;2025-06-09;2026-09-09;Sim;MONTAGEM;0
1029;POP.711;Manual Operacional - PROB 300;;PROB300;Procedimento Operacional Padrão;Humberto Serra - Lab Rio;;2021-06-25;2021-07-27;2026-06-09;2026-09-08;Sim;MONTAGEM;0
1030;POP.712;Calibração Operacional - Densímetro;;Testes HC;Procedimento Operacional Padrão;Taís Flores;;2021-07-05;2021-10-01;2025-12-20;2026-02-16;Sim;HMC;0
1031;POP.714;Limpeza e Manutenção - Leitor TESS;;TESS;Procedimento Operacional Padrão;Elisa Peres;;2021-07-22;2021-09-13;2025-09-08;2025-12-08;Sim;MONTAGEM;Leitura no Tracer
1032;POP.717;Manual Operacional - Fita manual CM 9300;;CM 9300;Procedimento Operacional Padrão;Nathália Brandão;;2021-08-05;2021-10-07;2026-08-19;2026-11-17;Sim;SURFAÇAGEM;Fitagem
1033;POP.718;Manual Operacional - Toroflex;;Toroflex;Procedimento Operacional Padrão;Pauline Gomez;;2021-08-18;2022-08-18;2026-08-18;2026-11-16;Sim;SURFAÇAGEM;Polimento
1034;POP.719;Limpieza y Mantenimiento - Toroflex;;Toroflex;Procedimento Operacional Padrão;Pauline Gomez;;2021-08-18;2022-08-18;2026-08-18;2026-11-16;Sim;;
1035;POP.720;Preparação de Químicos - D6 (Destratadora);;D6;Procedimento Operacional Padrão;Francisco Glauber;1;2023-05-18;2025-11-07;2026-11-07;2027-02-05;Sim;;
1036;POP.721;Preparação de Químicos - CCM Mithril 1.5;;CCM;Procedimento Operacional Padrão;Francisco Glauber;1;2023-01-20;2024-03-24;2026-03-24;2026-06-22;Sim;HMC;0
1037;POP.722;Fluxograma - Troca de Blocos com Defeitos;;Estoque / Expedição;Procedimento Operacional Padrão;Taís Flores;;2021-09-01;2021-09-13;2026-04-06;2026-07-08;Sim;QUALIDADE;0
1038;POP.725;Limpeza e Manutenção - Bisphera;;MEI Bisphera;Procedimento Operacional Padrão;Edgar Casallas;1;2022-05-19;2022-06-15;2026-06-15;2026-09-14;Sim;MONTAGEM;Corte Armação MEI
1039;POP.726;Manual Operacional - FOG ID MK 200;;07-FOG;Procedimento Operacional Padrão;Lucineide Pereira;;2021-11-04;2021-11-05;2026-07-07;2026-10-06;Sim;HMC;0
1040;POP.727;Manual Operacional - Extração de Defeito Cosmético (Decide);;DECIDE;Procedimento Operacional Padrão;José Roberto;;2021-11-04;2022-03-08;2026-08-10;2026-11-09;Sim;SURFAÇAGEM;0
1041;POP.728;Manual Operacional - Desblocagem;;08-Desblocadora;Procedimento Operacional Padrão;Laura Vaz;2;2024-05-22;2024-08-05;2026-08-05;2026-11-03;Sim;SURFAÇAGEM;Desblocagem
1042;POP.729;Limpeza e Manutenção - Desblocagem;;08-Desblocadora;Procedimento Operacional Padrão;Nathália Brandão;;2021-12-02;2021-12-08;2026-08-07;2026-11-06;Sim;SURFAÇAGEM;Desblocagem
1043;POP.730;Limpeza e Manutenção - Coloração;;04-COLORAÇÃO;Procedimento Operacional Padrão;Nathália Brandão;1;2022-10-10;2023-03-03;2026-03-02;2026-05-31;Sim;COLORAÇÃO;COLORAÇÃO
1044;POP.731;Limpeza e Manutenção - Syrus;;Syrus 3C;Procedimento Operacional Padrão;Renan Barbosa;;2021-11-18;2021-11-23;2026-07-07;2026-10-06;Sim;;
1045;POP.732;Processo de Impressão e Certificação da Expedição - Lab Rio;;LabRio;Procedimento Operacional Padrão;Samira Amaro;1;2024-04-22;2024-05-08;2026-05-08;2026-08-07;Sim;;
1046;POP.733;Manual Operacional - Planejamento e Controle da Produção - Lab Rio;;LabRio;Procedimento Operacional Padrão;Renan Barbosa;1;2022-05-05;2022-05-23;2026-08-21;2026-11-19;Sim;;
1047;POP.734;Manual Operacional - Produto Não Conforme - Lab Rio;;LabRio;Procedimento Operacional Padrão;Renan Barbosa;1;2023-06-15;2023-06-15;2026-06-15;2026-09-14;Sim;;
1048;POP.735;Manual Operacional - Abastecimento de Lentes - LabRio;;LabRio;Procedimento Operacional Padrão;Maria Riclecia da Silva;2;2023-06-12;2023-10-02;2025-10-01;2025-12-30;Sim;;
1049;POP.736;Manual Operacional - Cancelamento de Pedido - Lab Rio;;LabRio;Procedimento Operacional Padrão;Evellyn Santos;2;2025-07-10;2025-08-25;2026-08-25;2026-11-23;Sim;;
1050;POP.737;Manual Operacional - Digitação de Pedido - Lab Rio;;LabRio;Procedimento Operacional Padrão;Evellyn Santos;1;2023-10-16;2024-04-29;2026-05-15;2026-11-14;Sim;;
1051;POP.738;Manual Operacional - Spin MRIII;;05-SPIN;Procedimento Operacional Padrão;Renan Barbosa;1;2025-02-21;2025-02-21;2026-02-21;2026-05-22;Sim;SPIN;SPIN
1052;POP.739;Limpeza e Manutenção - Spin MRIII;;05-SPIN;Procedimento Operacional Padrão;Renan Barbosa;1;2025-02-21;2025-02-21;2026-02-21;2026-05-22;Sim;SPIN;SPIN
1053;POP.740;Preparação de Químicos - Spin MRIII;;05-SPIN;Procedimento Operacional Padrão;Renan Barbosa;1;2025-02-21;2025-02-21;2026-02-21;2026-05-22;Sim;SPIN;SPIN
1054;POP.741;Controle de Parâmetros - Spin MRIII;;05-SPIN;Procedimento Operacional Padrão;Renan Barbosa;1;2025-02-21;2025-02-21;2026-02-21;2026-05-22;Sim;SPIN;SPIN
1055;POP.742;Manual Operacional - Coloração (manual);;04-COLORAÇÃO;Procedimento Operacional Padrão;Stephany Christine;1;2022-06-20;2022-06-20;2025-12-15;2026-03-01;Sim;COLORAÇÃO;COLORAÇÃO
1056;POP.743;Manual Operacional - Abertura de Perdas Interna da Produção - Technopark;;Technopark;Procedimento Operacional Padrão;Laura do Amaral Gurgel;1;2025-08-25;2025-08-29;2026-08-29;2026-11-27;Sim;;
1057;POP.744;Manual Operacional - Recebimento de Pedido no Relacionamento - LabRio;;LabRio;Procedimento Operacional Padrão;Vanessa Santana da Silva;2;2025-07-10;2025-08-25;2026-08-25;2026-11-23;Sim;;
1058;POP.745;Manual Operacional - Produto e Insumo Não Conforme - Technopark;;Technopark;Procedimento Operacional Padrão;Aline Franco;4;2023-10-31;2023-11-03;2025-11-02;2026-01-31;Sim;;
1059;POP.747;Monitoramento de Realimentação do Cliente - LabRio;;LabRio;Procedimento Operacional Padrão;Renan Barbosa;4;2024-06-03;2024-06-03;2026-06-03;2026-09-02;Sim;;
1060;POP.748;Manual Operacional - Inspeção Final - Technopark;;09-Inspeção Final;Procedimento Operacional Padrão;Guilherme Alves;;2022-04-01;2022-05-11;2026-01-19;2026-04-20;Sim;HMC;0
1061;POP.749;Calibração Operacional - Lensômetros Digitais;;Lensômetro;Procedimento Operacional Padrão;Anderson Smaniotto;1;2024-12-02;2024-12-23;2025-12-23;2026-03-23;Sim;QUALIDADE;CALIBRAÇÃO
1062;POP.750;Manual Operacional - Sala de Armação - LabRio;;LabRio;Procedimento Operacional Padrão;Maria Riclecia da Silva;;2022-04-07;2022-04-13;2026-07-07;2026-10-06;Sim;;
1063;POP.751;Limpieza y Mantenimiento - 4Racer;;4Racer;Procedimento Operacional Padrão;Edgar Casallas;;2022-04-14;2022-04-19;2026-06-11;2026-09-10;Sim;;
1064;POP.752;Limpeza e Manutenção - 4Racer;;4Racer;Procedimento Operacional Padrão;Edgar Casallas;;2022-04-14;2022-06-02;2026-06-10;2026-09-09;Sim;MONTAGEM;0
1065;POP.753;Calibración Operativa - 4Racer;;4Racer;Procedimento Operacional Padrão;Edgar Casallas;;2022-04-14;2022-05-09;2026-06-10;2026-09-09;Sim;;
1066;POP.754;Control de Parámetros - 4Racer;;4Racer;Procedimento Operacional Padrão;Edgar Casallas;;2022-04-14;2022-05-09;2026-06-10;2026-09-09;Sim;;
1067;POP.755;Calibração Operacional - 4Racer;;4Racer;Procedimento Operacional Padrão;Edgar Casallas;;2022-04-14;2022-04-19;2026-06-10;2026-09-09;Sim;MONTAGEM;0
1068;POP.756;Controle de Parâmetros - 4Racer;;4Racer;Procedimento Operacional Padrão;Edgar Casallas;;2022-04-14;2022-05-09;2026-06-10;2026-09-09;Sim;MONTAGEM;0
1069;POP.757;Manual Operacional - Sala de Armação - Technopark;;Technopark;Procedimento Operacional Padrão;Felipe Costa;1;2023-06-19;2023-08-11;2026-08-10;2026-11-09;Sim;;
1070;POP.758;Manual Operacional - Digitação, Alteração e Solicitação de Cancelamento de Pedido - Technopark;;Technopark;Procedimento Operacional Padrão;Felipe Costa;2;2023-10-09;2023-11-03;2025-11-02;2026-01-31;Sim;;
1071;POP.759;Calibração Operacional - Bisphera;;MEI Bisphera;Procedimento Operacional Padrão;Edgar Casallas;1;2022-09-14;2023-02-17;2026-02-17;2026-05-17;Sim;MONTAGEM;Corte Armação MEI
1072;POP.760;Controle de Parâmetros - Bisphera;;MEI Bisphera;Procedimento Operacional Padrão;Edgar Casallas;;2022-05-19;2022-06-15;2026-06-15;2026-09-14;Sim;MONTAGEM;Corte Armação MEI
1073;POP.761;Limpieza y Mantenimiento - Bisphera;;MEI Bisphera;Procedimento Operacional Padrão;Edgar Casallas;;2022-05-19;2022-08-18;2026-08-18;2026-11-16;Sim;;
1074;POP.762;Calibración Operativa - Bisphera;;MEI Bisphera;Procedimento Operacional Padrão;Edgar Casallas;1;2022-09-14;2023-02-17;2026-02-17;2026-05-17;Sim;;
1075;POP.763;Control de Parámetros - Bisphera;;MEI Bisphera;Procedimento Operacional Padrão;Edgar Casallas;;2022-05-19;2022-06-15;2026-06-15;2026-09-14;Sim;;
1076;POP.764;Manual Operacional - Inspeção Final - Lab Rio;;09-Inspeção Final;Procedimento Operacional Padrão;Deyved Silva;;2022-05-27;2022-05-31;2026-06-08;2026-09-07;Sim;HMC;0
1077;POP.765;Manual Operacional - Rastreabilidade de Pedidos - Lab Rio;;LabRio;Procedimento Operacional Padrão;Renan Barbosa;1;2025-04-17;2025-04-23;2026-04-23;2026-07-22;Sim;;
1078;POP.766;Manual Operacional - Abertura de Perdas Internas - LabRio;;LabRio;Procedimento Operacional Padrão;Maria Riclecia da Silva;;2022-06-17;2022-06-20;2025-09-22;2025-12-25;Sim;;
1079;POP.769;Limpieza y Mantenimiento - EzFit;;EzFit;Procedimento Operacional Padrão;Edgar Casallas;;2022-06-22;2022-08-18;2026-06-10;2026-09-09;Sim;;
1080;POP.770;Calibración Operativa - EzFit;;EzFit;Procedimento Operacional Padrão;Edgar Casallas;;2022-06-22;2022-06-30;2026-06-10;2026-09-09;Sim;;
1081;POP.771;Limpeza e Manutenção - MEI 641;;MEI 641;Procedimento Operacional Padrão;Edgar Casallas;;2022-06-22;2022-08-08;2026-08-10;2026-11-09;Sim;MONTAGEM;0
1082;POP.772;Calibração Operacional - MEI 641;;MEI 641;Procedimento Operacional Padrão;Edgar Casallas;;2022-06-22;2022-06-30;2026-06-30;2026-09-29;Sim;MONTAGEM;0
1083;POP.773;Calibración Operativa - MEI 641;;MEI 641;Procedimento Operacional Padrão;Edgar Casallas;;2022-06-22;2022-06-30;2026-06-30;2026-09-29;Sim;;
1084;POP.774;Limpieza y Mantenimiento - MEI 641;;MEI 641;Procedimento Operacional Padrão;Edgar Casallas;;2022-06-22;2022-08-18;2026-08-18;2026-11-16;Sim;;
1085;POP.775;Manual Operacional - Bisphera;;MEI Bisphera;Procedimento Operacional Padrão;Nathália Brandão;;2022-06-22;2022-06-23;2026-06-23;2026-09-22;Sim;MONTAGEM;Corte Armação MEI
1086;POP.776;Limpeza e Manutenção - LT1200;;LT 1200;Procedimento Operacional Padrão;Edgar Casallas;;2022-06-23;2023-02-17;2026-02-17;2026-05-17;Sim;MONTAGEM;Leitura no Tracer
1087;POP.778;Limpieza y Mantenimiento - LT 1200;;LT 1200;Procedimento Operacional Padrão;Edgar Casallas;;2022-06-23;2023-02-17;2026-02-17;2026-05-17;Sim;;
1088;POP.779;Calibración Operativa - LT 1200;;LT 1200;Procedimento Operacional Padrão;Edgar Casallas;1;2022-06-30;2022-07-01;2026-06-10;2026-09-09;Sim;;
1089;POP.780;Manual Operacional -  Clareamento de Lentes da Coloração;;04-COLORAÇÃO;Procedimento Operacional Padrão;Renan Barbosa;;2022-06-30;2023-01-18;2026-01-18;2026-04-17;Sim;COLORAÇÃO;COLORAÇÃO
1090;POP.781;Manual Operacional - Análise Técnica Pré venda - Technopark;;Technopark;Procedimento Operacional Padrão;Guilherme Alves;1;2024-03-26;2024-04-09;2026-04-09;2026-07-08;Sim;;
1091;POP.782;Manual Operacional - Liberação de Lentes Prontas e Blocos do Estoque - Technopark;;Technopark;Procedimento Operacional Padrão;Felipe Costa;2;2024-02-01;2024-04-09;2026-04-09;2026-07-08;Sim;;
1092;POP.783;Manual Operacional - Processo de Certificação e Faturamento da Expedição - Technopark;;Technopark;Procedimento Operacional Padrão;Rodrigo Lima;2;2024-02-01;2024-02-19;2026-02-18;2026-11-11;Sim;;
1093;POP.784;Manual Operacional - Controle de Urgência da Produção - Technopark;;Technopark;Procedimento Operacional Padrão;Rodrigo Lima;3;2025-09-11;2025-10-28;2026-10-28;2027-01-26;Sim;;
1094;POP.785;Manual Operacional - Reembalagem de Serviços;;Controle de Qualidade;Procedimento Operacional Padrão;Leandro Augusto;;2022-09-30;2022-10-18;2025-10-18;2026-01-19;Sim;QUALIDADE;0
1095;POP.786;Teste de Extrato Seco - OHAUS MB;;Testes HC;Procedimento Operacional Padrão;Jessika Menacho;1;2025-02-12;2025-05-30;2026-05-30;2026-08-28;Sim;;
1096;POP.787;Limpieza y Matenimiento - ES3.ES4;;ES3/ES4;Procedimento Operacional Padrão;Edgar Casallas;;2022-08-30;2022-08-31;2026-06-10;2026-09-09;Sim;;
1097;POP.788;Calibración Operativa - ES3.ES4;;ES3/ES4;Procedimento Operacional Padrão;Edgar Casallas;;2022-08-30;2022-08-31;2026-06-10;2026-09-09;Sim;;
1098;POP.789;Limpeza e Manutenção - ES3.ES4;;ES3/ES4;Procedimento Operacional Padrão;Edgar Casallas;;2022-08-30;2022-11-25;2025-11-25;2026-02-23;Sim;;
1099;POP.790;Calibração Operacional - ES3.ES4;;ES3/ES4;Procedimento Operacional Padrão;Edgar Casallas;;2022-08-30;2022-11-25;2025-11-25;2026-02-23;Sim;;
1100;POP.791;Limpeiza y Matenimiento - 3B Blocker;;3B Blocker;Procedimento Operacional Padrão;Edgar Casallas;;2022-09-05;2023-02-17;2026-02-17;2026-05-17;Sim;;
1101;POP.792;Limpeza e Manutenção - 3B Blocker;;3B Blocker;Procedimento Operacional Padrão;Edgar Casallas;;2022-09-05;2023-02-17;2026-02-17;2026-05-17;Sim;MONTAGEM;0
1102;POP.793;Manual Operacional - Envio de Testes para EQC;;08-EQC;Procedimento Operacional Padrão;Jessika Menacho;8;2025-09-17;2025-09-17;2026-09-17;2026-12-16;Sim;HMC;QUALIDADE
1103;POP.796;Limpeza e Manutenção - Bloqueadoras;;Outros;Procedimento Operacional Padrão;Edgar Casallas;;2022-09-14;2022-11-25;2025-11-25;2026-02-23;Sim;MONTAGEM;0
1104;POP.797;Limpeiza y Matenimiento - Bloqueadoras;;Outros;Procedimento Operacional Padrão;Edgar Casallas;;2022-09-14;2023-02-17;2026-02-17;2026-05-17;Sim;;
1105;POP.798;Limpeza e Manutenção - Mr.Blue;;Outros;Procedimento Operacional Padrão;Edgar Casallas;;2022-09-14;2023-02-17;2026-02-17;2026-05-17;Sim;MONTAGEM;Leitura no Tracer
1106;POP.799;Limpeiza y Matenimiento - Mr.Blue;;Outros;Procedimento Operacional Padrão;Edgar Casallas;;2022-09-14;2023-02-17;2026-02-17;2026-05-17;Sim;;
1107;POP.800;Manual Operativa - Mr. Orange;;Mr. Orange;Procedimento Operacional Padrão;Renan Barbosa;;2022-09-30;2023-07-17;2026-07-16;2026-10-15;Sim;;
1108;POP.801;Manual Operacional - Mr. Orange;;Mr. Orange;Procedimento Operacional Padrão;Renan Barbosa;;2022-09-30;2024-04-17;2026-04-17;2026-07-16;Sim;;
1109;POP.802;Monitoramento de Realimentação do Cliente - Technopark;;Technopark;Procedimento Operacional Padrão;Aline Franco;2;2023-01-11;2023-01-12;2026-05-11;2026-07-10;Sim;;
1110;POP.803;Teste de Viscosidade - Automático com Brookfield DV2TLV;;Testes HC;Procedimento Operacional Padrão;Jessika Menacho;2;2023-07-31;2023-12-28;2025-12-27;2026-04-17;Sim;HMC;Teste de Qualidade HC
1111;POP.804;Manual Operacional - Rastreabilidade de Pedidos - Grown;;Grown;Procedimento Operacional Padrão;Michel Vieira;;2022-10-28;2022-12-06;2025-12-06;2026-03-05;Sim;;
1112;POP.805;Manual Operacional - Rastreabilidade de Pedidos - Repro;;Repro;Procedimento Operacional Padrão;Laura Vaz;3;2025-06-09;2025-08-29;2026-08-29;2026-11-27;Sim;;
1113;POP.806;Manual Operacional - Digitação de Entrada, Alteração e Cancelamento de Pedidos - Grown;;Grown;Procedimento Operacional Padrão;Angela Pinto;1;2023-07-18;2023-10-02;2025-10-01;2025-12-30;Sim;;
1114;POP.807;Limpeza e Manutenção - D9 PAC Mithril 1.6;;D9 PAC;Procedimento Operacional Padrão;Fernando Maciel;;2022-11-10;2023-03-03;2026-03-02;2026-05-31;Sim;;
1115;POP.808;Preparação de Químicos  - DP PAC Mithril 1.6;;D9 PAC;Procedimento Operacional Padrão;Fernando Maciel;;2022-11-10;2023-03-03;2026-03-02;2026-05-31;Sim;;
1116;POP.810;Rastreabilidade de Pedidos - Ceditop;;Ceditop;Procedimento Operacional Padrão;Leticia Santos;3;2023-07-31;2023-08-01;2025-10-11;2025-12-11;Sim;;
1117;POP.811;Monitoramento de Realimentação do Cliente - Ceditop;;Ceditop;Procedimento Operacional Padrão;Leticia Santos;2;2023-06-26;2023-06-27;2026-06-26;2026-09-25;Sim;;
1118;POP.812;Manual Operacional - Controle de Temperatura (DataLogger) de Armazenamento - Primers e Vernizes - Repro;;Repro;Procedimento Operacional Padrão;Ruanyta Goulart;1;2025-05-30;2025-06-13;2026-06-13;2026-09-11;Sim;;
1119;POP.813;Monitoramento de Realimentação do Cliente - Repro;;Repro;Procedimento Operacional Padrão;Laura Vaz;2;2024-08-08;2024-08-09;2026-08-10;2026-11-09;Sim;;
1120;POP.814;Manual Operacional - Produto Não Conforme (Produção) - Grown;;Grown;Procedimento Operacional Padrão;Michel Vieira;;2022-12-06;2022-12-13;2025-12-13;2026-03-12;Sim;;
1121;POP.815;Manual Operacional - Devolução com Nota Fiscal - Grown;;Grown;Procedimento Operacional Padrão;Iara Almeida;2;2025-06-12;2025-06-30;2026-06-30;2026-09-28;Sim;;
1122;POP.817;Manual Operacional - Retornos Recebidos pelo SAC - Grown;;Grown;Procedimento Operacional Padrão;Ronald Witzke;1;2023-11-14;2024-02-01;2026-01-31;2026-05-01;Sim;;
1123;POP.818;Manual Operacional - Tratativa de Pendências de Pedidos com Montagem - Grown;;Grown;Procedimento Operacional Padrão;Renata Adreolli;1;2023-11-14;2024-02-01;2026-01-31;2026-05-01;Sim;;
1124;POP.819;Manual Operacional - Tratativa de Pendências de Pedidos com Surfaçagem - Grown;;Grown;Procedimento Operacional Padrão;Renata Adreolli;1;2023-11-14;2024-02-01;2026-01-31;2026-05-01;Sim;;
1125;POP.820;Manual Operacional - Pedidos Urgentes - Grown;;Grown;Procedimento Operacional Padrão;Angela Pinto;;2022-12-06;2022-12-07;2025-12-07;2026-03-06;Sim;;
1126;POP.821;Manual Operacional - Expedição de Pedidos - Grown;;Grown;Procedimento Operacional Padrão;Luis Felipe;1;2024-12-26;2025-01-13;2026-01-13;2026-04-13;Sim;;
1127;POP.822;Manual Operacional - Sala de Armação - Grown;;Grown;Procedimento Operacional Padrão;Robson Silva;;2022-12-06;2022-12-07;2025-12-07;2026-03-06;Sim;;
1128;POP.823;Manual Operacional - Recebimento de Mercadoria - Grown;;Grown;Procedimento Operacional Padrão;Sonia Lima;1;2023-07-18;2023-10-02;2025-10-01;2025-12-30;Sim;;
1129;POP.824;Manual Operacional - Embalagem da Surfaçagem - Grown;;Grown;Procedimento Operacional Padrão;Luis Felipe;3;2025-05-20;2025-05-29;2026-05-29;2026-08-27;Sim;;
1130;POP.825;Manual Operacional - Processo de Quebra, Retrabalho e Liberado com Concessão - Ceditop;;Ceditop;Procedimento Operacional Padrão;João Martins;;2022-12-13;2022-12-16;2025-12-16;2026-03-15;Sim;;
1131;POP.826;Manual Operacional - Comunicação com o Cliente - Ceditop;;Ceditop;Procedimento Operacional Padrão;João Martins;;2022-12-13;2022-12-16;2025-12-16;2026-03-15;Sim;;
1132;POP.827;Curva Teórica Crizal Rock;;00-Curvas de Antirreflexo;Procedimento Operacional Padrão;Carlos Anselme;;2022-12-20;2023-06-02;2026-06-01;2026-08-31;Sim;HMC;"Antirreflexo:
Ajustes de Processo"
1133;POP.828;Manual Operacional - Atendimento do SAC - Technopark;;Technopark;Procedimento Operacional Padrão;Felipe Costa;2;2024-03-26;2024-04-09;2026-04-09;2026-07-08;Sim;;
1134;POP.830;Manual Operacional - Recebimento de Mercadoria - Technopark;;Technopark;Procedimento Operacional Padrão;Felipe Costa;1;2023-01-30;2023-02-06;2026-02-06;2026-05-06;Sim;;
1135;POP.831;Manual Operacional - Recebimento de Produtos e Insumos - LabRio;;LabRio;Procedimento Operacional Padrão;Evellyn Santos;1;2023-06-22;2023-10-02;2025-10-01;2025-12-30;Sim;;
1136;POP.832;Teste de Extrato Seco - i-Thermo 163L Bel;;Testes HC;Procedimento Operacional Padrão;Jessika Menacho;2;2025-04-22;2025-05-30;2026-05-30;2026-08-28;Sim;HMC;Teste de Qualidade HC
1137;POP.834;Manual Operacional - Compra de Matéria Prima - Technopark;;Technopark;Procedimento Operacional Padrão;Felipe Costa;2;2023-10-31;2024-02-19;2026-02-18;2026-05-19;Sim;;
1138;POP.835;Manual Operacional - Compras Indiretas - Technopark;;Technopark;Procedimento Operacional Padrão;Benicio Souza;1;2024-02-28;2024-04-09;2026-04-09;2026-07-08;Sim;;
1139;POP.836;Teste de Viscosidade - Automático com Brookfield DV -II+ PRO, DV-I+ e DV-I;;Testes HC;Procedimento Operacional Padrão;Jessika Menacho;1;2023-04-06;2023-08-18;2025-08-17;2026-04-17;Sim;HMC;Teste de Qualidade HC
1140;POP.837;Manual Operacional - Faturamento - Grown;;Grown;Procedimento Operacional Padrão;Luis Felipe;2;2024-10-31;2024-11-04;2025-11-04;2026-02-02;Sim;;
1141;POP.838;Calibração Operacional - E-Tess e Nidek LT-980 – Sistema SIOU;;Geral;Procedimento Operacional Padrão;Felipe Costa;1;2023-07-04;2023-11-22;2025-11-21;2026-02-19;Sim;MONTAGEM;PCP Tracer
1142;POP.839;Manual Operacional - E-Tess e Nidek LT-980;;Geral;Procedimento Operacional Padrão;Felipe Costa;;2023-02-17;2023-03-17;2025-03-16;2026-09-18;Sim;MONTAGEM;Leitura no Tracer
1143;POP.840;Manual Operacional - Reclamação e Elogio de Clientes - Technopark;;Technopark;Procedimento Operacional Padrão;Aline Franco;1;2024-03-07;2024-04-09;2026-04-09;2026-07-08;Sim;;
1144;POP.841;Manual Operacional - Cancelamento de Pedido no Estoque - Technopark;;Technopark;Procedimento Operacional Padrão;Felipe Costa;;2023-03-03;2023-03-10;2026-05-22;2026-08-21;Sim;;
1145;POP.842;Comunicação com o Cliente - Grown;;Grown;Procedimento Operacional Padrão;Angela Pinto;1;2024-06-10;2024-06-17;2026-06-17;2026-09-16;Sim;;
1146;POP.843;Manual Operacional - Recuperação de Alloy e Distribuição de porta bloco (Central de Alloy);;08-Desblocadora;Procedimento Operacional Padrão;Felipe Costa;;2023-03-10;2023-03-17;2026-06-09;2026-09-08;Sim;SURFAÇAGEM;Desblocagem
1147;POP.844;;;;;;;;;;;;;
1148;POP.845;Manual Operacional – Auditoria Técnica;;SAC;Procedimento Operacional Padrão;Marília Novais;;2023-03-22;2023-06-26;2026-06-25;2026-09-24;Sim;QUALIDADE;AUDITORIA
1149;POP.846;Manual Operacional - Encaixe de Lentes na Armação Acetato;;Montagem e Inspeção;Procedimento Operacional Padrão;Edgar Casallas;;2023-03-29;2023-03-29;2026-06-19;2026-09-18;Sim;MONTAGEM;Encaixe
1150;POP.847;Manual Operacional - Encaixe de Lentes na Armação 3 Peças;;Montagem e Inspeção;Procedimento Operacional Padrão;Edgar Casallas;;2023-03-29;2023-03-29;2026-06-19;2026-09-18;Sim;MONTAGEM;Encaixe
1151;POP.848;Manual Operacional - Encaixe de Lentes na Armação Metal;;Montagem e Inspeção;Procedimento Operacional Padrão;Edgar Casallas;1;2023-05-05;2023-05-05;2026-05-04;2026-08-03;Sim;MONTAGEM;Encaixe
1152;POP.849;Manual Operacional - Encaixe de Lentes na Armação Nylon;;Montagem e Inspeção;Procedimento Operacional Padrão;Edgar Casallas;;2023-03-29;2023-03-29;2026-06-19;2026-09-18;Sim;MONTAGEM;Encaixe
1153;POP.852;Manual Operacional - Conferência de Mesa - Grown;;Grown;Procedimento Operacional Padrão;Luis Paulo;1;2024-04-02;2024-04-09;2026-04-10;2026-07-09;Sim;;
1154;POP.853;Manual Operacional - Separação de Blocos - Grown;;Grown;Procedimento Operacional Padrão;Luis Paulo;1;2024-04-02;2024-04-09;2026-04-10;2026-07-09;Sim;;
1155;POP.854;Manual Operacional - Caixas da Produção - LabRio;;LabRio;Procedimento Operacional Padrão;Evellyn Santos;;2023-04-17;2023-05-31;2025-09-27;2025-12-27;Sim;;
1156;POP.855;Manual Operacional - Separação do Estoque - Sumaré Laboratório;;Sumaré Laboratório;Procedimento Operacional Padrão;Melissa Grandolfo;;2023-04-24;2023-04-26;2025-04-25;2025-12-31;Sim;;
1157;POP.856;Manual Operacional - Rastreabilidade de Pedidos - Digitop;;digiTOP;Procedimento Operacional Padrão;Nickolle Rodrigues;1;2024-06-12;2024-06-18;2026-06-18;2026-09-17;Sim;;
1158;POP.857;Manual Operacional - Ticket e Envelope na Produção - Sumaré Laboratório;;Sumaré Laboratório;Procedimento Operacional Padrão;Jesse Rodrigues;;2023-04-25;2023-04-27;2026-04-27;2026-07-27;Sim;;
1159;POP.858;Manual Operacional - Sala de Armação sem Aro - Sumaré Laboratório;;Sumaré Laboratório;Procedimento Operacional Padrão;Jesse Rodrigues;;2023-04-26;2023-04-27;2026-04-27;2026-07-27;Sim;;
1160;POP.859;Manual Operacional  - Entrada e Impressão de Serviços - Sumaré Laboratório;;Sumaré Laboratório;Procedimento Operacional Padrão;Jesse Rodrigues;;2023-04-26;2023-08-03;2026-08-03;2026-11-02;Sim;;
1161;POP.860;Manual Operacional - Sala de Armação com Aro - Sumaré Laboratório;;Sumaré Laboratório;Procedimento Operacional Padrão;Jesse Rodrigues;;2023-04-26;2023-04-27;2025-04-26;2025-12-31;Sim;;
1162;POP.861;Manual Operacional - Recebimento, Triagem e Armazenamento de Serviços - Sumaré Laboratório;;Sumaré Laboratório;Procedimento Operacional Padrão;Rafael Medeiros;1;2023-08-11;2023-08-18;2026-08-17;2026-11-16;Sim;;
1163;POP.862;Manual Operacional - Embalagem dos Produtos - Sumaré Laboratório;;Sumaré Laboratório;Procedimento Operacional Padrão;Jesse Rodrigues;;2023-04-27;2023-05-03;2026-05-01;2026-07-31;Sim;;
1164;POP.863;Manual Operacional - Entrada de Serviços na Monatgem - Sumaré Laboratório;;Sumaré Laboratório;Procedimento Operacional Padrão;Jesse Rodrigues;;2023-04-27;2023-05-03;2026-05-01;2026-07-31;Sim;;
1165;POP.864;Manual Operacional - Armazenagem da Armação na BIN - Sumaré Laboratório;;Sumaré Laboratório;Procedimento Operacional Padrão;Jesse Rodrigues;;2023-04-27;2023-05-03;2026-05-01;2026-07-31;Sim;;
1166;POP.865;Manual Operacional - Separação de Pedidos - Sumaré CD;;Sumaré CD;Procedimento Operacional Padrão;Denise Miranda;2;2025-07-07;2025-07-15;2026-07-15;2026-10-13;Sim;;
1167;POP.866;Manual Operacional - Faturamento - Sumaré CD;;Sumaré CD;Procedimento Operacional Padrão;Denise Miranda;1;2025-07-07;2025-07-14;2026-07-14;2026-10-12;Sim;;
1168;POP.867;Manual Operacional - Recebimento e Conferência de Lentes, Blocos, Insumos e Materiais Gerais - Sumaré CD;;Sumaré CD;Procedimento Operacional Padrão;Denise Miranda;2;2025-05-13;2025-05-13;2026-05-13;2026-08-11;Sim;;
1169;POP.868;Manual Operacional - Reembalagem - Sumaré CD;;Sumaré CD;Procedimento Operacional Padrão;Juliana Gomes Ferreira;;2023-05-05;2023-05-12;2025-10-11;2025-12-11;Sim;;
1170;POP.869;Manual Operacional - Expedição - Sumaré CD;;Sumaré CD;Procedimento Operacional Padrão;Erika Fagundes;1;2024-06-03;2024-06-04;2025-06-04;2026-11-02;Sim;;
1171;POP.870;Manual Operacional - Impressão de Etiquetas e Certificados - digiTOP;;digiTOP;Procedimento Operacional Padrão;Nickolle Rodrigues;1;2023-06-27;2023-06-29;2025-09-27;2025-12-27;Sim;;
1172;POP.871;Manual Operacional - Separação de Pedidos - digiTOP;;digiTOP;Procedimento Operacional Padrão;Nickolle Rodrigues;2;2024-06-27;2024-07-09;2026-07-09;2026-10-08;Sim;;
1173;POP.872;Manual Operacional - Consulta de Disponibilidade de Lentes - Repro;;Repro;Procedimento Operacional Padrão;Ovanir Lima Junior;;2023-05-11;2023-05-25;2026-05-21;2026-08-21;Sim;;
1174;POP.874;Manual Operacional - Garantias - Repro;;Repro;Procedimento Operacional Padrão;Laura Vaz;;2023-05-11;2023-07-13;2025-12-22;2026-02-05;Sim;;
1175;POP.875;Manual Operacional - Aprovação de Pedidos - Repro;;Repro;Procedimento Operacional Padrão;Ovanir Lima Junior;1;2025-02-11;2025-02-14;2026-02-14;2026-05-15;Sim;;
1176;POP.876;Manual Operacional - Embalagem e Certificação - Repro;;Repro;Procedimento Operacional Padrão;José Neto;1;2024-08-09;2024-08-09;2026-08-10;2026-11-09;Sim;;
1177;POP.877;Manual Operacional - Recebimento de Aro - Repro;;Repro;Procedimento Operacional Padrão;José Neto;1;2024-08-09;2024-08-09;2026-08-10;2026-11-09;Sim;;
1178;POP.878;Manual Operacional - Atendimento ao Cliente - Repro;;Repro;Procedimento Operacional Padrão;Ovanir Lima Junior;;2023-05-11;2023-05-25;2026-08-21;2026-11-20;Sim;;
1179;POP.880;Manual Operacional - Separação de Lentes e Blocos - Repro;;Repro;Procedimento Operacional Padrão;Debora Rocha;2;2025-01-31;2025-02-03;2026-02-03;2026-05-04;Sim;;
1180;POP.881;Manual Operacional - Envio de Malote - Repro;;Repro;Procedimento Operacional Padrão;Silvano Silva;;2023-05-15;2023-07-10;2025-10-04;2025-12-04;Sim;;
1181;POP.882;Manual Operacional - Faturamento e Expedição - digiTOP;;digiTOP;Procedimento Operacional Padrão;Nickolle Rodrigues;3;2025-03-13;2025-03-17;2026-03-17;2026-06-15;Sim;;
1182;POP.883;Manual Operacional - Produto Não Conforme - digiTOP;;digiTOP;Procedimento Operacional Padrão;Nickolle Rodrigues;2;2024-10-29;2024-11-01;2025-11-01;2026-01-30;Sim;;
1183;POP.884;Manual Operacional - Monitoramento de Realimentação do Cliente - digiTOP;;digiTOP;Procedimento Operacional Padrão;Nickolle Rodrigues;4;2025-07-21;2025-07-25;2026-07-25;2026-10-23;Sim;;
1184;POP.885;Manual Operacional - Encerramento de Pedidos e Atacado - Ceditop;;Ceditop;Procedimento Operacional Padrão;Leticia Santos;1;2024-04-29;2024-06-24;2026-06-24;2026-09-23;Sim;;
1185;POP.886;Manual Operacional - Garantia - Ceditop;;Ceditop;Procedimento Operacional Padrão;Leticia Santos;3;2025-08-14;2025-09-05;2026-09-05;2026-12-04;Sim;;
1186;POP.887;Manual Operacional - Compra de Matéria Prima - Ceditop;;Ceditop;Procedimento Operacional Padrão;Leticia Santos;;2023-05-29;2023-06-02;2026-08-10;2026-11-09;Sim;;
1187;POP.888;Manual Operacional - Recebimento e Estocagem de Blocos - Ceditop;;Ceditop;Procedimento Operacional Padrão;Leticia Santos;2;2025-01-28;2025-02-18;2026-02-18;2026-05-19;Sim;;
1188;POP.889;Manual Operacional - Alteração e Cancelamento de Pedidos - Ceditop;;Ceditop;Procedimento Operacional Padrão;Leticia Santos;;2023-06-01;2023-06-02;2025-10-11;2025-12-11;Sim;;
1189;POP.890;Manual Operacional - Armazenamento de Lentes e Armações - Ceditop;;Ceditop;Procedimento Operacional Padrão;Leticia Santos;2;2025-07-10;2025-08-11;2026-08-11;2026-11-09;Sim;;
1190;POP.891;Manual Operacional - Análise Crítica dos Certificados de Calibração;;00.Geral;Procedimento Operacional Padrão;Renan Barbosa;;2023-06-05;2023-06-27;2026-06-26;2026-09-25;Sim;QUALIDADE;CALIBRAÇÃO
1191;POP.892;Manual Operacional - Envio e Recebimento de Serviço do Coating - Ceditop;;Ceditop;Procedimento Operacional Padrão;Leticia Santos;2;2025-07-10;2025-08-01;2026-08-01;2026-10-30;Sim;;
1192;POP.893;Manual Operacional - Digitação e Emissão de Serviços - Ceditop;;Ceditop;Procedimento Operacional Padrão;Leticia Santos;2;2024-09-30;2024-10-07;2025-10-07;2026-01-05;Sim;;
1193;POP.894;Manual Operacional - Pré-Expedição e Certificação - Ceditop;;Ceditop;Procedimento Operacional Padrão;Leticia Santos;2;2025-08-04;2025-08-22;2026-08-22;2026-11-20;Sim;;
1194;POP.895;Manual Operacional - Expedição - Ceditop;;Ceditop;Procedimento Operacional Padrão;Leticia Santos;1;2024-09-16;2024-09-23;2025-09-23;2025-12-22;Sim;;
1195;POP.898;Manual Operacional - Lista de Pedidos - Ceditop;;Ceditop;Procedimento Operacional Padrão;Leticia Santos;3;2025-08-04;2025-09-04;2026-09-04;2026-12-03;Sim;;
1196;POP.901;Manual Operacional - Armazenamento de Lentes no Bob Complete Frame - Sumaré Laboratório;;Sumaré Laboratório;Procedimento Operacional Padrão;Jesse Rodrigues;;2023-06-09;2023-08-03;2026-08-03;2026-11-02;Sim;;
1197;POP.902;Manual Operacional - Rastreabilidade de Pedidos - Technopark;;Technopark;Procedimento Operacional Padrão;Felipe Costa;;2023-06-09;2023-09-11;2025-09-10;2025-12-09;Sim;;
1198;POP.903;Manual Operacional - Entrada de pedidos na Expedição - Technopark;;Technopark;Procedimento Operacional Padrão;Luiz Mendonça;1;2024-03-11;2024-04-03;2026-07-02;2026-10-01;Sim;;
1199;POP.904;Manual Operacional - Cálculo de Serviços - Technopark;;Technopark;Procedimento Operacional Padrão;Rodrigo Lima;1;2025-07-11;2025-08-06;2026-08-06;2026-11-04;Sim;;
1200;POP.905;Manual Operacional - Abastecimento de Blocos - LabRio;;LabRio;Procedimento Operacional Padrão;Maria Riclecia da Silva;;2023-06-12;2023-10-02;2025-10-01;2025-12-30;Sim;;
1201;POP.906;Monitoramento de Realimentação do Cliente - Coating RS;;Coating RS;Procedimento Operacional Padrão;Christiano Silva;1;2024-07-25;2024-12-11;2025-12-11;2026-03-11;Sim;;
1202;POP.907;Monitoramento de Realimentação do Cliente - Grown;;Grown;Procedimento Operacional Padrão;Angela Pinto;;2023-06-13;2023-07-17;2026-07-16;2026-10-15;Sim;;
1203;POP.908;Manual Operacional - Devolução de Produtos - Grown;;Grown;Procedimento Operacional Padrão;João Sales;;2023-06-13;2023-07-17;2026-07-16;2026-10-14;Sim;;
1204;POP.909;Manual Operacional - Registro de Falta Produto - Grown;;Grown;Procedimento Operacional Padrão;João Sales;;2023-06-13;2023-07-17;2026-07-16;2026-10-14;Sim;;
1205;POP.910;Manual Operacional - Upgrade e Downgrade de Produto - Grown;;Grown;Procedimento Operacional Padrão;João Sales;;2023-06-13;2023-07-17;2026-07-16;2026-10-15;Sim;;
1206;POP.911;Manual Operacional - Triagem de Serviços - Ceditop;;Ceditop;Procedimento Operacional Padrão;Leticia Santos;1;2024-09-16;2024-09-23;2025-09-23;2025-12-22;Sim;;
1207;POP.912;Manual Operacional - Faturamento de Pedidos - Tecnolens;;Tecnolens;Procedimento Operacional Padrão;Vinicius Silva;3;2024-07-26;2024-08-05;2026-08-05;2026-11-03;Sim;Expedição e/ou Faturamento;Faturamento
1208;POP.913;Manual Operacional - Digitação, Alteração e Solicitação de Cancelamento de Pedido - Tecnolens;;Tecnolens;Procedimento Operacional Padrão;Vinicius Silva;4;2025-08-29;2025-09-12;2026-09-12;2026-12-11;Sim;Atendimento;ATENDIMENTO
1209;POP.914;Manual Operacional - Liberação de Lentes Prontas e Blocos do Estoque - Tecnolens;;Tecnolens;Procedimento Operacional Padrão;Vinicius Silva;2;2025-02-19;2025-03-05;2026-03-05;2026-06-03;Sim;Estoque;BAIXA DE BLOCO
1210;POP.915;Manual Operacional - Solicitação de Pedidos em Atacado no Estoque - LabRio;;LabRio;Procedimento Operacional Padrão;Evellyn Santos;;2023-06-22;2023-10-02;2025-10-01;2025-12-30;Sim;;
1211;POP.916;Manual Operacional - Armazenamento de Produtos e Insumos - LabRio;;LabRio;Procedimento Operacional Padrão;Evellyn Santos;;2023-06-22;2023-10-02;2025-10-01;2025-12-30;Sim;;
1212;POP.918;Manual Operacional - Envio e Recebimento de Serviço - digiTOP;;digiTOP;Procedimento Operacional Padrão;Nickolle Rodrigues;2;2024-08-12;2024-08-26;2026-08-26;2026-11-24;Sim;;
1213;POP.919;Manual Operacional - Recebimento e Armazenamento de Blocos - digiTOP;;digiTOP;Procedimento Operacional Padrão;Nickolle Rodrigues;;2023-06-27;2023-06-29;2025-09-27;2025-12-27;Sim;;
1214;POP.920;Manual Operacional - Certificação de Pedidos - Tecnolens;;Tecnolens;Procedimento Operacional Padrão;Vinicius Silva;;2023-06-27;2023-07-19;2026-07-17;2026-10-16;Sim;Estoque;TRIAGEM/CERTIFICAÇÃO
1215;POP.921;Manual Operacional - Rastreabilidade de Pedidos - Tecnolens;;Tecnolens;Procedimento Operacional Padrão;Breno Santos;2;2023-09-06;2023-09-11;2025-09-10;2025-12-09;Sim;Atendimento;ATENDIMENTO
1216;POP.922;Manual Operacional - Produto e Insumo Não Conforme - Tecnolens;;Tecnolens;Procedimento Operacional Padrão;Francisco Paulo;2;2024-04-10;2024-04-11;2026-06-19;2026-09-18;Sim;QUALIDADE;QUALIDADE
1217;POP.923;Manual Operacional - Sala de Armação - Tecnolens;;Tecnolens;Procedimento Operacional Padrão;Breno Santos;1;2024-04-10;2024-04-11;2026-06-19;2026-09-18;Sim;Sala de Armação;Sala de Armação
1218;POP.924;Manual Operacional - Monitoramento de Realimentacao do Cliente - Tecnolens;;Tecnolens;Procedimento Operacional Padrão;Francisco Paulo;2;2024-05-13;2024-05-14;2026-05-14;2026-08-13;Sim;Atendimento;ATENDIMENTO
1219;POP.925;Manual Operacional - Compras de Insumos e Peças - Repro;;Repro;Procedimento Operacional Padrão;Silvano Silva;;2023-07-13;2023-07-21;2025-10-14;2026-01-14;Sim;;
1220;POP.926;Manual Operacional - Compras de Lentes e Blocos - Repro;;Repro;Procedimento Operacional Padrão;Debora Rocha;2;2025-11-21;2025-11-26;2026-11-26;2027-02-24;Sim;;
1221;POP.927;Manual Operacional - Garantia de Produtos no SAC - Grown;;Grown;Procedimento Operacional Padrão;Iara Almeida;2;2025-05-08;2025-05-19;2026-05-19;2026-08-17;Sim;;
1222;POP.928;Manual Operacional - Produto Não Conforme - Coating RS;;Coating RS;Procedimento Operacional Padrão;Christiano Silva;1;2024-03-18;2024-03-22;2026-06-09;2026-09-08;Sim;;
1223;POP.929;Manual Operacional - Atendimento Comercial - Ceditop;;Ceditop;Procedimento Operacional Padrão;Leticia Santos;1;2024-10-04;2024-10-07;2025-10-07;2026-01-05;Sim;;
1224;POP.932;Manual Operacional - CS10 12L;;CS10;Procedimento Operacional Padrão;Alan Ferrer;;2023-08-03;2023-08-11;2026-08-10;2026-11-09;Sim;;
1225;POP.933;Limpeza e Manutenção - CS10 12L;;CS10;Procedimento Operacional Padrão;Alan Ferrer;;2023-08-03;2023-08-14;2026-08-13;2026-11-11;Sim;;
1226;POP.934;Preparação de Químicos - CS10 12L;;CS10;Procedimento Operacional Padrão;Alan Ferrer;;2023-08-03;2023-08-14;2026-08-13;2026-11-11;Sim;;
1227;POP.935;Manual Operacional - Auditoria de Produto;;Auditoria de Produto;Procedimento Operacional Padrão;Lucineide Pereira;1;2024-11-18;2024-11-22;2025-11-22;2026-02-20;Sim;QUALIDADE;AUDITORIA DE PRODUTO
1228;POP.936;Manual Operacional - Inspeção Óptica de Lentes;;Auditoria de Produto;Procedimento Operacional Padrão;Lucineide Pereira;;2023-08-04;2023-08-04;2026-08-03;2026-11-03;Sim;QUALIDADE;Conferência Óptica
1229;POP.937;Manual Operacional - Faturamento e Expedição - Coating RS;;Coating RS;Procedimento Operacional Padrão;Christiano Silva;;2023-08-07;2023-08-21;2026-08-20;2026-11-18;Sim;;
1230;POP.938;Manual Operacional - Operação do Varilux XR e Varilux Physio Extensee - Repro;;Repro;Procedimento Operacional Padrão;Laura Vaz;1;2025-10-03;2025-11-24;2026-11-24;2027-02-22;Sim;;
1231;POP.939;Manual Operacional - Operação do Varilux XR - Technopark;;Technopark;Procedimento Operacional Padrão;Taís Flores;;2023-08-10;2023-08-11;2026-08-10;2026-11-09;Sim;;
1232;POP.940;Manual Operacional - Operação do Varilux XR - Ceditop;;Ceditop;Procedimento Operacional Padrão;João Martins;;2023-08-10;2023-08-11;2026-08-10;2026-11-09;Sim;;
1233;POP.941;Manual Operacional - Preparação / Pré-inspeção (Sumaré Laboratório);;01-Pré-Inspeção - Preparação;Procedimento Operacional Padrão;Alan Ferrer;;2023-08-11;2023-08-13;2026-08-12;2026-11-10;Sim;;
1234;POP.942;Manual Operacional - Faturamento por Transportadora e Troca Antecipada - Sumaré Laboratório;;Sumaré Laboratório;Procedimento Operacional Padrão;Rafael Medeiros;;2023-08-11;2023-08-18;2026-08-17;2026-11-16;Sim;;
1235;POP.943;Manual Operacional - Faturamento por Garantia (Delivery) - Sumaré Laboratório;;Sumaré Laboratório;Procedimento Operacional Padrão;Rafael Medeiros;;2023-08-11;2023-08-18;2026-08-17;2026-11-16;Sim;;
1236;POP.944;Manual Operacional - Faturamento por E-commerce - Sumaré Laboratório;;Sumaré Laboratório;Procedimento Operacional Padrão;Rafael Medeiros;;2023-08-11;2023-08-18;2026-08-17;2026-11-16;Sim;;
1237;POP.945;Manual Operacional - Operação do Varilux XR - digiTOP;;digiTOP;Procedimento Operacional Padrão;Nickolle Rodrigues;;2023-08-14;2023-08-15;2026-08-14;2026-11-12;Sim;;
1238;POP.946;Manual Operacional - Facetadoras Essilor;;Outros;Procedimento Operacional Padrão;Felipe Costa;;2023-08-14;2023-11-22;2025-11-21;2026-02-19;Sim;;
1239;POP.947;Limpeza e Manutenção - Facetadoras Essilor;;Outros;Procedimento Operacional Padrão;Felipe Costa;;2023-08-14;2023-11-22;2025-11-21;2026-02-19;Sim;;
1240;POP.949;Manual Operacional - CDS1000 Mithril 1.6;;CDC1000/CDS1000;Procedimento Operacional Padrão;Marcelo Capeletto;;2023-08-17;2023-08-18;2025-08-17;2026-11-13;Sim;;
1241;POP.950;Manual Operacional - Processo de Polimerização - Pós-Cura;;04-Cura;Procedimento Operacional Padrão;Deyved Silva;1;2024-02-02;2024-03-12;2025-03-12;2026-09-11;Sim;;
1242;POP.951;Manual Operacional - Inspeção HC - Sumaré Laboratório;;CDC1000/CDS1000;Procedimento Operacional Padrão;Alan Ferrer;;2023-08-17;2023-08-18;2026-08-17;2026-11-16;Sim;;
1243;POP.952;Manual Operacional - Produto e Insumo Não Conforme - Laboratório Sumaré;;Sumaré Laboratório;Procedimento Operacional Padrão;Denise Miranda;1;2023-11-23;2023-11-28;2024-11-27;2026-02-14;Sim;;
1244;POP.953;Manual Operacional - Inspeção Final - Laboratóriol Sumaré;;09-Inspeção Final;Procedimento Operacional Padrão;Alan Ferrer;;2023-08-21;2023-08-31;2025-08-30;2025-11-28;Sim;;
1245;POP.954;Manual Operacional - Art Blocker A;;Art Blocker A;Procedimento Operacional Padrão;Jesse Rodrigues;;2023-08-22;2023-08-23;2026-08-21;2026-11-19;Sim;;
1246;POP.956;Manual Operacional - Block Piece;;01-Preparação;Procedimento Operacional Padrão;Jesse Rodrigues;;2023-08-22;2023-08-23;2026-08-21;2026-11-19;Sim;;
1247;POP.957;Manual Operacional - Alteração de Base (Debasing) em Lentes Varilux XR - Opticlick;;Digitação;Procedimento Operacional Padrão;José Hamilton;;2023-08-22;2023-08-22;2026-08-21;2026-11-19;Sim;SURFAÇAGEM;Cálculo
1248;POP.958;Manual Operacional - Laser Flash UV;;Laser Flash UV;Procedimento Operacional Padrão;Jesse Rodrigues;;2023-08-23;2023-09-12;2025-09-11;2025-12-12;Sim;;
1249;POP.960;Manual Operacional - Envio e Recebimento de Serviço - Optilab;;Optilab;Procedimento Operacional Padrão;Nickolle Rodrigues;;2023-08-28;2023-09-06;2025-09-05;2025-12-04;Sim;;
1250;POP.961;Manual Operacional - Separação de pedidos - Optilab;;Optilab;Procedimento Operacional Padrão;Nickolle Rodrigues;;2023-08-28;2023-09-06;2025-09-05;2025-12-04;Sim;;
1251;POP.962;Manual Operacional Pré-Inspeção (Tecnolens);;01-Pré-Inspeção - Preparação;Procedimento Operacional Padrão;Breno Santos;;2023-08-28;2023-09-05;2025-09-04;2025-12-03;Sim;HMC;Preparação: Pré Inspeção
1252;POP.963;Manual Operacional - Recebimento de Insumos e Produtos - Optilab;;Optilab;Procedimento Operacional Padrão;Nickolle Rodrigues;;2023-08-31;2023-10-05;2025-10-04;2026-01-02;Sim;;
1253;POP.964;Manual Operacional - Transferências de Produtos e Insumos - Optilab;;Optilab;Procedimento Operacional Padrão;Nickolle Rodrigues;;2023-08-31;2023-09-06;2025-09-05;2025-12-04;Sim;;
1254;POP.965;Manual Operacional - Operação da Área SAT - Grown;;Grown;Procedimento Operacional Padrão;Luiz Felippe Santos;2;2024-12-16;2025-03-21;2026-03-21;2026-06-19;Sim;;
1255;POP.966;Manual Operacional - Garantias - Tecnolens;;Tecnolens;Procedimento Operacional Padrão;Francisco Paulo;1;2024-07-15;2024-07-17;2026-07-17;2026-10-16;Sim;Atendimento;Garantia
1256;POP.967;Manual Operacional - Pesagem e Descarte de Resíduos - Repro;;Repro;Procedimento Operacional Padrão;Thiago Zanotto;1;2024-03-12;2024-03-18;2026-05-14;2026-08-14;Sim;;
1257;POP.968;Manual Operacional - Operação do Varilux XR - Sumaré Laboratório;;Sumaré Laboratório;Procedimento Operacional Padrão;Rafael Medeiros;;2023-08-31;2023-12-14;2025-12-13;2026-03-13;Sim;;
1258;POP.969;Manual Operacional - Preenchimento de Cartões - Quadro PCP;;07-MELHORIA CONTÍNUA;Procedimento Operacional Padrão;Gabriely Gonçalves;;2023-09-01;2023-09-21;2025-09-20;2025-12-19;Sim;;
1259;POP.970;Manual Operacional - Operação do Varilux XR - Tecnolens;;Tecnolens;Procedimento Operacional Padrão;Ramon Gonçalves;1;2024-07-15;2024-07-17;2026-07-17;2026-10-16;Sim;SURFAÇAGEM;Preparação
1260;POP.971;Manual Operacional - Medição do Jarvis (Lentes Stellest);;00-Geral Testes;Procedimento Operacional Padrão;Renan Barbosa;1;2023-12-12;2024-01-31;2026-01-30;2026-04-30;Sim;;
1261;POP.972;Manual Operacional - Aprovação de Cupom - Grown;;Grown;Procedimento Operacional Padrão;Renata Adreolli;;2023-09-04;2023-10-02;2025-10-01;2025-12-30;Sim;;
1262;POP.973;Manual Operacional - Inspeção Final - Tecnolens;;09-Inspeção Final;Procedimento Operacional Padrão;Breno Santos;;2023-09-06;2023-09-06;2025-09-05;2025-12-04;Sim;HMC;"Inspeção Final: 
Controle Final"
1263;POP.974;Manunal Operacional - Tabela Hora Hora;;07-MELHORIA CONTÍNUA;Procedimento Operacional Padrão;Gabriely Gonçalves;;2023-09-11;2023-10-03;2025-10-02;2025-12-31;Sim;;
1264;POP.975;Manual Operacional - Criação de Janelas Hodie (Expedição) - Sumaré CD;;Sumaré CD;Procedimento Operacional Padrão;Aline Lopes;;2023-09-25;2023-09-25;2025-09-24;2025-12-23;Sim;;
1265;POP.976;Manual Operacional - Inspeção de Saída do HC - Sumaré Laboratório;;00-Geral HC;Procedimento Operacional Padrão;Alan Ferrer;;2023-09-25;2024-01-31;2026-01-30;2026-04-30;Sim;;
1266;POP.977;Manual Operacional - Garantias - Optilab;;Optilab;Procedimento Operacional Padrão;Nickolle Rodrigues;;2023-09-26;2023-10-05;2025-10-04;2026-01-02;Sim;;
1267;POP.978;Manual Operacional - Digitação, Alteração e Cancelamento de Pedidos - Optilab;;Optilab;Procedimento Operacional Padrão;Nickolle Rodrigues;;2023-09-26;2023-10-05;2025-10-04;2026-01-02;Sim;;
1268;POP.979;Manual Operacional - Embalagem de Lentes - LabRio;;LabRio;Procedimento Operacional Padrão;Stephany Christine;1;2024-06-18;2025-04-23;2026-04-23;2026-07-22;Sim;;
1269;POP.980;Manual Operacional - TECO X304V2;;TECO X304V2;Procedimento Operacional Padrão;Evellyn Santos;;2023-10-03;2023-10-27;2025-10-26;2026-01-24;Sim;;
1270;POP.981;Manual Operacional - ProMapper;;ProMapper;Procedimento Operacional Padrão;Renan Barbosa;;2023-10-03;2023-10-27;2025-10-26;2026-01-24;Sim;SURFAÇAGEM;Conferência
1271;POP.986;Manual Operativa - Aprendizaje de Grabados de Diseños - Promapper;;07-Conferencia;Procedimento Operacional Padrão;Pauline Gomez;;2023-10-11;2024-02-01;2026-01-31;2026-05-01;Sim;;
1272;POP.987;Verificación con Lentes Minerales Essilor - Promapper;;07-Conferencia;Procedimento Operacional Padrão;Pauline Gomez;;2023-10-11;2024-02-01;2026-01-31;2026-04-30;Sim;;
1273;POP.988;Manual Operacional - Rastreabilidade de Pedidos - Optilab;;Optilab;Procedimento Operacional Padrão;Nickolle Rodrigues;;2023-10-16;2023-10-25;2025-10-24;2026-01-22;Sim;;
1274;POP.989;Manual Operacional - Operação da Stellest - LabRio;;LabRio;Procedimento Operacional Padrão;Evellyn Santos;;2023-10-16;2024-02-19;2025-02-18;2026-05-19;Sim;;
1275;POP.990;Manual Operacional - Operação do Varilux XR - LabRio;;LabRio;Procedimento Operacional Padrão;Renan Barbosa;;2023-10-16;2024-03-11;2026-06-09;2026-09-08;Sim;;
1276;POP.991;Manual Operacional - Rastreabilidade de Pedidos - Coating RS;;Coating RS;Procedimento Operacional Padrão;Christiano Silva;;2023-10-31;2023-11-01;2025-10-31;2026-01-29;Sim;;
1277;POP.992;Manual Operacional - Cálculo de Serviços - Grown;;Grown;Procedimento Operacional Padrão;Flávio Ferreira;1;2024-04-02;2024-04-09;2026-04-10;2026-07-09;Sim;;
1278;POP.994;Manual Operacional - Monitoramento de Realimentação do Cliente - Optilab;;Optilab;Procedimento Operacional Padrão;Nickolle Rodrigues;;2023-11-21;2023-11-22;2025-11-21;2026-02-19;Sim;;
1279;POP.995;Manual Operacional - Lançamento de Quebras - Optilab;;Optilab;Procedimento Operacional Padrão;Nickolle Rodrigues;;2023-11-21;2023-11-22;2025-11-21;2026-02-19;Sim;;
1280;POP.996;Manual Operacional - Conferência Final - digiTOP;;digiTOP;Procedimento Operacional Padrão;Nickolle Rodrigues;;2023-11-21;2023-11-22;2025-11-21;2026-02-19;Sim;;
1281;POP.997;Manual Operacional - Produto Não Conforme - Optilab;;Optilab;Procedimento Operacional Padrão;Nickolle Rodrigues;;2023-11-27;2023-12-04;2025-12-03;2026-03-03;Sim;;
1282;POP.998;Manual Operacional - Expedição e Faturamento - Optilab;;Optilab;Procedimento Operacional Padrão;Nickolle Rodrigues;;2023-11-27;2023-12-04;2025-12-03;2026-03-03;Sim;;
1283;POP.999;Manual Operacional - Rastreabilidade de Pedidos - Sumaré CD;;Sumaré CD;Procedimento Operacional Padrão;Denise Miranda;1;2025-07-11;2025-07-14;2026-07-14;2026-10-12;Sim;;
1284;PSQ.001;Apostila Padrão Cosmético;;Produtos e Informações;Procedimento do Sistema da Qualidade;Miguel Soares Lima;14;2024-07-03;2024-08-30;2026-08-31;2026-11-30;Sim;QUALIDADE;Conferência Cosmética
1285;PSQ.017;Controle de Documentos e Registros;;Qualidade;Procedimento do Sistema da Qualidade;Taís Flores;3;2024-04-11;2024-04-11;2026-06-19;2026-09-18;Sim;QUALIDADE;QUALIDADE
1286;PSQ.018;Realização de Produto;;Qualidade;Procedimento do Sistema da Qualidade;Taís Flores;2;2023-03-21;2023-07-18;2026-07-17;2026-10-16;Sim;QUALIDADE;QUALIDADE
1287;PSQ.019;Preservação de Insumo e Produto;;Qualidade;Procedimento do Sistema da Qualidade;Taís Flores;2;2023-05-19;2023-06-07;2026-06-05;2026-09-04;Sim;QUALIDADE;PRODUTO
1288;PSQ.020;Gestão de Fornecedores;;Qualidade;Procedimento do Sistema da Qualidade;Nathália Brandão;7;2024-10-24;2024-11-22;2025-11-22;2026-02-20;Sim;QUALIDADE;FORNECEDOR
1289;PSQ.022;Não Conformidade - Ações Corretivas e Preventivas;;Qualidade;Procedimento do Sistema da Qualidade;Taís Flores;5;2023-08-24;2023-08-29;2026-08-28;2026-11-26;Sim;QUALIDADE;QUALIDADE
1290;PSQ.023;Treinamentos;;Qualidade;Procedimento do Sistema da Qualidade;Dayanna Duarte;3;2023-08-31;2023-09-05;2026-05-20;2026-09-08;Sim;QUALIDADE;QUALIDADE
1291;PSQ.024;Auditoria;;Qualidade;Procedimento do Sistema da Qualidade;Taís Flores;3;2023-05-12;2023-05-18;2026-05-18;2026-08-17;Sim;QUALIDADE;AUDITORIA
1292;PSQ.025;Revisão Gerencial;;Qualidade;Procedimento do Sistema da Qualidade;Nathália Brandão;1;2023-05-03;2023-05-03;2026-05-01;2026-07-31;Sim;QUALIDADE;GERENCIAL
1293;PSQ.026;Identificação e Rastreabilidade;;Qualidade;Procedimento do Sistema da Qualidade;Taís Flores;1;2023-06-06;2023-06-26;2026-06-25;2026-09-24;Sim;QUALIDADE;PRODUTO
1294;PSQ.027;Procedimento de Validação;;Qualidade;Procedimento do Sistema da Qualidade;Taís Flores;2;2022-06-06;2022-06-10;2025-09-08;2025-12-09;Sim;QUALIDADE;PRODUTO
1295;PSQ.028;Gestão de Riscos;;Qualidade;Procedimento do Sistema da Qualidade;Nathália Brandão;5;2024-10-24;2024-11-21;2025-11-21;2026-02-19;Sim;QUALIDADE;QUALIDADE
1296;PSQ.029;Procedimento de Gestão de Mudança;;Qualidade;Procedimento do Sistema da Qualidade;Taís Flores;3;2024-03-19;2024-03-20;2026-06-09;2026-09-08;Sim;QUALIDADE;QUALIDADE
1297;PSQ.030;Procedimento Feedback de Clientes;;Qualidade;Procedimento do Sistema da Qualidade;Lucineide Pereira;1;2022-03-14;2022-03-15;2023-10-13;2026-08-17;Sim;QUALIDADE;VENDAS
1298;PSQ.031;Procedimento de Gerenciamento de Claim de Produtos e Serviços;;Qualidade;Procedimento do Sistema da Qualidade;Nathália Brandão;;2021-11-17;2022-03-03;2026-05-26;2026-08-25;Sim;QUALIDADE;CLAIM
1299;PSQ.032;Monitoramento de Equipamento de Medição;;Qualidade;Procedimento do Sistema da Qualidade;Taís Flores;7;2024-06-19;2024-06-20;2026-06-19;2026-09-18;Sim;QUALIDADE;CALIBRAÇÃO
1300;PSQ.033;Procedimento de Manutenção;;Qualidade;Procedimento do Sistema da Qualidade;Lucas Silva;1;2023-06-15;2023-06-26;2026-06-25;2026-09-24;Sim;QUALIDADE;MANUTENÇÃO
1301;TAB.002;Logotipos - Marcação das Lentes;;Produtos e Informações;Tabela;Nathália Brandão;22;2023-08-15;2023-08-18;2026-08-17;2026-11-16;Sim;;
1302;TAB.007;Manual de Indicadores - Itens de Controle;;Acompanhamento de Resultados;Tabela;Lucineide Pereira;1;2022-12-01;2023-09-04;2025-09-03;2025-12-02;Sim;QUALIDADE;QUALIDADE
1303;TAB.008;Lista Mestra - Especificação de Produtos DS Rx;;Qualidade;Tabela;José Hamilton;;2021-12-17;2022-03-03;2026-09-01;2026-10-30;Sim;QUALIDADE;PRODUÇÃO
1304;TAB.009;Tabela de Kit de Entrega por Produto;;Qualidade;Tabela;Taís Flores;2;2025-09-03;2025-09-04;2026-09-04;2026-12-03;Sim;QUALIDADE;PRODUÇÃO
1305;TAB.010;Herramientas y Equipos de Montaje;;Montado e Inspeccion;Tabela;Edgar Casallas;3;2023-06-15;2023-06-21;2026-06-19;2026-09-18;Sim;;
1306;TAB.011;Ferramentas e Equipamentos de Montagem;;Montagem e Inspeção;Tabela;Edgar Casallas;3;2023-06-15;2023-06-21;2026-06-19;2026-09-18;Sim;MONTAGEM;Encaixe
1307;TAB.012;Velocidade Noe e Noria - CDC1000 Mithril 1.6;;CDC1000/CDS1000;Tabela;Breno Santos;;2022-12-19;2023-03-03;2026-08-20;2026-11-18;Sim;HMC;Antirrisco: Destratamento e Verniz
1308;TAB.014;Siglas - Nomenclaturas - Codificações;;11-APRENDIZAGEM QUALIEX;Tabela;Nathália Brandão;1;2024-05-02;2024-05-02;2026-05-01;2026-07-31;Sim;QUALIDADE;Codificações
1309;TAB.015;Horários de Corte para Faturamento de Serviços - Sumaré Laboratório;;Sumaré Laboratório;Tabela;Rafael Medeiros;;2023-08-11;2023-08-18;2026-08-17;2026-11-16;Sim;;
1310;TAB.016;Velocidade Zoe e Noria - CDS1000 Mithril 1.6;;CDC1000/CDS1000;Tabela;Alan Ferrer;;2023-08-17;2023-08-18;2025-08-17;2026-11-16;Sim;;
1311;TAB.017;PCP Surfaçagem - Impressão;;00-Controle de Processo e DSPC;Tabela;Nathália Brandão;15;2025-03-06;2025-03-11;2026-03-11;2026-06-09;Sim;SURFAÇAGEM;PCP
1312;TAB.018;PCP HMC - Impressão;;00-Controle do Processo HMC;Tabela;Nathália Brandão;5;2024-03-08;2024-03-12;2026-06-10;2026-09-09;Sim;;
1313;TAB.020;Identificação de Cores de Bacias na Produção - Tecnolens;;Tecnolens;Tabela;Vinicius Silva;;2024-04-10;2024-04-11;2026-06-19;2026-09-18;Sim;SURFAÇAGEM;#Identificação
1314;TAB.021;PCP SPIN - Impressão;;05-SPIN;Tabela;Jessika Menacho;2;2025-04-10;2025-05-12;2026-05-12;2026-09-17;Sim;;
1315;TAB.022;PCP Montagem - Impressão;;00 - Controle de Processo;Tabela;Nathália Brandão;8;2024-09-30;2024-09-30;2025-09-30;2025-12-29;Sim;;
1316;TAB.023;Identificação de Cores de Boletas na Produção - Tecnolens;;Tecnolens;Tabela;Ramon Gonçalves;1;2024-10-31;2025-03-05;2026-03-05;2026-06-03;Sim;Estoque;TRIAGEM/CERTIFICAÇÃO
1317;TAB.024;Sequência Pré-Inspeção - Technopark;;Technopark;Tabela;Rodrigo Lima;;2024-09-19;2024-09-23;2025-09-23;2025-12-22;Sim;;
1318;TAB.025;Tab - Tabela de identificação de insumos do armário Azul do HMC;;Tecnolens;Tabela;Vinicius Silva;;2025-08-06;2025-09-04;2026-09-04;2026-12-03;Sim;;
1319;TAB.026;Códigos Motivos Optifacts - Technopark;;Technopark;Tabela;Rodrigo Lima;;2025-08-19;2025-08-29;2026-08-29;2026-11-27;Sim;;
1320;TAB.027;Tabela de identificação de cores de bacias para a Montagem;;Tecnolens;Tabela;Vinicius Silva;;2025-09-04;2025-09-12;2026-09-12;2026-12-11;Sim;;
