codigo;titulo;tipo;revisao;data_revisao;data_aprovacao;setor;area;elaborador;revisor;aprovador;numero;descricao;proxima_revisao;data_validade;documentos_controlados
DOC.001;Técnicos de Manutenção - Laboratórios;DOC;0;27/09/2019;27/09/2019;;;;;;;;;;Não
DOC.011;Modelo Padrão para 5S;DOC;0;07/10/2020;03/12/2020;;;;;;;Modelo Padrão para descrever o 5S de cada posto.;08/07/2026;07/10/2026;Não
DOC.012;DA - Gerente de Laboratório;DOC;1;11/08/2021;21/10/2021;;;;;;;;01/04/2026;01/07/2026;Sim
DOC.013;DA - Gerente de Métodos e Processos;DOC;1;11/08/2021;21/10/2021;;;;;;;;01/04/2026;01/07/2026;Sim
DOC.014;DA - Analista de Processos;DOC;1;09/08/2021;08/10/2021;;;;;;;;01/04/2026;01/07/2026;Sim
DOC.015;DA - Coordenador de Processos;DOC;1;09/08/2021;21/10/2021;;;;;;;;01/04/2026;01/07/2026;Sim
DOC.016;DA - Abastecedor de Linha;DOC;1;11/08/2021;08/10/2021;;;;;;;;01/04/2026;01/07/2026;Sim
DOC.017;DA - Supervisor de Produção;DOC;1;11/08/2021;21/10/2021;;;;;;;;01/04/2026;01/07/2026;Sim
DOC.018;DA - Líder de Produção;DOC;1;11/08/2021;02/06/2022;;;;;;;;01/04/2026;01/07/2026;Sim
DOC.021;DA - Analista de Qualidade;DOC;1;09/08/2021;08/10/2021;;;;;;;;01/04/2026;01/07/2026;Sim
DOC.022;DA - Gerente de Qualidade;DOC;1;11/08/2021;21/10/2021;;;;;;;;01/04/2026;01/07/2026;Sim
DOC.023;DA - Técnico em Óptica;DOC;1;11/08/2021;08/10/2021;;;;;;;;01/04/2026;01/07/2026;Sim
DOC.024;DA - Assistente de Qualidade;DOC;1;09/08/2021;08/10/2021;;;;;;;;01/04/2026;01/07/2026;Sim
DOC.025;DA - Operador de Produção;DOC;1;11/08/2021;08/10/2021;;;;;;;;01/04/2026;01/07/2026;Sim
DOC.028;Padronização de Uniformes;DOC;3;06/07/2022;05/09/2022;;;;;;;;02/07/2026;01/10/2026;Sim
DOC.030;Carta Cliente - Autorização - Defeitos de Bloco - Brasil;DOC;0;01/09/2021;10/09/2021;;;;;;;;20/05/2026;20/08/2026;Sim
DOC.032;Política da Qualidade;DOC;1;08/04/2022;12/04/2022;;;;;;;;08/07/2026;07/10/2026;Sim
DOC.033;Fluxograma de Processos - LabRio;DOC;4;20/03/2025;21/03/2025;;;;;;;;21/03/2026;19/06/2026;Sim
DOC.035;Manual de Procedimentos - Garantias e Programas de Parceria;DOC;3;17/04/2025;03/11/2025;;;;;;;;03/11/2026;01/02/2027;Sim
DOC.036;Fluxograma de Processo Padrão - HMC;DOC;0;02/05/2022;13/05/2024;;;;;;;;13/05/2026;12/08/2026;Sim
DOC.037;Procedimento de Devolução de Lentes - Technopark;DOC;3;15/09/2025;19/09/2025;;;;;;;;19/09/2026;18/12/2026;Sim
DOC.038;Fluxograma de Processo Padrão - Surfaçagem;DOC;0;10/06/2022;13/05/2024;;;;;;;;13/05/2026;12/08/2026;Sim
DOC.039;Fluxograma de Processo Padrão - Montagem;DOC;0;13/06/2022;13/05/2024;;;;;;;;13/05/2026;12/08/2026;Sim
DOC.040;Diagrama de Flujo Estándar del Proceso - Montagem;DOC;0;29/06/2022;13/05/2024;;;;;;;;13/05/2026;12/08/2026;Sim
DOC.041;Diagrama de Flujo Estándar del Proceso - HMC;DOC;0;30/06/2022;13/05/2024;;;;;;;;13/05/2026;12/08/2026;Sim
DOC.042;Diagrama de Flujo Estándar del Proceso - Surfaçagem;DOC;0;30/06/2022;13/05/2024;;;;;;;;13/05/2026;12/08/2026;Sim
DOC.043;Fluxo de Atendimento de Chamado para Manutenção Preventiva e Corretiva - Lab Rio;DOC;0;10/08/2022;22/09/2022;;;;;;;;20/09/2025;21/12/2025;Sim
DOC.044;Procedimiento de Creación de Imagen HD;DOC;0;11/08/2022;11/08/2022;;;;;;;;11/08/2026;09/11/2026;Sim
DOC.045;Procedimento de Criação de Imagem HD;DOC;0;11/08/2022;11/08/2022;;;;;;;;11/08/2026;09/11/2026;Sim
DOC.046;Alinhamento de Repasse de Pedidos para Novos Laboratórios - Lab Rio;DOC;0;11/08/2022;18/08/2022;;;;;;;;20/09/2025;21/12/2025;Sim
DOC.047;Fluxograma de Processos - Grown;DOC;3;09/01/2025;12/02/2025;;;;;;;;12/02/2026;13/05/2026;Sim
DOC.048;Fluxograma de Processos - Repro;DOC;3;05/09/2025;24/10/2025;;;;;;;;24/10/2026;22/01/2027;Sim
DOC.050;Política de Compras de Suprimentos - Ceditop;DOC;0;16/11/2022;28/11/2022;;;;;;;;28/08/2026;27/11/2026;Sim
DOC.051;Política de Compras de Insumos - Ceditop;DOC;1;20/01/2023;25/01/2023;;;;;;;;18/05/2026;17/08/2026;Sim
DOC.052;Política de Compras de Peças - Ceditop;DOC;0;16/11/2022;28/11/2022;;;;;;;;28/11/2025;16/02/2026;Sim
DOC.053;Política de Compras - Repro;DOC;2;21/11/2025;26/11/2025;;;;;;;;26/11/2026;24/02/2027;Sim
DOC.054;Fluxograma de Processos - Ceditop;DOC;2;02/10/2024;16/10/2024;;;;;;;;16/10/2025;14/01/2026;Sim
DOC.055;Fluxograma de Processos - Sumaré CD;DOC;1;25/09/2023;03/10/2023;;;;;;;;02/10/2025;31/12/2025;Sim
DOC.057;Manual de Compras - Grown;DOC;4;02/10/2024;07/10/2024;;;;;;;;07/10/2025;05/01/2026;Sim
DOC.058;Comunicação com o Cliente - Lab Rio;DOC;0;06/12/2022;07/12/2022;;;;;;;;09/06/2026;08/09/2026;Sim
DOC.059;Recusa de Nota Fiscal - Technopark;DOC;1;02/02/2023;06/02/2023;;;;;;;;06/02/2026;25/04/2026;Sim
DOC.060;Manual de Compras - Technoaprk;DOC;2;16/02/2023;10/03/2023;;;;;;;Antigo DEX.185;17/05/2025;30/12/2025;Sim
DOC.063;Critérios de Conformidade Cosmética;DOC;13;19/11/2024;22/11/2024;;;;;;;;22/11/2025;20/02/2026;Sim
DOC.066;Manual de Compras - digiTOP;DOC;1;13/03/2025;17/03/2025;;;;;;;;17/03/2026;15/06/2026;Sim
DOC.067;Comunicação com o Cliente - Repro;DOC;0;11/05/2023;25/05/2023;;;;;;;;25/05/2026;24/08/2026;Sim
DOC.068;Fluxograma de Processos - digiTOP;DOC;3;30/04/2025;30/05/2025;;;;;;;;30/05/2026;28/08/2026;Sim
DOC.069;Descrição de Atividade - Utilização;DOC;0;01/06/2023;18/07/2023;;;;;;;;17/07/2026;16/10/2026;Sim
DOC.070;Fluxograma de Processos - Coating RS;DOC;0;19/06/2023;19/07/2023;;;;;;;;17/07/2026;16/10/2026;Sim
DOC.071;Fluxograma de Processos - Tecnolens;DOC;1;06/09/2023;11/09/2023;;;;;;;;10/09/2025;09/12/2025;Sim
DOC.073;Manual de Compras - Tecnolens;DOC;0;11/07/2023;19/07/2023;;;;;;;;17/07/2026;16/10/2026;Sim
DOC.074;Descrição de Atividade DA - Modelo;DOC;0;17/07/2023;17/07/2023;;;;;;;;16/07/2026;15/10/2026;Sim
DOC.075;Padrão Cosmético - RX Referencial - Repro;DOC;1;30/07/2024;08/08/2024;;;;;;;;08/08/2026;06/11/2026;Sim
DOC.076;Tolerâncias para Lentes - Repro;DOC;0;26/07/2023;26/07/2023;;;;;;;;24/07/2026;23/10/2026;Sim
DOC.077;Pilares da Tomada de Decisão - Aprovado, Liberado Sob Concessão ou Reprovado;DOC;0;04/08/2023;04/08/2023;;;;;;;;04/08/2026;03/11/2026;Sim
DOC.078;Priorização de Serviços - Laboratório Sumaré;DOC;1;31/10/2023;14/12/2023;;;;;;;;13/12/2025;13/03/2026;Sim
DOC.079;Fluxograma de Processos - Sumaré Laboratório;DOC;1;30/09/2024;16/10/2024;;;;;;;;16/10/2025;14/01/2026;Sim
DOC.080;DA - Coordenador de Qualidade;DOC;0;23/10/2023;27/10/2023;;;;;;;;26/10/2025;24/01/2026;Sim
DOC.081;DA - Gerente Técnico;DOC;0;23/10/2023;27/10/2023;;;;;;;;26/10/2025;24/01/2026;Sim
DOC.082;Manual de Compras - Optilab;DOC;0;21/11/2023;04/12/2023;;;;;;;;03/12/2025;03/03/2026;Sim
DOC.083;Fluxograma de Processos - Optilab;DOC;1;29/04/2025;30/05/2025;;;;;;;Fluxograma de Processos - Optilab;30/05/2026;28/08/2026;Sim
DOC.084;Gestão de Troca dos Pads (Descarte) - Padrão;DOC;0;01/02/2024;02/02/2024;;;;;;;;01/02/2026;02/05/2026;Sim
DOC.085;Manual de compras - Visolab;DOC;0;09/02/2024;21/02/2024;;;;;;;;20/02/2026;21/05/2026;Sim
DOC.086;Fotos - Cadinho Processo Essilor - Lab Sumaré;DOC;0;21/02/2024;21/02/2024;;;;;;;;20/05/2026;20/08/2026;Sim
DOC.087;Fluxograma de Processos - Visolab;DOC;2;16/08/2024;16/08/2024;;;;;;;;17/08/2026;16/11/2026;Sim
DOC.088;Fluxo do Rack - Technopark;DOC;1;09/09/2025;28/10/2025;;;;;;;;28/10/2026;26/01/2027;Sim
DOC.089;Acompanhamento dos Pedidos por Cores - Visolab;DOC;0;06/05/2024;07/05/2024;;;;;;;;07/05/2026;06/08/2026;Sim
DOC.090;Montagem de Garra - Gabarito;DOC;1;18/09/2024;16/10/2024;;;;;;;;16/10/2025;14/01/2026;Sim
DOC.092;Padrão de Envio de Fotos de Lentes para Garantia - Visolab;DOC;0;17/07/2024;19/07/2024;;;;;;;;20/07/2026;19/10/2026;Sim
DOC.095;Gabarito de Direcionamento - Prisma;DOC;0;25/07/2024;30/07/2024;;;;;;;;30/07/2026;29/10/2026;Sim
DOC.101;Organograma - Visolab;DOC;0;20/08/2024;20/08/2024;;;;;;;;20/08/2026;18/11/2026;Sim
DOC.102;Organograma - Ceditop;DOC;1;27/09/2025;30/09/2025;;;;;;;;30/09/2026;29/12/2026;Sim
DOC.103;Codificação_Padrão DIG;DOC;0;18/11/2024;22/11/2024;;;;;;;;22/11/2025;20/02/2026;Sim
DOC.104;Processo em Casos de Emergência - Ceditop;DOC;0;12/12/2024;18/02/2025;;;;;;;;18/02/2026;19/05/2026;Sim
DOC.106;Gabarito de Utlização de Blue Tape - Fitadeira Manual;DOC;0;12/02/2025;10/06/2025;;;;;;;;10/06/2026;08/09/2026;Sim
DOC.107;Política de Estoque - Repro;DOC;0;12/02/2025;12/02/2025;;;;;;;;12/02/2026;21/01/2027;Sim
DOC.108;Softwares para Validação - Lab Rio;DOC;0;01/05/2025;05/06/2025;;;;;;;;05/06/2026;03/09/2026;Sim
DOC.109;Critério de Conformidade Cosmética - Lentes Stellest - Lab Rio;DOC;0;01/05/2025;15/05/2025;;;;;;;;15/05/2026;13/08/2026;Sim
DOC.110;Procedimento para armações Danificadas - Visolab;DOC;0;22/05/2025;29/05/2025;;;;;;;;29/05/2026;27/08/2026;Sim
DOC.111;Softwares para Validação - Visolab;DOC;0;09/06/2025;25/06/2025;;;;;;;;25/06/2026;23/09/2026;Sim
DOC.113;Organograma - Technopark;DOC;0;08/08/2025;04/09/2025;;;;;;;Organograma - Technopark;04/09/2026;03/12/2026;Sim
DOC.114;Leitura do Pedido de Defeito e Quebra no Estoque - Repro;DOC;0;28/08/2025;29/08/2025;;;;;;;;29/08/2026;27/11/2026;Sim
DOC.115;Bases Diferentes no Estoque - Repro;DOC;0;28/08/2025;29/08/2025;;;;;;;;29/08/2026;27/11/2026;Sim
DOC.116;Avaliação de Conferência Óptica - Lab Rio;DOC;0;24/09/2025;30/09/2025;;;;;;;;30/09/2026;29/12/2026;Sim
DOC.117;Avaliação de Conferência de Montagem - Lab Rio;DOC;0;24/09/2025;29/09/2025;;;;;;;"Ajustadas os seguintes itens: - Nome do Documento; - Fotos em linha do texto; - Erros de digitação; - Formatação de texto.";29/09/2026;28/12/2026;Sim
DOC.118;Avaliação de FOG-ID para Lentes com Antirreflexo Crizal e No Reflex - Lab Rio;DOC;0;08/10/2025;13/10/2025;;;;;;;Documento para usar em treinamento de reciclagem de auditoria de produto.;13/10/2026;11/01/2027;Sim
DEX.002;ISO 9001:2015 - Sistemas de gestão da qualidade - Requisitos;DEX;0;28/02/2019;28/02/2019;;;;;;;;19/08/2026;18/11/2026;Sim
DEX.003;QEE-0335.r13_Seguranca_do_Qualiex_Essilor;DEX;0;13/03/2019;13/03/2019;;;;;;;;;;Não
DEX.004;Termos-de-uso Forlogic X Essilor;DEX;0;13/03/2019;13/03/2019;;;;;;;;;;Não
DEX.005;Minuta Contrato Padrão Prestação de Serviços;DEX;0;13/03/2019;13/03/2019;;;;;;;;;;Não
DEX.006;ABNT NBR ISO.IEC17025 - Requisitos gerais para a competência de laboratórios de ensaio e calibração;DEX;0;08/04/2019;08/04/2019;;;;;;;;19/08/2026;17/11/2026;Sim
DEX.008;ICR08041 - HC Control Plan for Rx Labs;DEX;2;14/08/2024;26/08/2024;;;;;;;;26/08/2026;24/11/2026;Sim
DEX.009;ISTM 04025 Rx Optica Specification - Inteiras e cortadas  - Português;DEX;1;24/08/2020;24/08/2020;;;;;;;;;;Não
DEX.010;ICR08041 - HC Control Plan for Rx Labs;DEX;1;24/08/2020;24/08/2020;;;;;;;;;;Não
DEX.011;Finished lenses optical standard ISTM 04.025;DEX;3;09/06/2025;12/08/2025;;;;;;;ISO / ANSI Optical tolerances;12/08/2026;10/11/2026;Sim
DEX.012;ISTM04 - 024  - Rx Cosmetic Standard;DEX;4;02/08/2023;04/08/2023;;;;;;;;03/08/2026;03/11/2026;Sim
DEX.014;IMS18E78 - Criza Easy E-SPF 25 Mithril 1.5 - Côncavo;DEX;1;22/03/2016;22/03/2016;;;;;;;Rev1 - 22/03/2016;;;Não
DEX.015;IMS18E64 - Crizal Forte UV E-SPF 25 Mithril 1.5 - Côncavo;DEX;2;22/03/2016;22/03/2016;;;;;;;;;;Não
DEX.016;IMS18E65 - Crizal Forte UV E-SPF 35 Mithril 1.5 - Côncavo;DEX;3;22/06/2016;22/06/2016;;;;;;;;;;Não
DEX.017;IMS18E59 - Crizal Forte UV E-SPF 35 Mithril 1.5 - Convexo;DEX;1;20/01/2016;20/01/2016;;;;;;;;;;Não
DEX.018;IMS18F19 - Crizal Forte UV E-SPF 35 Mithril 1.6 - Côncavo;DEX;2;22/06/2017;22/06/2017;;;;;;;;;;Não
DEX.019;IMS18E65 - Crizal Forte E-SPF 35 Mithril 1.5 - Côncavo;DEX;3;22/06/2016;22/06/2016;;;;;;;Mesmo documento do Crizal Forte CC;;;Não
DEX.020;IMS18E53 - Crizal Prevência Mithril 1.5 - Convexo;DEX;3;01/09/2016;01/09/2016;;;;;;;;;;Não
DEX.021;IMS18F19 - Crizal Forte UV E-SPF 35 Mithril 1.6 - Côncavo;DEX;2;22/06/2017;22/06/2017;;;;;;;;;;Não
DEX.022;IMS18F36 - Crizal Prevência Mithril 1.6 - Convexo;DEX;1;23/11/2017;23/11/2017;;;;;;;;;;Não
DEX.023;IMS18E98 Crizal Sapphire Mithril 1.5 - Côncavo (LGNASUL UV35);DEX;1;17/10/2017;17/10/2017;;;;;;;;;;Não
DEX.024;IMS18B54 Crizal Sapphire Mithril 1.5 - Convexo (LGNASUL UV35);DEX;1;10/03/2017;10/03/2017;;;;;;;;;;Não
DEX.025;IMS18E97 Crizal Sapphire UV E-SPF 35 Mithril 1.6 - Côncavo;DEX;1;15/12/2016;15/12/2016;;;;;;;;;;Não
DEX.026;IMS18F20  Crizal Sapphire UV E-SPF 35 Mithril 1.6 - Convexo;DEX;1;15/09/2017;15/09/2017;;;;;;;;;;Não
DEX.027;IMS18E67 CR39_MITHRIL_1.5_MC3_RX;DEX;1;28/01/2016;28/01/2016;;;;;;;;;;Não
DEX.030;IMS18F19 - Crizal Forte UV E-SPF 35 Mithril 1.6 - Côncavo;DEX;2;22/06/2017;22/06/2017;;;;;;;;;;Não
DEX.033;Manual de aplicação 5S;DEX;0;08/10/2020;03/12/2020;;;;;;;;09/07/2026;08/10/2026;Não
DEX.034;ABNT NBR ISO13485:2016 - Produtos para saúde - Sistemas de gestão da qualidade - Requisitos para fins regulamentares;DEX;0;12/11/2020;12/11/2020;;;;;;;;18/05/2026;17/08/2026;Sim
DEX.035;Cross Hatch Adhesion Test for Hard Coating - ISTM-02-010;DEX;8;11/03/2025;11/03/2025;;;;;;;;11/03/2026;09/06/2026;Sim
DEX.036;Tabela de Incompatibilidade;DEX;0;08/04/2021;12/04/2021;;;;;;;Anexo 2;;;Sim
DEX.038;Rótulos de Classe I  e Recicláveis;DEX;0;12/04/2021;13/04/2021;;;;;;;Inserido como DEX;13/10/2025;29/12/2025;Sim
DEX.039;ABNT NBR ISO 8980-2:2021 Parte 2: Especificações para lentes de potência variável;DEX;1;04/09/2023;04/09/2023;;;;;;;Óptica oftálmica - Lentes para óculos acabadas e não cortadas Parte 2: Especificações para lentes de potência variável;04/09/2025;04/12/2025;Sim
DEX.040;DIP PROCESSES PARAMETERS - HC - DO-ENG02.0488;DEX;15;30/06/2021;30/06/2021;;;;;;;DO-ENG(02) OPERATING MODE.0488_15 DIP PROCESSES PARAMETERS.docx - DO-ENG(02) OPERATING MODE.0488_15 (1);30/06/2026;29/09/2026;Sim
DEX.041;NR05 - COMISSÃO INTERNA DE PREVENÇÃO DE ACIDENTES E DE ASSÉDIO - CIPA;DEX;1;04/09/2023;04/09/2023;;;;;;;NR 05 - Comissão interna de prevenção de acidentes NR05-COMISSÃOINTERNADEPREVENÇÃODEACIDENTESEDEASSÉDIO-CIPA(PortariaMTPnº4.219,de20dedezembrode2022-Títuloqueentraemvigornodia 20demarçode2023);04/09/2025;04/12/2025;Sim
DEX.042;ICR08043 - ICR Titanium;DEX;1;27/07/2021;27/07/2021;;;;;;;;03/11/2025;02/02/2026;Sim
DEX.043;DQO 04.020 - Standard for Storage and Transportations of lenses NEW Rev10;DEX;1;30/01/2023;30/01/2023;;;;;;;;30/01/2026;30/04/2026;Sim
DEX.044;IMS 18253 - Validade Materiais Produtos;DEX;2;24/08/2021;24/08/2021;;;;;;;;03/11/2025;02/02/2026;Sim
DEX.045;DQO-07.527 - Tracking Code Description;DEX;1;10/04/2024;06/05/2024;;;;;;;;06/05/2026;05/08/2026;Sim
DEX.046;Specs - HVAC - HMC - Clean Room for HMC Processes;DEX;1;17/01/2019;26/08/2021;;;;;;;;02/02/2026;02/05/2026;Sim
DEX.048;ISTM 01 - 002 E - Cosmetic Defect Glossary;DEX;3;10/09/2021;10/09/2021;;;;;;;;08/01/2026;08/04/2026;Sim
DEX.049;ISTM 02- 020 - Inspeção Cosmética;DEX;4;10/09/2021;10/09/2021;;;;;;;;12/09/2025;05/01/2026;Sim
DEX.050;ISTM 02 - 373 - Rx Cosmetic Inspection;DEX;1;10/09/2021;10/09/2021;;;;;;;;12/09/2025;05/01/2026;Sim
DEX.051;NBR 5426 Nb 309 01 - Planos Amostragem Procedimentos Inspeção Atributos;DEX;0;15/09/2021;15/09/2021;;;;;;;;03/06/2026;02/09/2026;Sim
DEX.052;Portaria GM MS Nº 888, de 4 de maio de 2021;DEX;0;27/09/2021;07/12/2021;;;;;;;;27/09/2025;28/11/2025;Sim
DEX.053;Programa de Proteção Respiratória - Fundacentro;DEX;0;27/09/2021;07/12/2021;;;;;;;;27/09/2025;27/12/2025;Sim
DEX.054;NR 6 - Equipamento de Proteção Individual;DEX;1;17/04/2024;18/04/2024;;;;;;;;20/04/2026;20/07/2026;Sim
DEX.055;NR 01 - Disposições Gerais e Gerenciamento de Riscos Ocupacionais;DEX;1;17/04/2024;22/08/2024;;;;;;;;21/08/2026;19/11/2026;Sim
DEX.056;Workflow Novo Produto_v2003_V10_2;DEX;10;07/10/2021;07/10/2021;;;;;;;;14/08/2026;13/11/2026;Sim
DEX.057;Solicitação de procedimento LIMS (português);DEX;2;01/11/2021;03/11/2021;;;;;;;;03/02/2026;03/05/2026;Sim
DEX.058;General Specifications for Ventilation and air-conditionning in HMC Clean Rooms (Process Rooms);DEX;1;17/01/2019;17/01/2019;;;;;;;;09/02/2026;09/05/2026;Sim
DEX.059;Lab Product Resume - Produtos Calculados pelo ADOC;DEX;0;17/12/2021;27/12/2021;;;;;;;;27/09/2025;05/01/2026;Sim
DEX.060;Lab Product Resume - Produtos Calculados pelo SCG;DEX;0;17/12/2021;27/12/2021;;;;;;;;27/09/2025;05/01/2026;Sim
DEX.061;NR 10 - Segurança em Instalações e Serviços em Eletricidade;DEX;0;28/12/2021;28/12/2021;;;;;;;;09/06/2026;08/09/2026;Sim
DEX.062;Lock-Out Tag-Out;DEX;0;28/12/2021;28/12/2021;;;;;;;;09/06/2026;08/09/2026;Sim
DEX.063;Workplace Risk Assessment;DEX;0;28/12/2021;03/01/2022;;;;;;;;09/06/2026;08/09/2026;Sim
DEX.064;Emergency Procedures;DEX;0;28/12/2021;28/12/2021;;;;;;;;09/06/2026;08/09/2026;Sim
DEX.065;Fire Prevention and Response;DEX;1;28/12/2021;23/02/2022;;;;;;;;09/06/2026;08/09/2026;Sim
DEX.066;Confined Spaces;DEX;1;28/12/2021;23/02/2022;;;;;;;;09/06/2026;08/09/2026;Sim
DEX.067;Hot Work;DEX;1;28/12/2021;23/02/2022;;;;;;;;09/06/2026;08/09/2026;Sim
DEX.068;Work at Height;DEX;1;28/12/2021;23/02/2022;;;;;;;;09/06/2026;08/09/2026;Sim
DEX.069;NR 33 - Segurança e Saúde nos Trabalhos em Espaços Confinados;DEX;0;28/12/2021;23/02/2022;;;;;;;;09/06/2026;08/09/2026;Sim
DEX.070;NR 35 - Trabalho em Altura;DEX;0;28/12/2021;23/02/2022;;;;;;;;09/06/2026;08/09/2026;Sim
DEX.071;Lei Nº 6.367, de 19 de Outubro de 1976;DEX;0;28/12/2021;28/12/2021;;;;;;;;09/06/2026;09/09/2026;Sim
DEX.072;Lei Nº 6.514, de 22 de Dezembro de 1977;DEX;0;28/12/2021;28/12/2021;;;;;;;;09/06/2026;08/09/2026;Sim
DEX.073;Lei Nº 8.213, de 24 de Julho de 1991;DEX;0;28/12/2021;28/12/2021;;;;;;;;09/06/2026;08/09/2026;Sim
DEX.074;Design and Use Of;DEX;0;28/12/2021;28/12/2021;;;;;;;;09/06/2026;08/09/2026;Sim
DEX.075;Essilor Machinery Safety Policy;DEX;0;28/12/2021;28/12/2021;;;;;;;;09/06/2026;08/09/2026;Sim
DEX.076;NR-12 - Segurança no Trabalho em Máquinas e Equipamentos;DEX;0;28/12/2021;10/02/2022;;;;;;;;09/06/2026;08/09/2026;Sim
DEX.148;EMS - Acceptance Report;DEX;0;28/12/2021;10/02/2022;;;;;;;;09/06/2026;08/09/2026;Sim
DEX.149;Essilor Machinery Safety Guide;DEX;0;28/12/2021;10/02/2022;;;;;;;;09/06/2026;08/09/2026;Sim
DEX.150;Pre-Risk Assessment;DEX;0;28/12/2021;10/02/2022;;;;;;;;09/06/2026;08/09/2026;Sim
DEX.151;Verificação de Alinhamento de Aro;DEX;0;18/01/2022;31/01/2022;;;;;;;;09/06/2026;08/09/2026;Sim
DEX.152;Measurement of the Solid Content - HC - DO-ENG02.0476;DEX;8;11/03/2025;11/03/2025;;;;;;;;11/03/2026;11/06/2026;Sim
DEX.153;Measurement of Viscosity - HC - DO-ENG02.0838;DEX;6;11/03/2025;11/03/2025;;;;;;;;11/03/2026;09/06/2026;Sim
DEX.154;New Strip-K Formulation -  DO-ENGENG 02.1346;DEX;4;19/04/2022;20/09/2022;;;;;;;;13/09/2025;13/12/2025;Sim
DEX.156;DO-ENG02-1745 - Reception of Varnish and Primer Carboys e Incoming Tests;DEX;5;20/03/2024;17/04/2024;;;;;;;;17/04/2025;24/07/2026;Sim
DEX.157;Mithril 1.6 Maintenance - DO-ENG02.1348;DEX;12;02/04/2025;02/04/2025;;;;;;;;02/04/2026;02/07/2026;Sim
DEX.158;Chemical Solutions Preparation Methods for Dip Processes - DO-ENG02.484;DEX;8;19/04/2022;20/09/2022;;;;;;;;07/07/2026;06/10/2026;Sim
DEX.159;Preparation of Newstrip solution from C/11 Concentrated - DO-ENG02.1378;DEX;2;19/04/2022;20/09/2022;;;;;;;;07/07/2026;06/11/2026;Sim
DEX.161;Preparation and Maintenance of J2L9 Solution in Rx Hard Coat Production;DEX;2;20/04/2022;20/09/2022;;;;;;;;07/07/2026;06/11/2026;Sim
DEX.162;Water guideline in HC process - DO-ENG02.1324;DEX;4;20/04/2022;20/09/2022;;;;;;;;01/06/2026;31/08/2026;Sim
DEX.165;Manual de Compras Essilor - Orgalent;DEX;2;06/05/2022;18/10/2022;;;;;;;;20/09/2025;21/12/2025;Não
DEX.166;Modelo NOE NORIA Acompanhamento DO-ENG02.1348;DEX;0;24/05/2022;25/11/2024;;;;;;;;25/11/2025;23/02/2026;Sim
DEX.169;Nova Formulação de Strip-K - DO-ENGENG 02.1346;DEX;4;24/05/2022;10/10/2023;;;;;;;;09/10/2025;07/01/2026;Sim
DEX.172;Métodos de Preparação de Soluções Químicas para Processos de Mergulho - DO-ENG02.484;DEX;8;24/05/2022;10/10/2023;;;;;;;;09/10/2025;07/01/2026;Sim
DEX.173;Preparação de solução de Newstrip de C/11 Concentrado - DO-ENG02.1378;DEX;2;24/05/2022;10/10/2023;;;;;;;;09/10/2025;07/01/2026;Sim
DEX.174;Preparação e Manutenção da Solução J2L9 na Produção de Revestimento Duro Rx;DEX;3;02/12/2024;30/12/2024;;;;;;;;30/12/2025;30/03/2026;Sim
DEX.175;Diretriz de água no processo HC - DO-ENG02.1324;DEX;4;24/05/2022;10/10/2023;;;;;;;;09/10/2025;07/01/2026;Sim
DEX.176;NR 24 - Condições Sanitárias e de Conforto nos Locais de Trabalho;DEX;0;27/05/2022;27/05/2022;;;;;;;;27/05/2026;26/08/2026;Sim
DEX.178;ISTM 02258 - user_guide_SMR Thickness;DEX;0;10/07/2017;10/07/2017;;;;;;;;29/05/2026;28/08/2026;Sim
DEX.179;ISTM 09-069-05-EF - Selection of crown for reflectance measurement with SMR;DEX;5;10/06/2022;10/06/2022;;;;;;;;11/11/2025;10/02/2026;Sim
DEX.181;ABNT NBR ISO 8980-1:2021 Parte 1: Especificações para lentes de visão simples e multifocal;DEX;1;04/09/2023;04/09/2023;;;;;;;;04/09/2025;04/12/2025;Sim
DEX.182;ABNT NBR ISO 8980-3:2024 Parte 3: Especificações de transmitância e métodos de ensaio;DEX;2;08/10/2025;08/10/2025;;;;;;;Óptica oftálmica - Lentes para óculos acabadas e não cortadas Parte 3: Especificações de transmitância e métodos de ensaio;;;Sim
DEX.183;Crizal Prevencia UV35 Mithril 1.6 - DO-ENG02.0850;DEX;2;02/09/2022;10/10/2023;;;;;;;;09/10/2025;07/01/2026;Sim
DEX.184;LEI Nº 12.903, DE 14 DE JANEIRO DE 2008 - Constituição do Estado - RS;DEX;0;14/12/2022;14/12/2022;;;;;;;;14/12/2025;14/03/2026;Sim
DEX.188;AR Color Distribution Control;DEX;3;22/05/2023;03/07/2023;;;;;;;;02/07/2026;01/10/2026;Sim
DEX.189;P 8.1-06 V01 - Gerenciamento de Resíduos Industriais;DEX;1;17/05/2023;17/05/2023;;;;;;;;18/05/2026;17/08/2026;Sim
DEX.190;P 8.1-08 V01 - Infor. Segurança Produtos Químicos;DEX;1;17/05/2023;17/05/2023;;;;;;;;18/05/2026;17/08/2026;Sim
DEX.191;P 8.1-16 V01 Utilização de EPIs;DEX;1;17/05/2023;17/05/2023;;;;;;;;18/05/2026;17/08/2026;Sim
DEX.192;ABNT NBR ISO 31000:2018 - Gestão de Riscos - Diretrizes;DEX;2;18/05/2023;18/05/2023;;;;;;;;18/05/2026;17/08/2026;Sim
DEX.193;Vocabulário Internacional de Metrologia - (VIM 2012);DEX;1;18/05/2023;18/05/2023;;;;;;;;18/05/2026;17/08/2026;Sim
DEX.196;Leak Rate Package for AR in Mass Production and Rx;DEX;2;05/04/2024;16/04/2024;;;;;;;;16/04/2026;15/07/2026;Sim
DEX.197;Certificado de Regularidade Técnica - Óptico - Repro - MAURILIO ROBERTO PEREIRA;DEX;2;14/03/2025;13/06/2025;;;;;;;;13/06/2026;11/09/2026;Sim
DEX.201;Decreto Nº 5711 - 23/05/2002 do Paraná PR codigo estado;DEX;0;24/05/2023;24/05/2023;;;;;;;;25/05/2026;24/08/2026;Sim
DEX.202;Certificado de Regularidade Técnica - Óptico - Optilab - RICARDO MARCEL CABRAL DE OLIVEIRA;DEX;2;20/12/2024;20/12/2024;;;;;;;;20/12/2025;20/03/2026;Sim
DEX.203;Certificado de Regularidade Técnica - Óptico - Optilab - MARCIO AUGUSTO MARTINS;DEX;2;20/12/2024;20/12/2024;;;;;;;;25/11/2026;25/11/2026;Sim
DEX.204;Decreto Estadual Nº 12.479 de 18 de outubro de 1978 - ESTADO DE SÃO PAULO;DEX;0;24/05/2023;24/05/2023;;;;;;;;25/05/2026;24/08/2026;Sim
DEX.205;Decreto Nº 5711 - 23/05/2002 do Paraná PR codigo estado;DEX;0;24/05/2023;24/05/2023;;;;;;;;25/05/2026;24/08/2026;Sim
DEX.207;Certificado de Regularidade Técnica - Óptico - Ceditop - Luiz Fernando Sturmer;DEX;2;13/02/2025;29/04/2025;;;;;;;;29/04/2026;28/07/2026;Sim
DEX.209;Decreto nº 24.492, de 28 de junho de 1934;DEX;0;24/05/2023;24/05/2023;;;;;;;;25/05/2026;24/08/2026;Sim
DEX.210;Ion Gun - 7 Passos de Rotina (MARK II e II+);DEX;3;30/05/2023;03/07/2023;;;;;;;;02/07/2026;01/10/2026;Sim
DEX.211;Lei  Nº 18.561, de 21 de Dezembro de 2022;DEX;0;31/05/2023;31/05/2023;;;;;;;;01/06/2026;28/08/2026;Sim
DEX.212;Decreto N. 24.492, de 28 de Junho de 1934 - RJ;DEX;0;31/05/2023;31/05/2023;;;;;;;;01/06/2026;28/08/2026;Sim
DEX.213;Dispensa de Licença Vigilância Sanitária - Technopark;DEX;0;01/06/2023;01/06/2023;;;;;;;;;;Não
DEX.214;Gerenciamento do Cabeçote do Cristal de Quartzo e sua Manutenção para Máquina de AR - DO-ENG-021011;DEX;0;06/06/2023;03/07/2023;;;;;;;;02/07/2026;01/10/2026;Sim
DEX.216;Medição de Densidade de Potência Ultra-Sônica para Máquina SCL - DO-ENG-02OPR-00659;DEX;1;03/07/2023;10/10/2023;;;;;;;;09/10/2025;07/01/2026;Sim
DEX.217;Medição de Densidade de Potência Ultrassônica para Máquina LVM e D - DO-ENG02-0891;DEX;3;03/07/2023;10/10/2023;;;;;;;;09/10/2025;07/01/2026;Sim
DEX.218;Configuração do SiO2 Material - ENG-02-161;DEX;2;03/07/2023;10/10/2023;;;;;;;;09/10/2025;07/01/2026;Sim
DEX.220;Modo de Operação - Configuração do material ZrO2 - DO-ENG-02-630;DEX;2;03/07/2023;10/10/2023;;;;;;;;09/10/2025;07/01/2026;Sim
DEX.221;Ta2O5 (Pentóxido de Tântalo, Tântalo(V)-Óxido) - Arquivo de configuração de material - DO-ENG-02-1313;DEX;6;03/07/2023;10/10/2023;;;;;;;;09/10/2025;07/01/2026;Sim
DEX.222;Rx Manufacturing Referential - GIB/BIG System;DEX;1;04/08/2023;04/08/2023;;;;;;;;03/08/2026;03/11/2026;Sim
DEX.223;ISTM 03 - 020 - Visual Inspection - Lens Inspection Checking Operation Mode;DEX;3;04/08/2023;04/08/2023;;;;;;;;03/08/2026;03/11/2026;Sim
DEX.224;DSX Top Coat Checking Using The Magic INK Nº500 Pen;DEX;3;08/08/2023;11/08/2023;;;;;;;;10/08/2026;09/11/2026;Sim
DEX.225;KY-130 Top Coat Checking Using The Mc Kee Zebra Pen;DEX;2;08/08/2023;11/08/2023;;;;;;;;10/08/2026;09/11/2026;Sim
DEX.226;Spectral Reflectance Measurement of Lenses With SMR - ISTM 02-016;DEX;0;15/03/2023;17/03/2023;;;;;;;;09/06/2026;08/09/2026;Sim
DEX.227;New SMR Validation;DEX;1;20/03/2018;28/03/2018;;;;;;;;10/08/2026;09/11/2026;Sim
DEX.228;ISTM 02-036 - Installation Guide SMR - System of Measurements by Reflection of AR Coatings;DEX;8;01/03/2017;01/03/2017;;;;;;;;10/08/2026;09/11/2026;Sim
DEX.230;Aquisição (Materiais/Serviços) - Laboratório Sumaré;DEX;0;21/08/2023;21/08/2023;;;;;;;;20/08/2026;18/11/2026;Sim
DEX.231;ISTM 02-026 - Operating Mode RCO2 Test;DEX;2;14/05/2018;30/05/2018;;;;;;;;28/08/2025;28/11/2025;Sim
DEX.233;ISTM 09-146 - RCO2 Test;DEX;1;16/02/2016;16/02/2016;;;;;;;;28/08/2025;28/11/2025;Sim
DEX.234;ISTM 09-018 - Ink Test;DEX;2;03/05/2018;03/05/2018;;;;;;;;28/08/2025;28/11/2025;Sim
DEX.235;ISTM 09-082 - Ink Test;DEX;3;06/07/2018;06/07/2018;;;;;;;;28/08/2025;28/11/2025;Sim
DEX.236;NX 10 Blows Test - ISTM-02-011;DEX;9;11/03/2025;11/03/2025;;;;;;;;11/03/2026;11/06/2026;Sim
DEX.238;ABNT NBR ISO 8980-4:2013 Parte 4: Especificações e métodos de ensaio para revestimentos antirrefletivos;DEX;1;04/09/2023;04/09/2023;;;;;;;Válida a apartir de 08.12.2013 Óptica oftálmica — Lentes para óculos acabadas e não cortadas Parte 4: Especificações e métodos de ensaio para revestimentos antirrefletivos;03/09/2025;02/12/2025;Sim
DEX.239;ABNT NBR ISO 8980-5:2022 Parte 5: Requisitos mínimos para superfícies de lentes para óculos resistentes à abrasão;DEX;1;04/09/2023;04/09/2023;;;;;;;Óptica oftálmica - Lentes para óculos acabadas e não cortadas Parte 5: Requisitos mínimos para superfícies de lentes para óculos resistentes à abrasão;03/09/2025;02/12/2025;Sim
DEX.241;UV Monitoring Procedure - DO-ENG-02OPR-00529;DEX;2;08/04/2022;08/04/2022;;;;;;;;08/09/2025;27/12/2025;Sim
DEX.242;ART Blocker Glue Consumption;DEX;1;17/12/2018;17/12/2018;;;;;;;;27/09/2025;27/12/2025;Sim
DEX.243;Chuck Positioning Control - DO-ENG02.567;DEX;5;06/01/2022;06/01/2022;;;;;;;;06/09/2025;06/12/2025;Sim
DEX.244;Coolant Guidelines - DO-ENG02.1477;DEX;11;25/11/2022;25/11/2022;;;;;;;;25/11/2025;23/02/2026;Sim
DEX.245;Generator Calibration Procedure - DO-ENG02.0814;DEX;8;24/04/2022;24/04/2022;;;;;;;;24/09/2025;23/12/2025;Sim
DEX.246;Surface Quality Evaluation Gloss Meter Device - DO-ENG02.904;DEX;3;13/01/2016;13/01/2016;;;;;;;;15/09/2026;14/12/2026;Sim
DEX.247;VFT Orbit 1 Plano Calibration Procedure - DO-ENG-02OPR-00532;DEX;2;23/05/2022;23/05/2022;;;;;;;;23/09/2025;23/12/2025;Sim
DEX.248;VFT Orbit 2 Auto Calibration Procedure - DO-ENG02.903;DEX;2;22/03/2022;22/03/2022;;;;;;;;22/09/2025;20/12/2025;Sim
DEX.249;VFT Refrigerant Guidelines - DO-ENG02.1724;DEX;3;07/10/2022;07/10/2022;;;;;;;;07/10/2025;05/01/2026;Sim
DEX.250;VFT Orbit Preventive Maintenance - DO-ENG02.0897;DEX;3;24/08/2020;24/08/2020;;;;;;;;24/08/2026;23/11/2026;Sim
DEX.251;VFT Orbit Fast Tool Holder Adjustment - DO-ENG02.1653;DEX;4;09/11/2021;09/11/2021;;;;;;;;09/11/2025;07/02/2026;Sim
DEX.252;VFT Orbit 2 Plano Calibration Procedure - DO-ENG-02OPR-00527;DEX;2;21/05/2022;21/05/2022;;;;;;;;22/11/2025;19/12/2025;Sim
DEX.253;ICR08049 - Vx XR_v1_30052023 - VARILUX XR SERIES;DEX;1;02/10/2023;02/10/2023;;;;;;;;01/10/2025;30/12/2025;Sim
DEX.254;ART Deblocker - Gripper Force Measurement - DO-ENG-02OPR-00279;DEX;0;01/12/2019;01/12/2019;;;;;;;;22/11/2025;21/02/2026;Sim
DEX.256;ART Deblocker - Ultra Sonic Cleaning Conditions - DO-ENG-02OPR-00525;DEX;0;22/11/2023;22/11/2023;;;;;;;;21/11/2025;19/02/2026;Sim
DEX.257;ART Deblocker - Preventive Maintenance;DEX;0;01/10/2022;01/11/2023;;;;;;;;31/10/2025;29/01/2026;Sim
DEX.258;Lensmappers - Verification with Standard Mineral Lenses;DEX;2;14/06/2022;14/06/2022;;;;;;;;22/11/2025;21/02/2026;Sim
DEX.259;Coating Tank Caustic Cleaning in D-Machines - DO-ENG02.1486;DEX;2;23/11/2023;26/02/2024;;;;;;;;25/02/2026;26/05/2026;Sim
DEX.260;Limpeza Cáustica de Tanques de Primer e Revestimento em D-Machines - DO-ENG02.1486;DEX;3;28/05/2025;28/08/2025;;;;;;;;28/08/2026;26/11/2026;Sim
DEX.261;Automated Taping Machine - DO-ENG02.0892;DEX;2;26/06/2014;26/06/2014;;;;;;;;26/06/2026;25/09/2026;Sim
DEX.262;CLBS - Camera Delay Troubleshooting;DEX;0;01/01/2014;01/01/2014;;;;;;;;01/04/2026;01/07/2026;Sim
DEX.263;CLBS1 - Operating Mode;DEX;1;10/04/2012;10/04/2012;;;;;;;;10/04/2026;09/07/2026;Sim
DEX.264;CLBS2 - Montagem Porta;DEX;2;01/01/2013;01/01/2013;;;;;;;;01/04/2026;01/07/2026;Sim
DEX.265;CLBS2 - Operating Mode;DEX;1;10/04/2012;10/04/2012;;;;;;;;10/04/2026;09/07/2026;Sim
DEX.266;iCLBS2 - Acceptance and Daily Checking;DEX;0;01/08/2022;01/08/2022;;;;;;;;17/10/2025;19/01/2026;Sim
DEX.267;iCLBS1 - Operating mode;DEX;0;28/05/2014;11/06/2014;;;;;;;;11/06/2026;10/09/2026;Sim
DEX.268;CLBS - Installation Guide;DEX;0;23/11/2023;23/11/2023;;;;;;;;22/11/2025;20/02/2026;Sim
DEX.269;CLBS - Maintenance Guide;DEX;0;23/11/2023;23/11/2023;;;;;;;;22/11/2025;20/02/2026;Sim
DEX.270;CLBS - User Guide;DEX;0;23/11/2023;23/11/2023;;;;;;;;22/11/2025;20/02/2026;Sim
DEX.271;iCLBS1 - Software Setup Procedure and Barcode Reader Settings;DEX;0;09/05/2014;11/06/2014;;;;;;;;11/06/2026;10/09/2026;Sim
DEX.272;Rx Consumables Catalog - DO-ENG-10CAT-00020;DEX;1;01/04/2024;01/04/2024;;;;;;;;01/04/2026;01/07/2026;Sim
DEX.273;DSPC - Measurement with a DLM - DO-ENG02.1034;DEX;2;23/11/2023;23/11/2023;;;;;;;;22/11/2025;20/02/2026;Sim
DEX.274;DSPC - Sphere Error at PRP Monitoring - DO-ENG09.0269;DEX;0;23/11/2023;23/11/2023;;;;;;;;22/11/2025;20/02/2026;Sim
DEX.276;PRA - Nikon Black Insert Drawing;DEX;0;23/11/2023;23/11/2023;;;;;;;;22/11/2025;20/02/2026;Sim
DEX.277;PRA - Essilor Pin Drawing;DEX;0;23/11/2023;23/11/2023;;;;;;;;22/11/2025;20/02/2026;Sim
DEX.278;PRA - Calibration and Control - DO-ENG02-0568;DEX;7;23/09/2022;23/09/2022;;;;;;;;23/09/2025;22/12/2025;Sim
DEX.279;WW RX Optical Standard;DEX;0;01/09/2007;01/09/2007;;;;;;;;31/08/2025;29/11/2025;Sim
DEX.280;Certificado de Regularidade Técnica - Óptico - Sumaré Laboratório - Karina Cristina Ribeiro;DEX;4;14/10/2025;21/10/2025;;;;;;;;;;Sim
DEX.281;Tampografia de Lentes Ray-Ban - Sumaré Laboratório;DEX;0;19/12/2023;20/12/2023;;;;;;;;19/12/2025;19/03/2026;Sim
DEX.282;Gravação Ez Marker Lentes Ray-Ban - Sumaré Laboratório;DEX;0;19/12/2023;20/12/2023;;;;;;;;19/12/2025;19/03/2026;Sim
DEX.283;MadgeTech Temperature for Check Pre-Cure and Post-Cure Ovens - DO-ENG02-1989;DEX;3;08/01/2024;26/02/2024;;;;;;;;25/02/2026;26/05/2026;Sim
DEX.284;SnO2 (Tin Oxide) - Material Setting - DO-ENG02-779;DEX;2;08/01/2024;28/02/2024;;;;;;;;27/02/2026;28/05/2026;Sim
DEX.285;ITO (Indium Tin Oxide) - Material Setting - ENG02-165;DEX;4;08/01/2024;28/02/2024;;;;;;;;27/02/2026;28/05/2026;Sim
DEX.286;MgF2 - Material Setting - ENG02-167;DEX;0;08/01/2024;28/02/2024;;;;;;;;27/02/2026;28/05/2026;Sim
DEX.287;MgO - Material Setting - ENG02-166;DEX;2;08/01/2024;28/02/2024;;;;;;;;27/02/2026;28/05/2026;Sim
DEX.288;DSX - Material Setting - DO-ENG02-0160;DEX;0;08/01/2024;28/02/2024;;;;;;;;27/02/2026;28/05/2026;Sim
DEX.289;A.C.D.C. AR Color Distribution Control (MP & Rx) - DO-ENG02-1673;DEX;5;09/01/2024;28/02/2024;;;;;;;;27/02/2026;28/05/2026;Sim
DEX.290;Medição de Contagem de Partícula - KANOMAX;DEX;0;26/02/2024;08/11/2024;;;;;;;;08/11/2025;06/02/2026;Sim
DEX.291;Calibration and Cross-Checks in the Labs;DEX;1;14/03/2024;26/11/2024;;;;;;;;26/11/2025;24/02/2026;Sim
DEX.292;ICR 08-048 - International Control Requirements - MC6 AR Control;DEX;1;14/03/2024;26/08/2024;;;;;;;;26/08/2026;24/11/2026;Sim
DEX.293;ICR 08-046 - AR Control Plan in Rx Labs;DEX;1;14/03/2024;26/08/2024;;;;;;;;26/08/2026;24/11/2026;Sim
DEX.296;ICR 08-043 - International Control Requirements - Titanium AR Control;DEX;4;14/03/2024;26/08/2024;;;;;;;;26/08/2026;24/11/2026;Sim
DEX.297;ICR 08-040 - International Control Requirements - Mirrors Control in Rx Labs;DEX;3;14/03/2024;17/01/2025;;;;;;;;17/01/2026;17/04/2026;Sim
DEX.298;ICR 08-041 - International Control Requirements - HC Control Plan in Rx Labs;DEX;3;14/03/2024;26/08/2024;;;;;;;;26/08/2026;24/11/2026;Sim
DEX.299;ICR 08-045 - International Control Requirements - Scratch Shields (Sun XProtect) AR Control;DEX;3;14/08/2024;17/01/2025;;;;;;;;17/01/2026;17/04/2026;Sim
DEX.300;Résistance à la Chute de Bille FDA - ISTM-02028-05-F;DEX;5;14/03/2024;26/11/2024;;;;;;;;26/11/2025;24/02/2026;Sim
DEX.301;ISTM-02028 - FDA Drop Ball Impact Resistance;DEX;5;14/03/2024;26/08/2024;;;;;;;;26/08/2026;24/11/2026;Sim
DEX.302;Plan&Transform Gap analysis_ Laboratório - Sigla Estado - Brazil;DEX;16;29/07/2025;01/08/2025;;;;;;;;01/08/2026;30/10/2026;Sim
DEX.305;Calibração - Orbit II;DEX;0;27/03/2024;08/04/2024;;;;;;;;08/04/2026;07/07/2026;Sim
DEX.307;Liberação Diária (DRL) - Art Blocker;DEX;0;27/03/2024;08/04/2024;;;;;;;;08/04/2026;07/07/2026;Sim
DEX.308;Troubleshoot - Alloy e LensMapper - DSPC;DEX;0;17/04/2024;10/07/2024;;;;;;;;10/07/2026;09/10/2026;Sim
DEX.309;Troubleshoot - Alloy y LensMapper - DSPC;DEX;0;17/04/2024;10/07/2024;;;;;;;;10/07/2026;09/10/2026;Sim
DEX.310;Caustic Cleaning of Primer and Coating Tanks in SCL Machines - DO-ENG02.1728;DEX;2;16/06/2025;07/11/2025;;;;;;;;08/11/2025;15/06/2026;Sim
DEX.311;ABNT NBR ISO 14001:2015 - Sistemas de Gestão Ambiental - Requisitos com Orientações para Uso;DEX;3;10/06/2015;10/06/2015;;;;;;;;;;Não
DEX.312;ABNT NBR 14725 - Produtos Químicos - Informações sobre Segurança, Saúde e Meio Ambiente;DEX;1;28/02/2024;28/02/2024;;;;;;;;27/02/2026;28/05/2026;Sim
DEX.314;ART Blocker A - Axis Adjustment;DEX;0;30/07/2018;30/07/2018;;;;;;;;30/07/2026;28/10/2026;Sim
DEX.315;ART Blocker A - Machine Calibration;DEX;0;30/07/2018;30/07/2018;;;;;;;;30/07/2026;28/10/2026;Sim
DEX.316;ART Blocker A - Video Calibration;DEX;0;30/07/2024;30/07/2024;;;;;;;;30/07/2026;28/10/2026;Sim
DEX.317;ART Deblocker 2 - Calibration of the Collet Chuck Height;DEX;0;31/10/2022;31/10/2022;;;;;;;;30/07/2026;28/10/2026;Sim
DEX.318;ART Deblocker 2 - Nozzle Calibration by Chuck;DEX;0;30/11/2023;30/11/2023;;;;;;;;30/07/2026;28/10/2026;Sim
DEX.319;Multi FLEX - B-Axis and X-Axis Alignment;DEX;0;30/07/2024;30/07/2024;;;;;;;;30/07/2026;28/10/2026;Sim
DEX.320;Multi FLEX - C-Axis Alignment;DEX;0;30/07/2024;30/07/2024;;;;;;;;30/07/2026;28/10/2026;Sim
DEX.321;Multi FLEX - Loading System Alignment;DEX;0;30/07/2024;30/07/2024;;;;;;;;30/07/2026;28/10/2026;Sim
DEX.325;GQS-LIS-001 - GQS Applicable Documents;DEX;7;14/08/2024;26/08/2024;;;;;;;;26/08/2026;24/11/2026;Sim
DEX.327;Procedure: On Site DSPC(Digital Surfacing Process Control)- DO-ENG08.0017;DEX;4;14/08/2024;26/08/2024;;;;;;;;26/08/2026;24/11/2026;Sim
DEX.328;ICR 08046 - AR Control Plan in Rx Labs;DEX;0;14/08/2024;26/08/2024;;;;;;;;26/08/2026;24/11/2026;Sim
DEX.329;ISTM-02028-FDA Drop Ball Impact Resistance;DEX;5;14/08/2024;26/08/2024;;;;;;;;26/08/2026;24/11/2026;Sim
DEX.335;GQS-LIS-003 Returns Motives List;DEX;2;14/08/2024;22/11/2024;;;;;;;;22/11/2025;20/02/2026;Sim
DEX.336;GQS-LIS-004 List of Global QMS Qualified Auditors 2024;DEX;2;14/08/2024;17/01/2025;;;;;;;;17/01/2026;17/04/2026;Sim
DEX.338;ICR 08-045 - International Control Requirements - Scratch Shields (Sun XProtect) AR Control;DEX;3;14/08/2024;22/11/2024;;;;;;;;22/11/2025;20/02/2026;Sim
DEX.341;Manual DIG 3.0.4;DEX;0;20/08/2024;22/11/2024;;;;;;;;22/11/2025;20/02/2026;Sim
DEX.343;ISTM02020 - Inspeção Cosmética;DEX;4;20/08/2024;21/05/2025;;;;;;;;21/05/2026;19/08/2026;Sim
DEX.344;DO-QUA-I 01.070_ Rx Cosmetic Calibration Procedure;DEX;0;09/09/2024;22/11/2024;;;;;;;;22/11/2025;20/02/2026;Sim
DEX.345;Operating Procedure of Sandblasting - DO-ENG-02OPR-00920;DEX;1;19/09/2024;08/11/2024;;;;;;;;08/11/2025;06/02/2026;Sim
DEX.346;Lens Clipping and Basket Loading for Dip Rx Process - DO-ENG02-0486;DEX;6;02/10/2024;08/11/2024;;;;;;;;08/11/2025;06/02/2026;Sim
DEX.347;Manual DIG 3.0.4_ Português;DEX;0;18/11/2024;22/11/2024;;;;;;;;22/11/2025;20/02/2026;Sim
DEX.348;Manual DIG 3.0.4_ Espanhol;DEX;0;18/11/2024;22/11/2024;;;;;;;;22/11/2025;20/02/2026;Sim
DEX.349;Thickness Measurement of Hard Coat or Monolayer with the SMR - ISTM-02-017;DEX;7;11/03/2025;11/03/2025;;;;;;;;11/03/2026;11/06/2026;Sim
DEX.350;Checking of SMR for Reflectance Measurement of Lenses - ISTM-03-016;DEX;12;11/03/2025;11/03/2025;;;;;;;;11/03/2026;11/06/2026;Sim
DEX.351;Checking of N10 Blows Equipment - ISTM-03-077;DEX;0;11/03/2025;11/03/2025;;;;;;;;11/03/2026;11/06/2026;Sim
DEX.352;Auditoria do Método de Teste - Cross Hatch Teste Adesão - QUA-TM-AUD-079;DEX;2;11/03/2025;11/03/2025;;;;;;;;11/03/2026;11/06/2026;Sim
DEX.353;Auditoria de Método de Teste - Ink Test - QUA-TM-AUD-077;DEX;1;11/03/2025;11/03/2025;;;;;;;;11/03/2026;11/06/2026;Sim
DEX.354;Auditoria de Método de Teste - NX10 - QUA-TM-AUD-076;DEX;1;11/03/2025;11/03/2025;;;;;;;;11/03/2026;11/06/2026;Sim
DEX.355;Supply Sheet - RCO2 Test - QUA-TM-SUP-005;DEX;1;11/03/2025;11/03/2025;;;;;;;;11/03/2026;11/06/2026;Sim
DEX.356;Auditoria de Método de Teste - RC02 - QUA-TM-AUD-075;DEX;1;11/03/2025;11/03/2025;;;;;;;;11/03/2026;09/06/2026;Sim
DEX.357;Aprovação, Liberação ou Reprovação dos Testes de Qualidade - LATAM-PR-QMS-07;DEX;0;11/03/2025;30/05/2025;;;;;;;;30/05/2026;28/08/2026;Sim
DEX.358;Certificado de Regularidade Técnica - Óptico - digiTOP - Silvério Trzaskos;DEX;0;17/03/2025;23/04/2025;;;;;;;;23/04/2026;22/07/2026;Sim
DEX.359;Template Máquina D Rx AEL - M1.6 Ajuste e acompanhamento - DO-ENG02.1348;DEX;0;04/04/2025;30/05/2025;;;;;;;;30/05/2026;28/08/2026;Sim
DEX.360;Template Máquinas CDC-CDS 1000 - M1.6 Ajuste e acompanhamento - DO-ENG02.1348;DEX;0;04/04/2025;30/05/2025;;;;;;;;30/05/2026;28/08/2026;Sim
DEX.361;ISTM 09-023-02-E/F Top coat control using arcotec ink 30mn/m;DEX;0;09/09/2021;15/11/2021;;;;;;;;22/04/2026;22/07/2026;Sim
DEX.362;Medição da Reflexão de Lentes com AR Usando SMR - QUA-FORM-002-08;DEX;0;22/04/2025;22/04/2025;;;;;;;Para o sistema de classificação, aqui está uma explicação: 0 Nenhum impacto no teste 1 Impacto no desempenho das lentes sem impacto no cliente 2 Impacto no desempenho das lentes com impacto no cliente CA em revisão;22/04/2026;21/07/2026;Sim
DEX.363;Testes AR - LATAM-FR-QMS-13;DEX;1;22/04/2025;30/05/2025;;;;;;;;30/05/2026;28/08/2026;Sim
DEX.364;Medição da Espessura de HC Usando SMR - QUA-FORM-002-09;DEX;0;22/04/2025;22/04/2025;;;;;;;;22/04/2026;21/07/2026;Sim
DEX.365;Gestão de Desvios - LATAM-PR-QMS-08;DEX;0;25/04/2025;30/05/2025;;;;;;;;30/05/2026;28/08/2026;Sim
DEX.366;Gerenciamento de Risco de Processo (para Fabricação) - GQS-TEMP-015;DEX;0;25/04/2025;30/05/2025;;;;;;;;30/05/2026;28/08/2026;Sim
DEX.367;Solicitação de Desvio - GQS-TEMP-032;DEX;4;25/04/2025;30/05/2025;;;;;;;;30/05/2026;28/08/2026;Sim
DEX.368;Limpeza cáustica de tanques de primer e revestimento em máquinas SCL - DO.ENG02.1728;DEX;2;16/06/2025;07/11/2025;;;;;;;;;15/06/2026;Sim
DEX.369;A1100 Tank Cleaning Procedure for D Machines - DO-ENG-02OPR-00959;DEX;3;23/07/2025;07/11/2025;;;;;;;;;07/08/2026;Sim
DEX.370;A1100 Preparation and Management in D-Machines - DO-ENG-02OPR-00958;DEX;3;23/07/2025;07/11/2025;;;;;;;;;07/08/2026;Sim
DEX.371;Procedure For Vaccum Gauge Calibration (MP&Rx) - DO-ENG02.0798;DEX;5;25/07/2025;28/08/2025;;;;;;;;28/08/2026;26/11/2026;Sim
DEX.372;RX Lens Inspection List of Lens Defects - ISTM 01.068;DEX;1;30/07/2025;01/08/2025;;;;;;;;01/08/2026;30/10/2026;Sim
DOC.EHS.011;EPI's Coating;DOC;3;15/12/2023;15/12/2023;;;;;;;;14/12/2025;14/03/2026;Sim
DOC.EHS.012;EPI's Estoque;DOC;2;15/12/2023;15/12/2023;;;;;;;;14/12/2025;14/03/2026;Sim
DOC.EHS.013;EPI's Manutenção;DOC;2;15/12/2023;15/12/2023;;;;;;;;14/12/2025;14/03/2026;Sim
DOC.EHS.014;EPI's Setor Limpeza;DOC;2;15/12/2023;15/12/2023;;;;;;;;14/12/2025;14/03/2026;Sim
DOC.EHS.015;EPI's Montagem;DOC;2;15/12/2023;15/12/2023;;;;;;;;14/12/2025;14/03/2026;Sim
DOC.EHS.016;EPI's Coloração;DOC;2;15/12/2023;15/12/2023;;;;;;;;14/12/2025;14/03/2026;Sim
DOC.EHS.017;EPI's Surfaçagem;DOC;2;15/12/2023;15/12/2023;;;;;;;;14/12/2025;14/03/2026;Sim
DOC.EHS.018;EPI;DOC;2;07/05/2024;10/05/2024;;;;;;;;11/05/2026;10/08/2026;Sim
DOC.EHS.019;Qualificação Ambiental em Fornecedores e Prestadores de Serviços;DOC;0;09/04/2021;22/07/2021;;;;;;;;13/10/2025;29/12/2025;Sim
DOC.EHS.020;Procedimento Gestão de Resíduos;DOC;2;22/09/2023;25/09/2023;;;;;;;;24/09/2025;23/12/2025;Sim
DOC.EHS.024;Circular Interna de Implantação do PPR;DOC;0;27/09/2021;07/12/2021;;;;;;;;20/05/2026;20/08/2026;Sim
DOC.EHS.025;Limpeza, Higienização e Manutenção;DOC;0;27/09/2021;07/12/2021;;;;;;;;20/05/2026;20/08/2026;Sim
DOC.EHS.026;Troca de Filtros;DOC;0;27/09/2021;07/12/2021;;;;;;;;20/05/2026;21/08/2026;Sim
DOC.EHS.029;Modelo de Programa de Proteção Respiratória;DOC;0;28/09/2021;07/12/2021;;;;;;;;20/05/2026;20/08/2026;Sim
DOC.EHS.030;Avaliação Química da Concentração dos Contaminantes;DOC;0;28/09/2021;07/12/2021;;;;;;;;22/05/2026;21/08/2026;Sim
DOC.EHS.031;Procedimento de Limpeza nos Bebedouros;DOC;0;28/09/2021;07/12/2021;;;;;;;;20/05/2026;20/08/2026;Sim
DOC.EHS.032;Gestão de Contratados;DOC;0;28/09/2021;07/12/2021;;;;;;;;20/05/2026;20/08/2026;Sim
DOC.EHS.033;Programa de Proteção Respiratória;DOC;1;17/04/2024;22/08/2024;;;;;;;;21/08/2026;19/11/2026;Sim
DOC.EHS.034;Política do Papel Ambientalmente Responsável;DOC;0;18/10/2021;21/10/2021;;;;;;;;19/01/2026;19/04/2026;Sim
DOC.EHS.035;Formulário de Aprovação de Produtos Químicos;DOC;0;25/11/2021;25/11/2021;;;;;;;;17/02/2026;15/05/2026;Sim
DOC.EHS.036;Tabela de Incompatibilidade Química;DOC;0;25/11/2021;25/11/2021;;;;;;;;17/02/2026;15/05/2026;Sim
DOC.EHS.037;Lista de Produtos Químicos Aprovados;DOC;0;25/11/2021;25/11/2021;;;;;;;;17/02/2026;15/05/2026;Sim
DOC.EHS.038;Inventário de Produtos Químicos;DOC;0;25/11/2021;25/11/2021;;;;;;;;17/02/2026;15/05/2026;Sim
DOC.EHS.039;Gestão de Produtos Químicos;DOC;0;25/11/2021;25/11/2021;;;;;;;;17/02/2026;15/05/2026;Sim
DOC.EHS.040;Bloqueio e Etiquetagem - LOTO;DOC;0;28/12/2021;28/12/2021;;;;;;;;09/06/2026;08/09/2026;Sim
DOC.EHS.041;Análise de Riscos;DOC;0;28/12/2021;28/12/2021;;;;;;;;09/06/2026;08/09/2026;Sim
DOC.EHS.042;Plano de Atendimento a Emergência - PAE;DOC;1;28/12/2021;28/12/2021;;;;;;;;09/06/2026;08/09/2026;Sim
DOC.EHS.043;Trabalhos Perigosos;DOC;0;28/12/2021;23/02/2022;;;;;;;;27/07/2026;26/10/2026;Sim
DOC.EHS.044;Comunicação de Acidentes;DOC;0;28/12/2021;28/12/2021;;;;;;;;09/06/2026;08/09/2026;Sim
DOC.EHS.045;Segurança em Máquinas e Equipamentos - EMS;DOC;0;28/12/2021;10/02/2022;;;;;;;;09/02/2026;10/05/2026;Sim
DOC.EHS.046;Checklist - LOTO;DOC;0;10/03/2023;08/11/2023;;;;;;;;07/11/2025;05/02/2026;Sim
DOC.EHS.047;Instrução de Bloqueio e Etiquetagem - LOTO;DOC;0;10/03/2023;08/11/2023;;;;;;;;07/11/2025;05/02/2026;Sim
DOC.EHS.048;Guia Classificação de Resíduos MTR;DOC;1;06/05/2024;06/05/2024;;;;;;;;06/05/2026;05/08/2026;Sim
DOC.EHS.049;EPI's EQC;DOC;0;15/12/2023;15/12/2023;;;;;;;;14/12/2025;14/03/2026;Sim
DOC.EHS.050;EPI's SPIN;DOC;0;15/12/2023;15/12/2023;;;;;;;;14/12/2025;14/03/2026;Sim
DOC.EHS.051;EPI's Serviços Técnicos e STL;DOC;0;15/12/2023;15/12/2023;;;;;;;;14/12/2025;14/03/2026;Sim
DOC.EHS.052;Ordem de Serviços - Área Administrativa;DOC;0;31/01/2024;20/03/2024;;;;;;;;09/06/2026;08/09/2026;Sim
DOC.EHS.053;Ordem de Serviços - Teleatendimento;DOC;0;31/01/2024;20/03/2024;;;;;;;;09/06/2026;08/09/2026;Sim
DOC.EHS.054;Ordem de Serviços - Surfaçagem;DOC;0;31/01/2024;22/08/2024;;;;;;;;21/08/2026;19/11/2026;Sim
DOC.EHS.055;Ordem de Serviços - Manutenção Industrial;DOC;0;31/01/2024;20/03/2024;;;;;;;;09/06/2026;08/09/2026;Sim
DOC.EHS.056;Ordem de Serviços - Setor Limpeza (Serviços Gerais);DOC;0;31/01/2024;20/03/2024;;;;;;;;09/06/2026;08/09/2026;Sim
DOC.EHS.057;Ordem de Serviços - Estoque;DOC;0;31/01/2024;20/03/2024;;;;;;;;09/06/2026;08/09/2026;Sim
DOC.EHS.058;Ordem de Serviços - Produção (Coating);DOC;0;31/01/2024;20/03/2024;;;;;;;;09/06/2026;08/09/2026;Sim
DOC.EHS.059;Ordem de Serviços - Manutenção Predial;DOC;0;31/01/2024;08/10/2024;;;;;;;;08/10/2025;06/01/2026;Sim
DOC.EHS.060;Ordem de Serviços - Produção (Coloração);DOC;1;08/04/2024;08/10/2024;;;;;;;;08/10/2025;06/01/2026;Sim
DOC.EHS.061;Ordem de Serviços - Produção (SPIN);DOC;0;31/01/2024;08/10/2024;;;;;;;;08/10/2025;06/01/2026;Sim
DOC.EHS.062;Ordem de Serviços - Serviços Técnicos e STL;DOC;0;31/01/2024;12/03/2024;;;;;;;;20/05/2026;20/08/2026;Sim
DOC.EHS.063;Ordem de Serviços - Produção (Montagem);DOC;0;31/01/2024;12/03/2024;;;;;;;;20/05/2026;20/08/2026;Sim
GEQC.01001;EQC Global - Manual da Qualidade;GEQC;9;06/10/2025;07/10/2025;;;;;;;;;;Não
GEQC.01002;EQC Global - Garantir a Competência do Pessoal;GEQC;8;06/10/2025;07/10/2025;;;;;;;;;;Não
GEQC.01003;EQC Global - Garantir Equipamentos EQC e Calibração;GEQC;6;06/10/2025;07/10/2025;;;;;;;;;;Não
GEQC.01004;EQC Global - Garantir a Qualidade dos Produtos Externos e Serviços;GEQC;4;06/10/2025;07/10/2025;;;;;;;;;;Não
GEQC.01005;EQC Global - Pedidos de revisão e contratos;GEQC;5;06/10/2025;07/10/2025;;;;;;;;;;Não
GEQC.01006;EQC Global - Avaliação do Método - Garantia da Validade dos Resultados Apresentados;GEQC;7;06/10/2025;07/10/2025;;;;;;;;;;Não
GEQC.01007;EQC Global - Manuseio de Itens de Teste;GEQC;5;06/10/2025;07/10/2025;;;;;;;;;;Não
GEQC.01008;EQC Global - Controle de Documentos e Registros;GEQC;10;06/10/2025;07/10/2025;;;;;;;;;;Não
GEQC.01009;EQC Global - Trabalho Não Conforme e Reclamação do Cliente;GEQC;10;06/10/2025;07/10/2025;;;;;;;;;;Não
GEQC.01010;EQC Global - Auditoria Interna e Revisão da Gestão;GEQC;8;06/10/2025;07/10/2025;;;;;;;;;;Não
GEQC.01011;EQC Global - Estimando a Incerteza da Medição e Regras de Decisão;GEQC;4;06/10/2025;07/10/2025;;;;;;;;;;Não
GEQC.02011;EQC Global - Modo de instrução de operação Cary 60 Test;GEQC;9;10/10/2025;10/10/2025;;;;;;;;;;Não
GEQC.03001;EQC Global - Modo de instrução de verificação Cary 60 Test;GEQC;9;10/10/2025;10/10/2025;;;;;;;;;;Não
FOR.002;Auditoria 5S de Limpeza e Organização;FOR;2;12/05/2022;23/05/2022;;;;;;;;18/10/2025;19/01/2026;Sim
FOR.006;Inspeção e Testes de Recebimento de Insumos;FOR;7;28/05/2024;03/06/2024;;;;;;;;03/06/2026;02/09/2026;Sim
FOR.007;Controle de Troca de Lentes com Defeito de Fábrica;FOR;3;04/08/2023;31/01/2024;;;;;;;;25/05/2026;25/05/2026;Sim
FOR.020;Inspeçao de Parametros 380;FOR;1;11/03/2019;11/03/2019;;;;;;;FOR-2.A38.12 -;;;Não
FOR.021;Inspeçao de Parâmetros 1200;FOR;1;11/03/2019;11/03/2019;;;;;;;FOR-2.A12.10 -;;;Sim
FOR.022;CONTROLE DE MANUTENÇÃO PREVENTIVA FOG ID;FOR;1;11/03/2019;11/03/2019;;;;;;;FOR-2.FOG.12 -;;;Não
FOR.025;Inspeção dos Parâmetros - CTA e CCM;FOR;2;11/03/2019;11/03/2019;;;;;;;FOR-2.HCE.02 -;;;Não
FOR.027;CONTROLE DE MANUTENÇÃO PREVENTIVA INKJET X302;FOR;1;11/03/2019;11/03/2019;;;;;;;FOR-2.IKJ.08 -;;;Sim
FOR.028;Planilha de Controle Pré Inspeção;FOR;2;11/03/2019;11/03/2019;;;;;;;FOR-2.PRE.21 -;;;Não
FOR.031;CONTROLE DA CALIBRAÇÃO DIÁRIA;FOR;1;11/03/2019;11/03/2019;;;;;;;FOR-14.MON.01 -;;;Não
FOR.033;Lista de Presença de Treinamento;FOR;7;05/12/2023;05/02/2024;;;;;;;;20/05/2026;20/08/2026;Sim
FOR.050;CRIZAL - Tratamento Não é Crizal;FOR;1;11/03/2019;11/03/2019;;;;;;;FOR-2.QLD.09 -;;;Não
FOR.051;CRIZAL- Autenticidade de Tratamento;FOR;1;11/03/2019;11/03/2019;;;;;;;FOR-2.QLD.10 -;;;Não
FOR.055;Lentes com Arranhões Fora do Padrão Não Podem Receber Tratamento;FOR;1;11/03/2019;11/03/2019;;;;;;;FOR-2.QLD.14 -;;;Não
FOR.060;PRODUTO NÃO FABRICADO PELA ESSILOR;FOR;1;11/03/2019;11/03/2019;;;;;;;FOR-2.QLD.19 -;;;Não
FOR.062;Retirada da Marcação Amarela;FOR;1;11/03/2019;11/03/2019;;;;;;;FOR-2.QLD.21 -;;;Não
FOR.064;TRIO EASY CLEAN - Autenticidade de Tratamento;FOR;1;11/03/2019;11/03/2019;;;;;;;FOR-2.QLD.23 -;;;Não
FOR.065;TRIO EASY CLEAN - Retratamento em Lentes Danificadas;FOR;1;11/03/2019;11/03/2019;;;;;;;FOR-2.QLD.24 -;;;Não
FOR.066;Laudo Mau Uso (Genérico);FOR;1;11/03/2019;11/03/2019;;;;;;;FOR-2.QLD.26 -;;;Não
FOR.071;Formulário RNC - Relatório de Não Conformidade;FOR;5;25/08/2023;30/08/2023;;;;;;;;28/08/2026;27/11/2026;Sim
FOR.080;Formulário Surfaçagem - PCP Latam Português - Lab Geral;FOR;15;06/03/2025;11/03/2025;;;;;;;;11/03/2026;09/06/2026;Sim
FOR.081;Formulário HMC - PCP Latam Português - Lab Geral;FOR;6;10/02/2025;20/03/2025;;;;;;;;20/03/2026;18/06/2026;Sim
FOR.085;Análise da Pinça do Gerador;FOR;3;18/11/2020;24/03/2021;;;;;;;Orinigal DO-ENG02.567-V3;11/08/2026;10/11/2026;Sim
FOR.086;Análise da pinça do Laser;FOR;3;18/11/2020;24/03/2021;;;;;;;;11/08/2026;10/11/2026;Sim
FOR.087;Análise da pinça do Microscópio;FOR;4;18/11/2020;24/03/2021;;;;;;;;10/08/2026;09/11/2026;Sim
FOR.088;Análise da pinça do CLBS2;FOR;1;18/11/2020;24/03/2021;;;;;;;;18/08/2026;16/11/2026;Sim
FOR.090;Formulário de Limpeza - SatisLoh 1200;FOR;1;05/03/2024;16/04/2024;;;;;;;;16/04/2026;15/07/2026;Sim
FOR.091;Formulário de Limpeza - Boxer;FOR;0;23/12/2020;24/05/2021;;;;;;;;07/10/2025;07/12/2025;Sim
FOR.092;Controle de Treinamento;FOR;2;13/10/2023;05/02/2024;;;;;;;Para utilização, deve-se clicar em Obter Cópia.;20/05/2026;20/08/2026;Sim
FOR.093;Mapa de Gestão dos Resíduos;FOR;1;22/09/2023;25/09/2023;;;;;;;;24/09/2025;23/12/2025;Sim
FOR.094;Controle de Saída de Resíduos;FOR;0;09/04/2021;12/04/2021;;;;;;;Anexo 4;13/10/2025;29/12/2025;Sim
FOR.095;Contratação - Transportador;FOR;0;09/04/2021;12/04/2021;;;;;;;Anexo 5;13/10/2025;29/12/2025;Sim
FOR.096;Contratação - Receptor;FOR;0;09/04/2021;12/04/2021;;;;;;;Anexo 6;13/10/2025;29/12/2025;Sim
FOR.097;Inspeção de Veículos;FOR;0;09/04/2021;12/04/2021;;;;;;;Anexo 7;13/10/2025;29/12/2025;Sim
FOR.098;Prestadores de Serviço;FOR;0;09/04/2021;12/04/2021;;;;;;;Anexo 8;13/10/2025;29/12/2025;Sim
FOR.099;Formulário de Qualificação De Fornecedores e/ou Prestadores De Serviços;FOR;0;09/04/2021;22/07/2021;;;;;;;;13/10/2025;29/12/2025;Sim
FOR.100;Avaliação de Aspecto e Impacto Ambiental;FOR;0;19/04/2021;20/04/2021;;;;;;;Aspecto e Impacto Ambiental;13/10/2025;29/12/2025;Sim
FOR.101;Formulário de Limpeza - Syrus;FOR;1;05/03/2024;16/04/2024;;;;;;;;16/04/2026;15/07/2026;Sim
FOR.104;ALTIUS DRIVING TOOL- Máquina CCM;FOR;4;23/04/2021;05/05/2021;;;;;;;Ferramenta para ajuste e controle dos parâmetros do verniz.;19/05/2026;18/08/2026;Sim
FOR.106;Formulário 8D - Método para Solução de Problemas;FOR;2;29/08/2023;14/05/2024;;;;;;;;14/05/2026;13/08/2026;Sim
FOR.107;Formulário Montagem - PCP Latam - Lab Geral;FOR;8;30/09/2024;30/09/2024;;;;;;;;30/09/2025;22/12/2026;Sim
FOR.109;Matriz de Habilidade;FOR;5;12/09/2023;13/09/2023;;;;;;;Matriz de Habilidade por setor;20/05/2026;20/08/2026;Sim
FOR.114;Formulário A3  - Método para Solução de Problemas;FOR;2;19/09/2024;30/05/2025;;;;;;;;30/05/2026;28/08/2026;Sim
FOR.116;Testes HC - Monitoramento Primer e Verniz;FOR;11;23/10/2025;31/10/2025;;;;;;;Documento para monitoramento de primer e verniz para mithril 1.5 e 1.6;31/10/2026;29/01/2027;Sim
FOR.118;Nomeação RD;FOR;1;29/09/2022;29/09/2022;;;;;;;;29/09/2025;28/12/2025;Sim
FOR.120;Formulário - Permissão de Trabalho;FOR;0;26/07/2021;27/07/2021;;;;;;;;13/10/2025;29/12/2025;Sim
FOR.121;Modelo Recibo de EPI;FOR;1;17/02/2023;17/03/2023;;;;;;;;20/05/2026;20/08/2026;Sim
FOR.122;Controle de Umidade e Temperatura: Estoque;FOR;0;24/08/2021;10/09/2021;;;;;;;;10/09/2025;09/12/2025;Sim
FOR.123;Agenda de Auditoria;FOR;1;15/12/2022;22/12/2022;;;;;;;;09/06/2026;08/09/2026;Sim
FOR.124;Etiquetas de Validação de Primer e Verniz;FOR;4;24/07/2024;24/07/2024;;;;;;;;24/07/2026;23/10/2026;Sim
FOR.125;Etiqueta Composição Quimica - Primer e Verniz - EHS;FOR;3;03/09/2024;08/10/2024;;;;;;;;08/10/2025;06/01/2026;Sim
FOR.126;Análise de Modos de Falhas e Efeitos (FMEA);FOR;6;24/10/2024;26/11/2024;;;;;;;;26/11/2025;24/02/2026;Sim
FOR.127;Avaliação e Seleção de Fornecedor;FOR;7;14/12/2023;27/02/2024;;;;;;;;20/05/2026;26/08/2026;Sim
FOR.128;Controle de Higienização dos Bebedouros;FOR;0;27/09/2021;07/12/2021;;;;;;;;27/05/2026;27/08/2026;Sim
FOR.129;Formulário de Análise de Acidente e Incidente do Trabalho;FOR;0;28/09/2021;07/12/2021;;;;;;;;20/05/2026;20/08/2026;Sim
FOR.130;Guia de Avaliação do Programa de Proteção Respiratória;FOR;0;28/09/2021;07/12/2021;;;;;;;;20/05/2026;20/08/2026;Sim
FOR.131;Registro de Ensaio de Vedação Qualitativo;FOR;0;28/09/2021;07/12/2021;;;;;;;;20/05/2026;20/08/2026;Sim
FOR.132;Controle de Utilização do UV 400;FOR;0;28/09/2021;03/11/2021;;;;;;;;07/07/2026;06/10/2026;Sim
FOR.133;Planejamento de Treinamento;FOR;1;14/12/2023;31/01/2024;;;;;;;;20/05/2026;20/08/2026;Sim
FOR.134;Plano de Ação;FOR;2;03/05/2023;03/05/2023;;;;;;;;20/07/2026;19/10/2026;Sim
FOR.135;Relatório de Revisão Gerencial;FOR;3;04/05/2023;05/05/2023;;;;;;;;04/05/2026;03/08/2026;Sim
FOR.136;Reavaliação de Fornecedor;FOR;6;14/12/2023;27/02/2024;;;;;;;;20/05/2026;20/08/2026;Sim
FOR.137;Relatório de Gestão de Mudança;FOR;5;18/03/2024;20/03/2024;;;;;;;;09/06/2026;08/09/2026;Sim
FOR.139;Controle de Calibração e Verificação;FOR;1;23/05/2023;27/06/2023;;;;;;;;26/06/2026;25/09/2026;Sim
FOR.140;Relatório de Auditoria Interna;FOR;1;15/12/2022;22/12/2022;;;;;;;;09/06/2026;08/09/2026;Sim
FOR.141;Auto Avaliação;FOR;2;20/04/2022;26/04/2022;;;;;;;;20/05/2026;19/08/2026;Sim
FOR.142;Avaliação de Eficácia do Treinamento;FOR;1;16/02/2022;21/02/2022;;;;;;;;20/05/2026;20/08/2026;Sim
FOR.143;Formulário de Check List da Auditoria ISO 13485;FOR;1;18/11/2022;05/12/2022;;;;;;;;02/05/2026;02/08/2026;Sim
FOR.145;Formulário GMR KPIs - Acompanhamento Semanal;FOR;0;28/12/2021;28/12/2021;;;;;;;;28/12/2022;06/12/2025;Sim
FOR.147;Formulário - Workplace Risk Assessment;FOR;0;28/12/2021;28/12/2021;;;;;;;;09/06/2026;08/09/2026;Sim
FOR.148;Monitoramento Anual de Desempenho de Fornecedor;FOR;5;28/06/2023;03/07/2023;;;;;;;;02/07/2026;01/10/2026;Sim
FOR.149;Formulário SPIN - Português - Lab Geral;FOR;2;10/04/2025;12/05/2025;;;;;;;;12/05/2026;10/08/2026;Sim
FOR.150;Plano de Manutenção Preventiva - Laboratório Industrial;FOR;2;14/02/2025;20/03/2025;;;;;;;;20/03/2026;18/06/2026;Sim
FOR.151;Análise Crítica do Certificado de Calibração;FOR;1;02/06/2023;27/06/2023;;;;;;;;26/06/2026;25/09/2026;Sim
FOR.152;Etiqueta de Calibração;FOR;1;10/08/2023;15/08/2023;;;;;;;;14/08/2026;12/11/2026;Sim
FOR.153;Formulário de Calibração do Lensômetro;FOR;1;14/04/2022;27/06/2023;;;;;;;;26/06/2026;25/09/2026;Sim
FOR.155;Controle de Temperatura de Armazenamento: Primers e Vernizes;FOR;2;27/05/2024;03/06/2024;;;;;;;;03/06/2026;02/09/2026;Sim
FOR.157;Controle do Kit de Calibração do SMR;FOR;0;27/05/2022;18/10/2022;;;;;;;;18/10/2025;19/01/2026;Sim
FOR.159;Validação de Software;FOR;1;16/11/2023;07/03/2024;;;;;;;;29/05/2026;28/08/2026;Sim
FOR.161;Requisição de Compras;FOR;3;20/03/2024;24/07/2024;;;;;;;;24/07/2026;23/10/2026;Sim
FOR.162;Controle de Temperatura (DataLogger) de Armazenamento - Primers e Vernizes - Repro;FOR;1;28/05/2024;03/06/2024;;;;;;;;03/06/2026;02/09/2026;Sim
FOR.164;Controle Anual dos Registros;FOR;0;26/01/2023;30/01/2023;;;;;;;;30/01/2026;29/04/2026;Sim
FOR.166;Carta de Esclarecimento;FOR;0;21/03/2023;21/03/2023;;;;;;;;09/06/2026;08/09/2026;Sim
FOR.167;Cronograma de Auditoria;FOR;0;11/05/2023;18/05/2023;;;;;;;Documento inicial;17/05/2026;17/08/2026;Sim
FOR.169;Avaliação do Auditor Interno de QMS;FOR;0;12/05/2023;18/05/2023;;;;;;;;18/05/2026;17/08/2026;Sim
FOR.170;Interpolação e Correção;FOR;0;05/06/2023;27/06/2023;;;;;;;;26/06/2026;25/09/2026;Sim
FOR.171;Alterações de Aquisição - Português;FOR;0;05/06/2023;02/08/2023;;;;;;;Documento inicial;18/10/2025;19/01/2026;Sim
FOR.172;Alterações de Aquisição - Inglês;FOR;0;05/06/2023;02/08/2023;;;;;;;Documento inicial;18/10/2025;19/01/2026;Sim
FOR.173;Checklist de Envio de Equipamento;FOR;1;21/08/2023;21/08/2023;;;;;;;;20/08/2026;18/11/2026;Sim
FOR.174;Reembolso - Quebra de Armação - Technopark;FOR;1;25/10/2024;28/10/2024;;;;;;;;28/10/2025;26/01/2026;Sim
FOR.175;Plano de Manutenção Preventiva - Básico;FOR;0;15/06/2023;27/06/2023;;;;;;;"- Alterações de período das trocas de peças em comparação ao Plano Brasil que é utilizado pelas unidades de grande produção;  - Responsabilidade das tarefas alterada visto a necessidade de entrega pelas unidades;  - Atualização de atividades eguindo o PCP e Manual do fabricante para todos os equipamentos.";26/06/2026;25/09/2026;Sim
FOR.177;Requisição de Serviços - digiTOP;FOR;2;26/03/2024;02/04/2024;;;;;;;;01/07/2026;30/09/2026;Sim
FOR.179;Controle da Entrega de Produtos recebidos aos colaboradores - Grown;FOR;0;18/07/2023;11/09/2023;;;;;;;;10/09/2025;09/12/2025;Sim
FOR.180;Auditoria de Produto - Qualidade Intrínseca;FOR;1;18/11/2024;22/11/2024;;;;;;;;22/11/2025;20/02/2026;Sim
FOR.181;Auditoria de Produto - GIB&BIG;FOR;1;18/11/2024;22/11/2024;;;;;;;;22/11/2025;20/02/2026;Sim
FOR.182;Etiquetas de Cartões - Quadro PCP;FOR;0;01/09/2023;21/09/2023;;;;;;;;20/09/2025;19/12/2025;Sim
FOR.183;Tabela Hora Hora;FOR;0;11/09/2023;03/10/2023;;;;;;;;02/10/2025;31/12/2025;Sim
FOR.185;Etiquetas de Envio de Testes para o EQC;FOR;2;19/09/2024;26/09/2024;;;;;;;;26/09/2025;25/12/2025;Sim
FOR.188;Carta de Esclarecimento - Autenticidade de Tratamento;FOR;0;03/10/2023;26/11/2024;;;;;;;;26/11/2025;24/02/2026;Sim
FOR.191;Formulário de Testes - Lentes Stellest;FOR;0;10/10/2023;28/12/2023;;;;;;;;27/12/2025;27/03/2026;Sim
FOR.192;Retrabalho CF - Lab Geral;FOR;3;24/02/2025;30/05/2025;;;;;;;;30/05/2026;28/08/2026;Sim
FOR.193;Rendimento HC - Lab Geral;FOR;3;24/02/2025;30/05/2025;;;;;;;;30/05/2026;28/08/2026;Sim
FOR.194;Carta de Esclarecimento – Proteção/Bloqueio Luzes Ultravioleta e Azul Nocivas;FOR;0;16/11/2023;18/03/2024;;;;;;;;09/06/2026;08/09/2026;Sim
FOR.195;Identificação de Quebras - Grown;FOR;1;09/02/2024;19/02/2024;;;;;;;;18/02/2026;19/05/2026;Sim
FOR.196;Controle de Quebra Geral;FOR;0;07/02/2024;08/02/2024;;;;;;;Formulário para controle de quebra geral (todos os setores);07/02/2026;08/05/2026;Sim
FOR.197;Expedição de Vernizes - Envios;FOR;0;08/02/2024;19/02/2024;;;;;;;;20/05/2026;20/08/2026;Sim
FOR.198;Retorno de serviço - Visolab;FOR;0;15/02/2024;21/02/2024;;;;;;;;20/02/2026;21/05/2026;Sim
FOR.199;Acompanhamento de Cliente Detrator - Pesquisa de Satisfação;FOR;1;28/03/2024;26/09/2024;;;;;;;;26/09/2025;25/12/2025;Sim
FOR.200;Validação de Armação;FOR;0;29/04/2024;29/04/2024;;;;;;;;29/04/2026;28/07/2026;Sim
FOR.201;Carta de Esclarecimento - Parecer Técnico;FOR;0;14/05/2024;26/11/2024;;;;;;;;26/11/2025;24/02/2026;Sim
FOR.203;Agrupamento de Malotes dos Correios - Tecnolens;FOR;2;02/09/2024;03/09/2024;;;;;;;;03/09/2025;02/12/2025;Sim
FOR.204;Gestão à Vista - Acompanhamento de Trocas de Insumos e Limpeza das Máquinas - Tecnolens;FOR;0;28/06/2024;28/06/2024;;;;;;;;29/06/2026;28/09/2026;Sim
FOR.205;Alerta de Qualidade (AQ);FOR;0;01/08/2024;12/08/2024;;;;;;;Objetivo do documento é ser usado na operação como forma de alerta e orientação aos operadores, quanto a problemas de qualidade que possa vir a acontecer sejam problemas internos ou externos de  clientes.;12/08/2026;10/11/2026;Sim
FOR.206;Verificação Lux - Caixa Preta;FOR;0;16/08/2024;27/08/2024;;;;;;;;27/08/2026;25/11/2026;Sim
FOR.207;Verificação Lux - Lâmpada Waldmann;FOR;0;16/08/2024;27/08/2024;;;;;;;;27/08/2026;25/11/2026;Sim
FOR.208;Retrabalho Diário - Tecnolens;FOR;0;03/09/2024;03/09/2024;;;;;;;;03/09/2025;02/12/2025;Sim
FOR.209;Automatic Calibration (Calibração Inspetor Referência);FOR;0;09/09/2024;26/09/2024;;;;;;;;26/09/2025;25/12/2025;Sim
FOR.210;Identification Mapping lenses (Calibração Inspetor Referência);FOR;0;09/09/2024;26/09/2024;;;;;;;;26/09/2025;25/12/2025;Sim
FOR.211;Carta de Esclarecimento - Lentes sem marcação FOG-ID;FOR;0;13/09/2024;18/09/2024;;;;;;;Carta de Esclarecimento para clientes relacionada a lentes sem marcação FOG-ID;18/09/2025;17/12/2025;Sim
FOR.212;Envio de Material para Cliente - Technopark;FOR;0;25/10/2024;01/11/2024;;;;;;;;01/11/2025;30/01/2026;Sim
FOR.213;Controle de Entrada de Materiais na Expedição - Technopark;FOR;0;25/10/2024;01/11/2024;;;;;;;;01/11/2025;30/01/2026;Sim
FOR.214;Aprovação de Perdas por Extravio e Testes de Qualidade - Technopark;FOR;0;20/02/2025;21/02/2025;;;;;;;Formulário de Aprovação de Perdas por Extravio e Testes de Qualidade;21/02/2026;22/05/2026;Sim
FOR.216;Gestão à Vista - Quebras individuais do Operador - Tecnolens;FOR;0;06/03/2025;13/03/2025;;;;;;;;13/03/2026;11/06/2026;Sim
FOR.217;CheckList Genérico - Tecnolens;FOR;0;06/03/2025;13/03/2025;;;;;;;;13/03/2026;11/06/2026;Sim
FOR.218;Start-Stop da Fábrica - Technopark;FOR;0;15/04/2025;25/08/2025;;;;;;;;25/08/2026;23/11/2026;Sim
FOR.219;Controle de Documentos EHS - Grown;FOR;0;30/05/2025;03/06/2025;;;;;;;;03/06/2026;01/09/2026;Sim
FOR.220;Calculadora Regeneração de Soda Cáustica;FOR;3;23/10/2025;31/10/2025;;;;;;;;31/10/2026;29/01/2027;Sim
FOR.221;Calculadora Regeneração  A1100;FOR;1;15/08/2025;28/08/2025;;;;;;;;28/08/2026;26/11/2026;Sim
FOR.223;Gestão à Vista - Troca de PADS - Tecnolens;FOR;0;06/08/2025;12/09/2025;;;;;;;;12/09/2026;11/12/2026;Sim
FOR.224;Gestão à Vista - Troca de Membranas - Toroflex - Tecnolens;FOR;0;06/08/2025;12/09/2025;;;;;;;;12/09/2026;11/12/2026;Sim
FOR.225;Reposição de Estoque - Tecnolens;FOR;0;06/08/2025;04/09/2025;;;;;;;;04/09/2026;03/12/2026;Sim
FOR.226;Regeneração Raptex;FOR;1;19/08/2025;19/08/2025;;;;;;;;19/08/2026;17/11/2026;Sim
FOR.227;Lista de Softwares - Tecnolens;FOR;0;04/09/2025;12/09/2025;;;;;;;Formulário para listar os softwares a serem submetidos à validação de Software da Tecnolens.;12/09/2026;11/12/2026;Sim
FOR.228;Relatório de Condição de ativo_Intenção de transferência Interna;FOR;4;16/09/2025;16/09/2025;;;;;;;;16/09/2026;15/12/2026;Sim
FOR.229;Solicitação de Atualização do Plano de Manutenção Preventiva;FOR;1;15/09/2025;23/09/2025;;;;;;;;23/09/2026;22/12/2026;Sim
FOR.230;Solicitud de Actualización del Plan de Mantenimiento Preventivo;FOR;0;09/09/2025;09/09/2025;;;;;;;;09/09/2026;08/12/2026;Sim
FOR.233;Plano de Manutenção Preventiva Ceditop;FOR;0;01/10/2025;01/10/2025;;;;;;;;01/10/2026;30/12/2026;Sim
FOR.234;Registro de Entrada ao EQC;FOR;1;07/10/2025;07/10/2025;;;;;;;;07/10/2026;05/01/2027;Sim
FOR.246;Regeneração: Químicos HC (Mithril 1.6);FOR;1;27/10/2025;31/10/2025;;;;;;;;31/10/2026;29/01/2027;Sim
MAQ.002;Manual da Qualidade;MAQ;10;02/09/2024;04/09/2024;;;;;;;Manual da Qualidade das unidades EssilorLuxotica do Brasil;04/09/2025;03/12/2025;Sim
MAN.001;Manejo_PRAPLA_90_901_260;MAN;0;23/12/2019;23/12/2019;;;;;;;;;;Não
MAN.002;Manual de Operação CB-Bond-E;MAN;0;23/12/2019;23/12/2019;;;;;;;;;;Não
MAN.003;CLBS1 Notice;MAN;0;23/12/2019;23/12/2019;;;;;;;;;;Não
MAN.004;CLBS2 Notice Spanish;MAN;0;23/12/2019;23/12/2019;;;;;;;;;;Não
MAN.005;Maintenance Only HSC Master V1.1 Operating Manual;MAN;0;23/12/2019;23/12/2019;;;;;;;;;;Não
MAN.006;BA_HSC Smart A_PT_V1.2;MAN;0;23/12/2019;23/12/2019;;;;;;;;;;Não
MAN.007;Manual de Operação HSC sprint_PT_V10_2010;MAN;0;23/12/2019;23/12/2019;;;;;;;;;;Não
MAN.008;HSC101;MAN;0;23/12/2019;23/12/2019;;;;;;;;;;Não
MAN.009;Manual VFT- Compact;MAN;0;23/12/2019;23/12/2019;;;;;;;;;;Não
MAN.010;Maintenance_VFTcompact;MAN;0;23/12/2019;23/12/2019;;;;;;;;;;Não
MAN.011;Manejo_VFT Compact Pro;MAN;0;23/12/2019;23/12/2019;;;;;;;;;;Não
MAN.012;Operating_VFT Compact;MAN;0;23/12/2019;23/12/2019;;;;;;;;;;Não
MAN.013;Servicio_VFT CompactPro;MAN;0;23/12/2019;23/12/2019;;;;;;;;;;Não
MAN.014;Software_VFT Compact;MAN;0;23/12/2019;23/12/2019;;;;;;;;;;Não
MAN.015;Spare_Parts_VFT Compact;MAN;0;23/12/2019;23/12/2019;;;;;;;;;;Não
MAN.016;Transport_VFT Compact;MAN;0;23/12/2019;23/12/2019;;;;;;;;;;Não
MAN.017;Mantenimiento_VFT Macro;MAN;0;23/12/2019;23/12/2019;;;;;;;;;;Não
MAN.018;Mantenimiento_VFT Micro;MAN;0;23/12/2019;23/12/2019;;;;;;;;;;Não
MAN.019;Mantenimiento_VFT Orbit;MAN;0;23/12/2019;23/12/2019;;;;;;;;;;Não
MAN.020;Maintenance_VFT Orbit 2;MAN;0;23/12/2019;23/12/2019;;;;;;;;;;Não
MAN.021;Maintenance_VFT Ultra;MAN;0;23/12/2019;23/12/2019;;;;;;;;;;Não
MAN.022;BA_CCL Cmark EN;MAN;0;23/12/2019;23/12/2019;;;;;;;;;;Não
MAN.023;Auto Manual Maintenance;MAN;0;23/12/2019;23/12/2019;;;;;;;;;;Não
MAN.024;Auto Manual;MAN;0;23/12/2019;23/12/2019;;;;;;;;;;Não
MAN.025;LensMark-III-Manual;MAN;0;23/12/2019;23/12/2019;;;;;;;;;;Não
MAN.026;Periodic Maintenance;MAN;0;23/12/2019;23/12/2019;;;;;;;;;;Não
MAN.027;Manual de Operação CCP-Swift;MAN;0;23/12/2019;23/12/2019;;;;;;;;;;Não
MAN.028;Mantenimiento_EssilorDLP;MAN;0;23/12/2019;23/12/2019;;;;;;;;;;Não
MAN.029;Maintenance_DuoFLEX;MAN;0;23/12/2019;23/12/2019;;;;;;;;;;Não
MAN.030;Operating_DuoFLEX;MAN;0;23/12/2019;23/12/2019;;;;;;;;;;Não
MAN.031;Satisloh Duo Flex;MAN;0;23/12/2019;23/12/2019;;;;;;;;;;Não
MAN.032;Maintenance_MultiFLEX;MAN;0;23/12/2019;23/12/2019;;;;;;;;;;Não
MAN.033;Mantenimiento_Toroflex;MAN;0;23/12/2019;23/12/2019;;;;;;;;;;Não
MAN.034;D20 -2 Technical manual indice A2 Luxottica;MAN;0;04/02/2021;04/02/2021;;;;;;;;;;Não
MAN.035;ART Blocker A - Probe Station Calibration;MAN;0;27/09/2023;27/09/2023;;;;;;;;26/09/2025;25/12/2025;Sim
MAN.036;ART Blocker A - Video Calibration;MAN;0;27/09/2023;27/09/2023;;;;;;;;26/09/2025;25/12/2025;Sim
MAN.037;ART Blocker A - Dosing Unit Adjustment;MAN;0;27/09/2023;27/09/2023;;;;;;;;26/09/2025;25/12/2025;Sim
MAN.038;ART Blocker A - Glue Position;MAN;0;01/05/2019;01/05/2019;;;;;;;;27/09/2025;27/12/2025;Sim
MAN.039;ART Blocker A - Control of The Loading Force;MAN;0;01/03/2021;01/03/2021;;;;;;;;27/09/2025;27/12/2025;Sim
MAN.040;ART Blocker - Productivity Increase;MAN;0;01/06/2017;01/06/2017;;;;;;;;27/09/2025;27/12/2025;Sim
MAN.041;ART Blocker A - VCA Labels;MAN;0;05/07/2019;05/07/2019;;;;;;;;27/09/2025;27/12/2025;Sim
MAN.042;ART Blocker - Remplacement de la Colle;MAN;0;01/01/2019;01/01/2019;;;;;;;;27/09/2025;27/12/2025;Sim
MAN.043;ART Blocker A - Parameters;MAN;0;01/03/2022;01/03/2022;;;;;;;;27/09/2025;27/12/2025;Sim
MAN.044;ART Blocker A - Maintenance;MAN;0;27/09/2023;27/09/2023;;;;;;;;26/09/2025;25/12/2025;Sim
MAN.045;ART Blocker A - OPC Configurator;MAN;0;01/06/2020;01/06/2020;;;;;;;;;;Não
MAN.046;ART Blocker - Installation Requirements;MAN;1;06/11/2013;06/11/2013;;;;;;;;27/09/2025;27/12/2025;Sim
MAN.047;VFT Orbit 2 - Surface Quality Issue;MAN;0;01/03/2021;01/03/2021;;;;;;;;;;Não
MAN.048;VFT Orbit 2 - All Format Generator;MAN;0;28/09/2023;28/09/2023;;;;;;;;27/09/2025;26/12/2025;Sim
MAN.049;ART Deblocker - Alinhamento de Máquinas, Calibração e Ensino de Eixos;MAN;1;17/12/2020;17/12/2020;;;;;;;;22/11/2025;22/02/2026;Sim
MAN.050;ART Deblocker - Block Piece Controller;MAN;0;22/11/2023;22/11/2023;;;;;;;;21/11/2025;19/02/2026;Sim
MAN.051;ART Deblocker - Clamping Force Rapid Test;MAN;0;01/10/2022;01/10/2022;;;;;;;;23/09/2025;20/12/2025;Sim
MAN.052;ART Deblocker - Maintenance;MAN;0;05/02/2020;05/02/2020;;;;;;;;22/11/2025;21/02/2026;Sim
MAN.053;ART Deblocker - Instructions de Montage et de Service pour Installations de Réfrigération;MAN;1;24/09/2018;24/09/2018;;;;;;;;24/09/2025;23/12/2025;Sim
MAN.054;ART Deblocker - Machine Settings;MAN;0;01/01/2018;01/01/2018;;;;;;;;22/11/2025;21/02/2026;Sim
MAN.055;ART Deblocker - Maintenance Operations;MAN;0;10/02/2021;10/02/2021;;;;;;;;22/11/2025;21/02/2026;Sim
MAN.056;ART Deblocker - Mapa;MAN;0;22/11/2023;22/11/2023;;;;;;;;21/11/2025;19/02/2026;Sim
MAN.057;ART Deblocker - Nozzle jet Control for Essilor;MAN;0;22/11/2023;22/11/2023;;;;;;;;21/11/2025;19/02/2026;Sim
MAN.058;ART Deblocker - Parameters;MAN;0;01/12/2021;01/12/2021;;;;;;;;01/12/2025;01/03/2026;Sim
MAN.059;ART Deblocker M - Maintenance;MAN;0;22/11/2023;22/11/2023;;;;;;;;21/11/2025;19/02/2026;Sim
MAN.060;AutoMapper - User Manual;MAN;1;01/11/2014;01/11/2014;;;;;;;;22/11/2025;21/02/2026;Sim
MAN.061;Fitadeira - Automatic Surface Tape Applicator (ASTA);MAN;2;18/02/2003;18/02/2003;;;;;;;;23/11/2025;24/02/2026;Sim
MAN.062;Fitadeira - Maintenance for the ASTA;MAN;0;23/11/2023;23/11/2023;;;;;;;;22/11/2025;20/02/2026;Sim
MAN.063;Flash UV - Family Wavelenght 266 nm;MAN;0;23/11/2023;23/11/2023;;;;;;;;22/11/2025;20/02/2026;Sim
MAN.064;PRA - Adjust the Blocking Height;MAN;0;23/11/2023;23/11/2023;;;;;;;;22/11/2025;20/02/2026;Sim
MAN.065;CB Bond E - Manual de Operação;MAN;0;19/09/2024;19/09/2024;;;;;;;;19/09/2025;18/12/2025;Sim
MAN.066;CCL C Mark - Manual de Operação;MAN;0;19/09/2024;19/09/2024;;;;;;;;19/09/2025;18/12/2025;Sim
MAN.067;CCP Swiff - Manual de Operação;MAN;0;19/09/2024;19/09/2024;;;;;;;;19/09/2025;18/12/2025;Sim
MAN.068;High Speed Cutting Machine HSC Sprint - Manual de Utilização;MAN;1;19/09/2024;19/09/2024;;;;;;;;19/09/2025;18/12/2025;Sim
PCP.043;PCP - Finishing español;PCP;8;04/07/2024;08/07/2024;;;;;;;;08/07/2026;07/10/2026;Sim
PCP.045;PCP - Finishing português;PCP;8;04/07/2024;08/07/2024;;;;;;;;08/07/2026;07/10/2026;Sim
PCP.048;PCP Mithril 1.6 D645;PCP;10;20/03/2025;12/05/2025;;;;;;;;12/05/2026;10/08/2026;Sim
PCP.049;PCP Surfacing Process Rx;PCP;15;05/03/2025;13/03/2025;;;;;;;;13/03/2026;11/06/2026;Sim
PCP.054;PCP Mithril 1.6 Rx SCL Machines;PCP;9;17/04/2024;12/05/2025;;;;;;;;12/05/2026;10/08/2026;Sim
PCP.055;PCP Mithril 1.6 Rx D Machines;PCP;22;20/03/2025;12/05/2025;;;;;;;;12/05/2026;10/08/2026;Sim
PCP.056;PCP - Finishing - Inglês;PCP;8;04/07/2024;08/07/2024;;;;;;;;08/07/2026;07/10/2026;Sim
PCP.057;PCP Mithril 1.5 CCM;PCP;1;19/04/2024;25/11/2024;;;;;;;;25/11/2025;23/02/2026;Sim
PCP.058;PCP - Spin MRIII;PCP;0;10/04/2025;12/05/2025;;;;;;;;12/05/2026;10/08/2026;Sim
GQS-POL.001;POLÍTICA DE CONFORMIDADE;GQS-POL;1;01/01/2019;01/04/2019;;;;;;;Elaborada por	Christine NGUY Verificado por	John MACNAMARA - Christian MIEGE Aprovado por	Grant Drew ALLEN;30/03/2026;28/06/2026;Sim
GQS-POL.002;POLÍTICA DE GESTÃO DE REIVINDICAÇÕES DE PRODUTOS E SERVIÇOS;GQS-POL;1;02/04/2018;03/09/2018;;;;;;;Elaborada por	P. Quarante (Legal/CMM) Verificado por	M.P. Ferrachat (Global SGP), F. Arrouy (GMT), T. Villette (R&D), S. Kabous (R&D Quality), G. Martin (GE&Dev. Quality), S. Menager (IPD) Aprovado por	A Lunshof (VP Group Legal), N. Gorny (CR&DO), A. RIveline (CMO), P. Poncin (VP Global Operations), G. Allen (VP Global Quality);27/05/2026;26/08/2026;Sim
GQS-POL.003;POLÍTICA DE GESTÃO DE RISCOS;GQS-POL;1;01/10/2019;03/02/2020;;;;;;;Elaborada por	Anthony SANCHEZ Verificado por	Guillaume MARTIN, John MACNAMARA, Marta ALFARO  Aprovado por	Grant ALLEN;01/02/2026;02/05/2026;Sim
GQS-POL.004;POLÍTICA DE GESTÃO DE MUDANÇAS;GQS-POL;1;01/12/2020;01/02/2021;;;;;;;Elaborada por	Anthony SANCHEZ Verificado por	Guillaume MARTIN, John MACNAMARA, Salah KABOUS, Annette HOSKIN Aprovado por	Grant ALLEN;31/01/2026;01/05/2026;Sim
GQS-POL.005;GESTÃO DE DOCUMENTAÇÃO;GQS-POL;1;14/06/2021;14/06/2021;;;;;;;Elaborada por	Stéphanie Hureau Verificado por	Pascale Godin, Anthony Sanchez, Kurt Swank, Claude Zunino Aprovado por	Grant ALLEN;13/06/2026;11/09/2026;Sim
GQS-POL.006;POLÍTICA DE DESIGN E DESENVOLVIMENTO;GQS-POL;1;01/06/2020;03/08/2020;;;;;;;Elaborada por	Salah KABOUS, Michel JULLIAN Verificado por	Guillaume MARTIN, John MACNAMARA, Sean KENNEDY Aprovado por	Grant ALLEN;02/08/2026;31/10/2026;Sim
GQS-POL.007;POLÍTICA DE VALIDAÇÃO ONE;GQS-POL;2;02/03/2020;01/02/2021;;;;;;;Elaborada por	Lingarajan SUYAMBULINGAM Verificado por	Guillaume MARTIN, Salah KABBOUS, Mahesh SWAMINATHAN, Marta ALFARO, Clément  LAOTHIANE Aprovado por	Grant ALLEN;31/01/2026;01/05/2026;Sim
GQS-POL.008;POLÍTICA DE ESPECIFICAÇÕES;GQS-POL;1;02/09/2019;14/06/2021;;;;;;;Elaborada por	Véronique CHARRUEY Verificado por	Salah KABOUS, Christine NGUY, Guillaume MARTIN, John MACNAMARA Aprovado por	Grant ALLEN;13/06/2026;11/09/2026;Sim
GQS-POL.009;POLÍTICA DE GESTÃO DE MÉTODOS DE TESTE;GQS-POL;2;01/07/2020;01/12/2020;;;;;;;Elaborada por	Olivier Pophillat  Verificado por	L-J.Lam, Pornsawan Chujaroen, Salah Kabous, Mahesh SWAMINATHAN Aprovado por	Grant Allen;30/11/2025;28/02/2026;Sim
GQS-POL.010;POLÍTICA DE FABRICAÇÃO;GQS-POL;1;03/02/2020;03/02/2020;;;;;;;Política, qualidade, fabricação, validação, produção;01/02/2026;02/05/2026;Sim
GQS-POL.011;IDENTIFICAÇÃO, RASTREABILIDADE e RECALL;GQS-POL;1;04/02/2019;01/07/2019;;;;;;;Elaborada por	Stéphane THURIER - François BURTEAUX Verificado por	Marta ALFARO – John MACNAMARA – Jérémie COULON Aprovado por	Grant ALLEN;29/06/2026;27/09/2026;Sim
GQS-POL.012;POLÍTICA DE PRESERVAÇÃO DE PRODUTOS;GQS-POL;1;01/04/2020;01/04/2020;;;;;;;Elaborada por	Stéphanie HUREAU Verificado por	Christine NGUY Aprovado por	Grant ALLEN;31/03/2026;29/06/2026;Sim
GQS-POL.013;POLÍTICA DE GESTÃO DE FORNECEDORES;GQS-POL;1;02/03/2020;01/04/2020;;;;;;;Elaborada por	Lingarajan SUYAMBULINGAM Verificado por	Stéphanie HUREAU Aprovado por	Grant ALLEN;31/03/2026;29/06/2026;Sim
GQS-POL.014;POLÍTICA DE FEEDBACK DE CLIENTES;GQS-POL;1;01/04/2020;01/04/2020;;;;;;;Elaborada por	Pierre CASTERA Verificado por	Stéphanie HUREAU Aprovado por	Grant ALLEN;31/03/2026;29/06/2026;Sim
GQS-POL.015;NÃO CONFORMIDADE - POLÍTICA DE AÇÕES CORRETIVAS E PREVENTIVAS;GQS-POL;1;01/10/2019;01/11/2019;;;;;;;"Elaborada por	Claude ZUNINO Verificado por	John MACNAMARA; Marta ALFARO; Pat COMER; Alina TIAN Aprovado por	Grant ALLEN";30/10/2025;28/01/2026;Sim
GQS-POL.016;POLÍTICA DE TREINAMENTO;GQS-POL;1;02/12/2019;03/02/2020;;;;;;;Elaborada por	Seán Kennedy Verificado por	Tsun Sean Lim, Sommalay Vilayleck, Anthony Sanchez  Aprovado por	Grant Allen;01/02/2026;02/05/2026;Sim
GQS-POL.017;Política de Auditoria da Qualidade;GQS-POL;1;02/12/2019;03/02/2020;;;;;;;Elaborado por TSUN SHEAN LIM  Verificado por: Stéphanie HUREAU, Christine NGUY Aprovado por Grant ALLEN;01/02/2026;02/05/2026;Sim
GQS-POL.018;ANÁLISE POR PARTE DA ADMINISTRAÇÃO;GQS-POL;1;01/01/2019;01/04/2019;;;;;;;Elaborada por	Christine NGUY Verificado por	Christian MIEGE - Marianne ESTEVE Aprovado por	Grant ALLEN;30/03/2026;28/06/2026;Sim
PSQ.001;Apostila Padrão Cosmético;PSQ;14;03/07/2024;30/08/2024;;;;;;;;31/08/2026;30/11/2026;Sim
PSQ.017;Controle de Documentos e Registros;PSQ;3;11/04/2024;11/04/2024;;;;;;;;19/06/2026;18/09/2026;Sim
PSQ.018;Realização de Produto;PSQ;2;21/03/2023;18/07/2023;;;;;;;;17/07/2026;16/10/2026;Sim
PSQ.019;Preservação de Insumo e Produto;PSQ;2;19/05/2023;07/06/2023;;;;;;;;05/06/2026;04/09/2026;Sim
PSQ.020;Gestão de Fornecedores;PSQ;7;24/10/2024;22/11/2024;;;;;;;;22/11/2025;20/02/2026;Sim
PSQ.022;Não Conformidade - Ações Corretivas e Preventivas;PSQ;5;24/08/2023;29/08/2023;;;;;;;;28/08/2026;26/11/2026;Sim
PSQ.023;Treinamentos;PSQ;3;31/08/2023;05/09/2023;;;;;;;;20/05/2026;08/09/2026;Sim
PSQ.024;Auditoria;PSQ;3;12/05/2023;18/05/2023;;;;;;;;18/05/2026;17/08/2026;Sim
PSQ.025;Revisão Gerencial;PSQ;1;03/05/2023;03/05/2023;;;;;;;;01/05/2026;31/07/2026;Sim
PSQ.026;Identificação e Rastreabilidade;PSQ;1;06/06/2023;26/06/2023;;;;;;;;25/06/2026;24/09/2026;Sim
PSQ.027;Procedimento de Validação;PSQ;2;06/06/2022;10/06/2022;;;;;;;em construção;08/09/2025;09/12/2025;Sim
PSQ.028;Gestão de Riscos;PSQ;5;24/10/2024;21/11/2024;;;;;;;;21/11/2025;19/02/2026;Sim
PSQ.029;Procedimento de Gestão de Mudança;PSQ;3;19/03/2024;20/03/2024;;;;;;;;09/06/2026;08/09/2026;Sim
PSQ.030;Procedimento Feedback de Clientes;PSQ;1;14/03/2022;15/03/2022;;;;;;;;13/10/2023;17/08/2026;Sim
PSQ.031;Procedimento de Gerenciamento de Claim de Produtos e Serviços;PSQ;0;17/11/2021;03/03/2022;;;;;;;;26/05/2026;25/08/2026;Sim
PSQ.032;Monitoramento de Equipamento de Medição;PSQ;7;19/06/2024;20/06/2024;;;;;;;;19/06/2026;18/09/2026;Sim
PSQ.033;Procedimento de Manutenção;PSQ;1;15/06/2023;26/06/2023;;;;;;;;25/06/2026;24/09/2026;Sim
DOC.029;Controle de Cópias Físicas;DOC;5;25/01/2023;30/01/2023;;;;;;;;30/01/2026;25/04/2026;Sim
POP.076;Preparação de Químicos - DSX e SP;POP;7;16/10/2023;28/02/2024;;;;;;;;27/02/2026;28/05/2026;Sim
POP.080;ACOMPANHAMENTO DO PROCESSO;POP;2;22/02/2019;22/02/2019;;;;;;;POP-2.A38.03;03/07/2026;02/10/2026;Sim
POP.087;Manual Operacional - Satisloh MC 380;POP;3;18/05/2023;17/07/2023;;;;;;;;16/07/2026;15/10/2026;Sim
POP.088;Limpeza e Manutenção - Satisloh MC 380;POP;5;18/05/2023;18/03/2024;;;;;;;;18/03/2025;18/09/2026;Sim
POP.089;Fluxo do AR;POP;2;22/02/2019;22/02/2019;;;;;;;FL-2.A12.04;;;Não
POP.1000;Manual Operacional - Certificação e Faturamento da Expedição - Visolab;POP;0;01/12/2023;22/01/2024;;;;;;;;21/01/2026;21/04/2026;Sim
POP.1001;Manual Operacional - Produtos e Insumos Não Conforme - Visolab;POP;2;11/06/2025;23/06/2025;;;;;;;;23/06/2026;21/09/2026;Sim
POP.1002;Manual Operacional - Rastreabilidade de pedidos - Visolab;POP;1;16/04/2024;17/04/2024;;;;;;;;17/04/2026;16/07/2026;Sim
POP.1003;Manual Operacional - Casamento de Armação - Visolab;POP;1;17/04/2024;18/04/2024;;;;;;;;17/04/2026;17/07/2026;Sim
POP.1004;Manual Operacional - Rastreabilidade de Produtos - Laboratório Sumaré;POP;0;15/12/2023;18/12/2023;;;;;;;;17/12/2025;17/03/2026;Sim
POP.1005;Calibração Operacional - ProMapper;POP;0;18/12/2023;18/12/2023;;;;;;;;17/12/2025;17/03/2026;Sim
POP.1006;Monitoramento de Realimentação do Cliente - Sumaré Laboratório;POP;0;18/12/2023;18/12/2023;;;;;;;;17/12/2025;17/03/2026;Sim
POP.1007;Manual Operacional - Focovision SPV-3;POP;0;03/01/2024;04/01/2024;;;;;;;;03/01/2026;03/04/2026;Sim
POP.1012;Monitoramento de Realimentação do Cliente - Visolab;POP;1;19/08/2024;19/08/2024;;;;;;;;19/08/2026;17/11/2026;Sim
POP.1013;Verificação ProMapper - Lentes Mineral;POP;0;29/01/2024;02/02/2024;;;;;;;;01/02/2026;02/05/2026;Sim
POP.1014;Manual Operacional - Lapidação de Lentes - Repro;POP;0;31/01/2024;18/03/2024;;;;;;;;20/05/2026;20/08/2026;Sim
POP.1015;Manual Operacional - Liberação de Lentes Prontas e Blocos do Estoque - Visolab;POP;1;15/08/2024;15/08/2024;;;;;;;;14/08/2026;12/11/2026;Sim
POP.1016;Manual Operacional - Aprovação e Cancelamento de Pedidos - Visolab;POP;0;31/01/2024;09/02/2024;;;;;;;;08/02/2026;09/05/2026;Sim
POP.1017;Manual Operacional - Spin Coat Tool;POP;0;31/01/2024;18/03/2024;;;;;;;;18/03/2025;18/09/2026;Sim
POP.1018;Manual Operacional - Abertura de Perdas Interna da Produção - Grown;POP;2;16/05/2025;16/06/2025;;;;;;;;16/06/2026;14/09/2026;Sim
POP.1019;Teste de Viscosidade - Automático com Brookfield DVPLUS;POP;0;31/01/2024;02/02/2024;;;;;;;;01/02/2025;12/02/2026;Sim
POP.1020;Manual Operacional - Estoque Atacado - Grown;POP;0;02/02/2024;19/02/2024;;;;;;;;18/02/2026;19/05/2026;Sim
POP.1021;Manual Operacional - Recebimento e Armazenamento - Grown;POP;0;02/02/2024;19/02/2024;;;;;;;;18/02/2026;19/05/2026;Sim
POP.1024;Manual Operacional - Abertura da requisição de quebra - Visolab;POP;0;21/02/2024;21/02/2024;;;;;;;;20/02/2026;21/05/2026;Sim
POP.1025;Manual Operacional - Consultoria - Visolab;POP;0;26/02/2024;01/04/2024;;;;;;;;30/06/2026;29/09/2026;Sim
POP.1028;Manual Operacional - Emissão de Carta de Correção - Sumaré CD;POP;1;14/05/2025;15/05/2025;;;;;;;;15/05/2026;13/08/2026;Sim
POP.1029;Manual Operacional - Entrada de pedidos na Montagem - Optilab;POP;1;23/04/2025;29/04/2025;;;;;;;;29/04/2026;28/07/2026;Sim
POP.1030;Manual Operacional - Inspeção de Saída do HC - LabRio;POP;0;27/02/2024;02/04/2024;;;;;;;;09/06/2026;08/09/2026;Sim
POP.1031;Manual Operacional - Expedição de Vernizes e Primers - CD Caxias;POP;1;01/10/2024;01/10/2024;;;;;;;;01/10/2025;30/12/2025;Sim
POP.1032;Manual Operacional - Produto Não Conforme - Sumaré CD;POP;1;18/02/2025;14/07/2025;;;;;;;;14/07/2026;12/10/2026;Sim
POP.1033;Calibração Operacional - Focovision SPV-3;POP;0;01/03/2024;05/03/2024;;;;;;;;09/06/2026;08/09/2026;Sim
POP.1035;Manual Operacional - Medidor e Descarte - Block Piece;POP;0;04/03/2024;05/03/2024;;;;;;;;09/06/2026;08/09/2026;Sim
POP.1037;Manual Operacional - Etiqueta de Identificação da Nota Fiscal - Sumaré CD;POP;1;14/05/2025;15/05/2025;;;;;;;;15/05/2026;13/08/2026;Sim
POP.1038;Manual Operacional - Entrada de Pedidos da Montagem - Grown;POP;0;11/03/2024;12/03/2024;;;;;;;;22/05/2026;21/08/2026;Sim
POP.1039;Manual Operacional - Spin MiniII;POP;0;11/03/2024;17/04/2024;;;;;;;;17/04/2026;16/07/2026;Sim
POP.104;Produção para Cartão Vermelho;POP;2;22/02/2019;22/02/2019;;;;;;;LUP-2.EST.01;;;Não
POP.1040;Manutenção Preventiva - Promapper;POP;0;21/03/2024;09/04/2024;;;;;;;;09/04/2026;08/07/2026;Sim
POP.1041;Limpeza e Manutenção - Porta Blocos;POP;0;26/03/2024;08/04/2024;;;;;;;;07/07/2026;06/10/2026;Sim
POP.1042;Limpieza y Mantenimiento - Chapetas de Bloqueadora;POP;0;26/03/2024;08/04/2024;;;;;;;;07/07/2026;06/10/2026;Sim
POP.1044;Manual Operacional - Inspeção de Porta Bloco;POP;0;26/03/2024;10/07/2024;;;;;;;;10/07/2026;09/10/2026;Sim
POP.1046;Manual Operacional - Reenvio de XML - Faturamento - Sumaré CD;POP;1;15/05/2025;15/05/2025;;;;;;;;15/05/2026;13/08/2026;Sim
POP.1047;Manual Operacional - Fluxo de Pedidos - Grown;POP;1;05/02/2025;12/02/2025;;;;;;;;12/02/2026;13/05/2026;Sim
POP.1048;Manual Operacional - Fluxo dos Pedidos HMC - Grown;POP;2;05/02/2025;12/02/2025;;;;;;;;12/02/2026;13/05/2026;Sim
POP.1049;Manual Operacional - Extração de Relatório no Hodie para Controle de NF - Sumaré CD;POP;1;15/05/2025;15/05/2025;;;;;;;;15/05/2026;13/08/2026;Sim
POP.105;Manual Operacional - Estufa Memmert;POP;7;18/03/2022;21/03/2022;;;;;;;Antiga referência POP-2.EST.03. Elaborado em 22/02/2019;19/06/2026;18/09/2026;Sim
POP.1050;Manual Operacional - Casamento de Nota Fiscal x Produto Faturado - Sumaré CD;POP;1;07/07/2025;14/07/2025;;;;;;;;14/07/2026;12/10/2026;Sim
POP.1051;Manual Operacional - Lente de Gabarito para Polimento;POP;0;05/04/2024;05/04/2024;;;;;;;;06/04/2026;06/07/2026;Sim
POP.1052;Manual Operacional - Backup de Máquinas Satisloh;POP;0;08/04/2024;10/07/2024;;;;;;;;10/07/2026;09/10/2026;Sim
POP.1053;Manual Operacional - Cortesia Voucher PPE - Grown;POP;0;10/04/2024;12/04/2024;;;;;;;;13/04/2026;13/07/2026;Sim
POP.1054;Manual Operacional - Procedimento de Testes Para Novos Blocos - Grown;POP;0;10/04/2024;12/04/2024;;;;;;;;13/04/2026;13/07/2026;Sim
POP.1057;Manual Operacional - Comunicação com o Cliente - Visolab;POP;0;18/04/2024;18/04/2024;;;;;;;;17/04/2026;17/07/2026;Sim
POP.1058;Manual Operacional - Inspeção de Saída do HC - Visolab;POP;0;19/04/2024;19/04/2024;;;;;;;;20/04/2026;20/07/2026;Sim
POP.1059;Manual Operacional - Aplicação de Tratamento em Blocos - Visolab;POP;0;19/04/2024;19/04/2024;;;;;;;;20/04/2026;20/07/2026;Sim
POP.106;Limpeza e Manutenção - Estufa Memmert;POP;5;18/03/2022;21/03/2022;;;;;;;Referência antiga POP-2.EST.04. Elaborado em 22/02/2019;21/03/2025;18/09/2026;Sim
POP.1060;Manual Operacional - Indicadores do Engeman - Visolab;POP;0;19/04/2024;19/04/2024;;;;;;;;20/04/2026;20/07/2026;Sim
POP.1061;Manual Operacional - Faturamento da Expedição - Lab Rio;POP;0;22/04/2024;08/05/2024;;;;;;;;08/05/2026;07/08/2026;Sim
POP.1064;Manual Operacional - Emissão Minutas de Embarque - Sumaré CD;POP;1;08/07/2025;14/07/2025;;;;;;;;14/07/2026;12/10/2026;Sim
POP.1065;Manual Operacional - Emissão de Romaneio na Plataforma Hodie - Sumaré CD;POP;1;14/05/2025;15/05/2025;;;;;;;;15/05/2026;13/08/2026;Sim
POP.1066;Manual Operacional - Operação do Varilux XR - Visolab;POP;0;17/05/2024;05/06/2024;;;;;;;;05/06/2026;04/09/2026;Sim
POP.1067;Calibración Operativa - Angulo de Prisma - PRA;POP;0;22/05/2024;10/07/2024;;;;;;;;10/07/2026;09/10/2026;Sim
POP.1068;Manual Operacional - Compra de Matéria-Prima - Grown;POP;0;03/06/2024;06/06/2024;;;;;;;;05/06/2026;04/09/2026;Sim
POP.1069;Calibración Operativa - Perpendicularidad - VFT Orbti 1;POP;2;23/08/2024;19/09/2024;;;;;;;;19/09/2025;18/12/2025;Sim
POP.107;Controle de Parâmetros -  Estufa Memmert;POP;4;06/10/2022;03/10/2023;;;;;;;;02/10/2025;31/12/2025;Sim
POP.1070;Manual Operacional - Abertura de chamados no Engeman - Visolab;POP;0;18/06/2024;01/07/2024;;;;;;;;01/07/2026;30/09/2026;Sim
POP.1071;Manual Operacional - Blocadora Weco C6;POP;0;21/06/2024;11/11/2025;;;;;;;;11/11/2026;09/02/2027;Sim
POP.1072;Manual Operacional - Produto Não Conforme - Repro;POP;1;21/11/2025;24/11/2025;;;;;;;;24/11/2026;22/02/2027;Sim
POP.1073;Manual Operacional - Compra e Recebimento de Blocos e Lentes - Tecnolens;POP;0;19/07/2024;23/07/2024;;;;;;;;23/07/2026;22/10/2026;Sim
POP.1075;Manual Operacional - Estoque de Blocos (FIFO) - Grown;POP;1;24/10/2025;07/11/2025;;;;;;;Descrever o processo de armazenagem de blocos visando seguir a classificação do Padrão de Qualidade de Referência (PQR) seguindo a Metodologia FIFO para laboratório Grown Optical.;07/11/2026;05/02/2027;Sim
POP.1076;Manual Operacional - Embalagem dos Serviços da Montagem - Grown;POP;0;25/07/2024;06/08/2024;;;;;;;;06/08/2026;04/11/2026;Sim
POP.1078;Manual Operacional - Elaboração e Revisão de Documentos;POP;0;07/08/2024;27/08/2024;;;;;;;;27/08/2026;25/11/2026;Sim
POP.1079;Manual Operacional Pré-Inspeção (Repro);POP;0;07/08/2024;07/08/2024;;;;;;;;07/08/2026;05/11/2026;Sim
POP.108;Manual Operacional - Forno Essemtec;POP;3;23/09/2020;04/01/2021;;;;;;;;27/10/2025;27/12/2025;Sim
POP.1080;Manual Operacional Pré-Inspeção (Visolab);POP;0;08/08/2024;12/08/2024;;;;;;;;12/08/2026;10/11/2026;Sim
POP.1081;Manual Operacional - Inspeção Final - Visolab;POP;0;08/08/2024;12/08/2024;;;;;;;;12/08/2026;10/11/2026;Sim
POP.1082;Manual Operacional - Embalagem de Lentes - Visolab;POP;0;15/08/2024;15/08/2024;;;;;;;;14/08/2026;12/11/2026;Sim
POP.1083;Manual Operacional - Verificação Lux;POP;0;16/08/2024;27/08/2024;;;;;;;;27/08/2026;25/11/2026;Sim
POP.1084;Calibracion Operativa - Laser Flash UV;POP;0;03/09/2024;18/09/2024;;;;;;;;18/09/2025;17/12/2025;Sim
POP.1085;Calibração Operacional - Laser Flash UV;POP;0;05/09/2024;18/09/2024;;;;;;;;18/09/2025;17/12/2025;Sim
POP.1086;Manual Operacional - Calibração do Inspetor Referência;POP;0;09/09/2024;26/09/2024;;;;;;;;26/09/2025;25/12/2025;Sim
POP.1087;Calibração Operacional - Perpendicularidade - VFT Orbit 1;POP;0;16/09/2024;18/09/2024;;;;;;;;18/09/2025;17/12/2025;Sim
POP.1088;Manual Operacional - Devolução - Sumaré CD;POP;0;16/09/2024;16/09/2024;;;;;;;;16/09/2025;15/12/2025;Sim
POP.1089;Manual Operacional - Triagem de Pedidos da Expedição e Faturamento do Sedex - Grown;POP;0;27/09/2024;14/10/2024;;;;;;;;14/10/2025;12/01/2026;Sim
POP.109;Manual Operacional - Forno Dima;POP;4;17/05/2023;17/07/2023;;;;;;;;16/07/2026;15/10/2026;Sim
POP.1090;Manual Operacional - Importação de Pedidos da Expedição - Grown;POP;0;27/09/2024;14/10/2024;;;;;;;;14/10/2025;12/01/2026;Sim
POP.1091;Manual Operacional - Higienização da Câmara de Trabalho (VFT Orbit 1 e 2) - Technopark;POP;0;01/10/2024;21/10/2024;;;;;;;;21/10/2025;19/01/2026;Sim
POP.1092;Manual Operacional - Pós-Vendas - Ceditop;POP;1;09/09/2025;27/09/2025;;;;;;;;27/09/2026;26/12/2026;Sim
POP.1095;Manual Operacional - Chamado de Compras Opex - Repro;POP;0;25/10/2024;28/10/2024;;;;;;;;28/10/2025;26/01/2026;Sim
POP.1096;Manual Operacional - Lançamento de Notas Fiscais (Garantia, Beneficiário e Simples remessa) - Grown;POP;0;29/10/2024;04/11/2024;;;;;;;;04/11/2025;02/02/2026;Sim
POP.1097;Manual Operacional Pré-Inspeção (Grown);POP;1;12/02/2025;12/02/2025;;;;;;;;12/02/2026;13/05/2026;Sim
POP.1098;Manual Operacional - Detector de UV Martinato AM-221N;POP;0;29/10/2024;08/11/2024;;;;;;;;08/11/2025;06/02/2026;Sim
POP.1099;Manual Operacional - Estoque de Lentes Prontas (FIFO) - Grown;POP;0;31/10/2024;04/11/2024;;;;;;;;04/11/2025;02/02/2026;Sim
POP.1100;Calibração Operacional - VFT Orbit 2i;POP;0;31/10/2024;18/11/2024;;;;;;;;18/11/2025;16/02/2026;Sim
POP.1102;Manual Operacional - Operação do Varilux XR - Grown;POP;1;11/03/2025;25/03/2025;;;;;;;Descrever o procedimento para operação da produção do produto Varilux XR (G9) no laboratório Grown Optical.;25/03/2026;23/06/2026;Sim
POP.1103;Manual Operacional - Criação de Local de Estoques de Blocos e Lentes Prontas - Grown;POP;0;13/12/2024;13/01/2025;;;;;;;;13/01/2026;13/04/2026;Sim
POP.1104;Manual Operacional - Ajuste de Saldo - Grown;POP;0;13/12/2024;13/01/2025;;;;;;;;13/01/2026;13/04/2026;Sim
POP.1105;Manual Operacional – Conferência de Montagem com Gabarito – Repro;POP;0;19/12/2024;26/12/2024;;;;;;;;26/12/2025;26/03/2026;Sim
POP.1106;Manual Operacional - Inventário de Estoques - Grown;POP;0;24/12/2024;13/01/2025;;;;;;;;13/01/2026;13/04/2026;Sim
POP.1107;Manual Operacional - Processos e Relatórios de Garantia - Visolab;POP;0;10/01/2025;17/02/2025;;;;;;;;17/02/2026;18/05/2026;Sim
POP.1108;Manual Operacional - Fluxo de Entrada de Material na Expedição - Technopark;POP;0;13/01/2025;21/02/2025;;;;;;;Fluxo de entrada de materiais para envio ao cliente vindos dos departamentos da Technopark;21/02/2026;22/05/2026;Sim
POP.1109;Manual Operacional - Ações Preventivas e Corretivas Laser Flash UV - Technopark;POP;1;19/08/2025;05/09/2025;;;;;;;Ações preventivas e corretivas Laser Flash UV;05/09/2026;04/12/2026;Sim
POP.111;Limpeza do Forno DIMA;POP;4;03/12/2019;10/12/2019;;;;;;;POP-2.FOR.06;10/09/2025;10/12/2025;Sim
POP.1110;Manual Operacional - Aprovação de quebra - Technopark;POP;0;13/01/2025;21/02/2025;;;;;;;Aprovação de Quebra;21/02/2026;22/05/2026;Sim
POP.1112;Manual Operacional – Limpeza de Pipeta - Repro;POP;0;31/01/2025;04/02/2025;;;;;;;;04/02/2026;05/05/2026;Sim
POP.1113;Manual Operacional - Inventário de Estoque - digiTOP;POP;0;11/02/2025;14/02/2025;;;;;;;;14/02/2026;15/05/2026;Sim
POP.1114;Calibração Operacional - Spin MRIII;POP;0;17/02/2025;20/02/2025;;;;;;;;20/02/2026;21/05/2026;Sim
POP.1115;Manual Operacional - Mapa de Produção Industrial - Tecnolens;POP;0;19/02/2025;05/03/2025;;;;;;;;05/03/2026;03/06/2026;Sim
POP.1118;Manual Operacional - Montagem de Garra - SCL CDC1000;POP;0;26/02/2025;09/07/2025;;;;;;;;09/07/2026;07/10/2026;Sim
POP.1119;Manual Operacional - Certificação de Pedidos - Grown;POP;1;21/10/2025;05/11/2025;;;;;;;Descrever o procedimento para o processo de certificação de pedidos do laboratório Grown Optical.;05/11/2026;03/02/2027;Sim
POP.112;Manutenção do Forno Dima;POP;3;27/11/2019;13/12/2019;;;;;;;POP-2.FOR.07;10/09/2025;10/12/2025;Sim
POP.1120;Requisição de Insumos - digiTOP;POP;0;13/03/2025;17/03/2025;;;;;;;POP - Requisição de Insumos - digiTOP;17/03/2026;15/06/2026;Sim
POP.1121;Manual Operacional - Conferência Final da Surfaçagem - Grown;POP;0;17/03/2025;08/05/2025;;;;;;;Descrever o procedimento de conferência final dos pedidos da surfaçagem do laboratório Grown Optical.;08/05/2026;06/08/2026;Sim
POP.1122;Manual Operacional - Armazenamento de blocos e lentes no estoque - Visolab;POP;0;18/03/2025;02/05/2025;;;;;;;;02/05/2026;31/07/2026;Sim
POP.1124;Procedimento Ordem de Serviço - Fracttal;POP;0;29/04/2025;09/06/2025;;;;;;;;09/06/2026;07/09/2026;Sim
POP.1125;Manual Operacional - Lançamentos de Notas Fiscais (Tratamento Antirreflexo) - digiTOP;POP;0;30/04/2025;07/05/2025;;;;;;;Lançamentos de Notas Fiscais (Tratamento Antirreflexo) - digiTOP;07/05/2026;05/08/2026;Sim
POP.1126;Manual Operacional - Inspeção Final - Grown;POP;0;30/04/2025;10/07/2025;;;;;;;Descrever o procedimento de inspeção final e retrabalho das lentes no processo de produção do HMC pelo laboratório Grown Optical;10/07/2026;08/10/2026;Sim
POP.1127;Manual Operacional - Armazenagem - Sumaré CD;POP;1;16/05/2025;17/06/2025;;;;;;;;17/06/2026;15/09/2026;Sim
POP.1128;Manual Operacional - Embalagem - Sumaré CD;POP;1;10/07/2025;14/07/2025;;;;;;;;14/07/2026;12/10/2026;Sim
POP.1129;Manual Operacional - Etiqueta de Identificação Exportação - Sumaré CD;POP;0;14/05/2025;15/05/2025;;;;;;;Novo arquivo no sistema - Fluxo Iniciado;15/05/2026;17/07/2026;Sim
POP.113;Limpeza e Manutenção - Forno Essemtec;POP;4;02/09/2022;03/11/2022;;;;;;;;19/01/2026;18/04/2026;Sim
POP.1130;Serviços de Garantia - Visolab;POP;2;21/05/2025;29/05/2025;;;;;;;;29/05/2026;27/08/2026;Sim
POP.1132;Limpieza del sistema de pulido centralizado;POP;0;03/06/2025;10/06/2025;;;;;;;;10/06/2026;08/09/2026;Sim
POP.1133;Limpeza do sistema de polimento centralizado;POP;0;03/06/2025;10/06/2025;;;;;;;;10/06/2026;08/09/2026;Sim
POP.1134;Manual Operacional - Bazel HC6 - Lab Rio;POP;0;04/06/2025;10/06/2025;;;;;;;;10/06/2026;08/09/2026;Sim
POP.1135;Manual Operacional - Retrabalho Surfaçagem - Lab Rio;POP;0;04/06/2025;10/06/2025;;;;;;;;10/06/2026;08/09/2026;Sim
POP.1136;Limpeza e Manutenção - Bazell HC6 - Lab Rio;POP;0;04/06/2025;10/06/2025;;;;;;;;10/06/2026;08/09/2026;Sim
POP.1137;Limpeza e Manutenção - Slurry System - Lab Rio;POP;0;04/06/2025;10/06/2025;;;;;;;;10/06/2026;08/09/2026;Sim
POP.1138;Limpeza e Manutenção da Derretedora de Alloy - Lab Rio;POP;0;04/06/2025;10/06/2025;;;;;;;;10/06/2026;08/09/2026;Sim
POP.1139;Manual Operacional - Digitação para Pré-Produção Lab Rio;POP;0;04/06/2025;10/06/2025;;;;;;;;10/06/2026;08/08/2026;Sim
POP.114;Controle de Parâmetros - Forno Essemtec;POP;2;27/11/2019;22/02/2022;;;;;;;;10/08/2026;09/11/2026;Sim
POP.1141;Manual Operacional - Conferência de Pedidos Manual - Sumaré CD;POP;0;17/06/2025;14/07/2025;;;;;;;Emissão Inicial;14/07/2026;12/10/2026;Sim
POP.1142;Manual Operacional - Controle de Quantidade de Quebras - Grown;POP;0;24/06/2025;29/08/2025;;;;;;;Descrever o processo padronizado para acompanhar a quantidade de quebras do laboratório Grown  Optical.;29/08/2026;27/11/2026;Sim
POP.1143;Manual Operacional – Lançamento de Notas Fiscais (Tratamento Antirreflexo) – Optilab;POP;0;26/06/2025;09/07/2025;;;;;;;;09/07/2026;07/10/2026;Sim
POP.1144;Manual Operacional - Conferência de Pedidos Automática - Sumaré CD;POP;0;07/07/2025;14/07/2025;;;;;;;Emissão Inicial;14/07/2026;12/10/2026;Sim
POP.1145;Salvar Resultados dos Testes de HC - Lab Rio;POP;0;08/07/2025;14/07/2025;;;;;;;;14/07/2026;12/10/2026;Sim
POP.1146;Remoção da Camada de Proteção do Antirreflexo (Blue Pad) - Lab Rio;POP;0;09/07/2025;14/07/2025;;;;;;;;14/07/2026;12/10/2026;Sim
POP.1147;Simulação de Documento;POP;0;10/07/2025;10/07/2025;;;;;;;;10/07/2026;08/10/2026;Sim
POP.1148;Manual Operacional - Recebimento Matéria-Prima e Insumos - Sumaré Laboratório;POP;0;18/07/2025;24/07/2025;;;;;;;Emissão Inicial;24/07/2026;22/10/2026;Sim
POP.1150;Manual Operacional - Lançamento de Quebras e Defeito de Bloco - digiTOP;POP;0;02/08/2025;05/08/2025;;;;;;;;05/08/2026;03/11/2026;Sim
POP.1151;Manual Operacional - Manutenção Iogun - Mark I;POP;0;05/08/2025;28/08/2025;;;;;;;POP para orientação na Manutenção do Iogun Mark I;28/08/2026;26/11/2026;Sim
POP.1154;POP.Manual Operacional-  Cálculo de Serviços- Ceditop;POP;0;11/08/2025;05/09/2025;;;;;;;;05/09/2026;04/12/2026;Sim
POP.1156;Manual Operacional - Limpeza das Evaporadoras - Grown;POP;0;14/08/2025;29/08/2025;;;;;;;;29/08/2026;27/11/2026;Sim
POP.1157;Manual Operacional - Retirada de Serviço no Balcão - Repro;POP;1;21/08/2025;27/08/2025;;;;;;;;27/08/2026;25/11/2026;Sim
POP.1158;Expedição, Faturamento e Envio de Pedidos - Repro;POP;1;21/08/2025;27/08/2025;;;;;;;;27/08/2026;25/11/2026;Sim
POP.1159;Manual Operacional - Quebras de Armação - Repro;POP;0;20/08/2025;29/08/2025;;;;;;;;29/08/2026;27/11/2026;Sim
POP.1160;Manual Operacional - Reembolso de  Armação - Technopark;POP;0;22/08/2025;30/10/2025;;;;;;;Manual Operacional , descevendo o procedimento como realizar a devolução do valor de custo da armação do cliente , em caso de extravios no transporte , ou danificação do produto devido manuseio incorreto (peça quebrada)  no laboratório.;30/10/2026;28/01/2027;Sim
POP.1161;Perda e danificação de propriedade do Cliente - Tecnolens;POP;0;29/08/2025;12/09/2025;;;;;;;Procedimento que visa descrever as ações necessárias em relação às propriedades dos clientes em caso de perdas e danificação;12/09/2026;11/12/2026;Sim
POP.1162;Reposição de Estoque - Tecnolens;POP;0;01/09/2025;12/09/2025;;;;;;;Procedimento voltado para descrição da reposição de insumos;12/09/2026;11/12/2026;Sim
POP.1178;Manual Operacional - Inventário de Estoque - Optilab;POP;0;02/10/2025;13/10/2025;;;;;;;;13/10/2026;11/01/2027;Sim
POP.1180;Manual Operacional – Inicio e Término de Separação do Estoque de Blocos - Grown;POP;0;14/10/2025;28/10/2025;;;;;;;;28/10/2026;26/01/2027;Sim
POP.119;Insumos para FOG-ID;POP;3;22/02/2019;22/02/2019;;;;;;;DR-2.FOG.07 -;;;Não
POP.1190;Manual Operacional - Recebimento de Mercadoria - Repro;POP;0;21/11/2025;26/11/2025;;;;;;;;26/11/2026;24/02/2027;Sim
POP.1191;Manual Operacional - Armazenamento de Mercadoria - Repro;POP;0;21/11/2025;26/11/2025;;;;;;;;26/11/2026;24/02/2027;Sim
POP.120;Materiais para FOG-ID;POP;1;22/02/2019;22/02/2019;;;;;;;DR-2.FOG.08 -;;;Não
POP.123;Padrão de Qualidade do FOG-ID;POP;1;22/02/2019;22/02/2019;;;;;;;LUP-2.FOG.06 -;11/11/2025;11/02/2026;Não
POP.125;Manual Operacional - 3DT FOG-ID;POP;3;29/11/2023;28/12/2023;;;;;;;;27/12/2025;27/03/2026;Sim
POP.132;Limpeza e Manutenção - CCM Mithril 1.5;POP;6;19/04/2024;25/04/2024;;;;;;;;24/04/2026;24/07/2026;Sim
POP.138;Manual Operacional - CCM Mithril 1.5;POP;3;18/09/2019;23/02/2021;;;;;;;manual operacional para utilização da CCM;02/02/2026;02/05/2026;Sim
POP.142;Limpeza e Manutenção da D9-DP e  D9-PAC;POP;3;04/12/2019;19/12/2019;;;;;;;POP-2.D09.04 -;03/01/2026;02/05/2026;Sim
POP.146;Descontaminação do Sistema de Água DI - D13;POP;3;02/12/2019;04/12/2020;;;;;;;;19/01/2026;19/04/2026;Sim
POP.148;Manual Operacional – D13 (Mithril 1.6);POP;2;30/06/2023;27/10/2023;;;;;;;;26/10/2025;24/01/2026;Sim
POP.149;Limpeza e Manutenção da D13;POP;3;18/12/2019;19/12/2019;;;;;;;POP-2.D13.06 -;16/04/2026;15/07/2026;Sim
POP.150;Preparação de Químicos – D13 (Mithril 1.6);POP;5;30/06/2023;15/07/2024;;;;;;;;15/07/2026;14/10/2026;Sim
POP.152;Limpeza e Manutenção – D645 (Mithril 1.6);POP;6;17/05/2023;31/01/2024;;;;;;;;30/01/2025;12/02/2026;Sim
POP.155;Preparação de Químicos – D645 (Mithril 1.6);POP;6;12/02/2025;30/05/2025;;;;;;;;30/05/2026;28/08/2026;Sim
POP.156;Manual Operacional – D645 (Mithril 1.6);POP;5;12/02/2025;30/05/2025;;;;;;;;30/05/2026;28/08/2026;Sim
POP.157;Fluxo do HC;POP;1;26/02/2019;26/02/2019;;;;;;;FL-2.HCE.00;;;Não
POP.159;Manual Operacional - Jateamento CMV;POP;5;19/09/2024;16/10/2024;;;;;;;;16/10/2025;14/01/2026;Sim
POP.160;Limpeza e Manutenção - Jateamento CMV;POP;4;01/06/2023;17/07/2023;;;;;;;;16/07/2026;15/10/2026;Sim
POP.164;Limpeza e Manutenção - CTA Automática 25L;POP;5;23/09/2022;20/05/2024;;;;;;;;20/05/2026;19/08/2026;Sim
POP.165;Manual Operacional - CTA Automática 25L;POP;4;02/09/2022;03/10/2023;;;;;;;;02/10/2025;31/12/2025;Sim
POP.196;Retirada do Antirreflexo com Alkalisol BFA (Ingenchem);POP;4;27/04/2022;11/05/2022;;;;;;;;10/08/2026;09/11/2026;Sim
POP.210;Materiais e Peças de Instalação HMC;POP;2;04/12/2019;20/09/2022;;;;;;;DR-2.HMC.01 -;20/09/2025;19/01/2026;Não
POP.211;Matriz Troubleshooting HMC;POP;2;07/08/2019;13/12/2019;;;;;;;DR-2.HMC.03 -;19/02/2026;20/05/2026;Não
POP.212;Padrão de Água;POP;3;26/02/2019;26/02/2019;;;;;;;DR-2.HMC.04 -;;;Não
POP.213;Troubleshooting HMC;POP;2;07/08/2019;26/11/2019;;;;;;;POP 2.HMC.02-;17/02/2026;17/05/2026;Não
POP.214;Chiller;POP;3;07/08/2019;12/12/2019;;;;;;;POP-2.MAN.01;20/07/2025;30/11/2025;Sim
POP.216;Manual Operacional Pré (MG);POP;4;18/03/2020;19/08/2020;;;;;;;POP-2.PRE.12_;01/06/2024;02/09/2026;Sim
POP.241;Montagem de Garra (16 e 32 Lentes);POP;8;10/02/2025;30/05/2025;;;;;;;;30/05/2026;28/08/2026;Sim
POP.242;Fluxo de Retonos Garantias e Laudos - Coatings;POP;1;27/02/2019;27/02/2019;;;;;;;FL-2.QLD.01 -;10/08/2026;09/11/2026;Sim
POP.251;CRITÉRIOS PARA MONITORAMENTO DE PROCESSOS DO ORMA, MITHRIL 1.5, CRIZAL PREVENCIA SNO2 (Cx), CRIZAL FORTE UV DSX2 (Cc) (2);POP;2;27/02/2019;27/02/2019;;;;;;;DR-2.CQE.43 -;;;Não
POP.253;Curva Teórica Crizal Prevencia M1.5;POP;4;20/05/2022;20/09/2022;;;;;;;DR-2.CQE.45 -;20/09/2025;19/12/2025;Sim
POP.254;CRITÉRIOS PARA MONITORAMENTO DE PROCESSOS DO ANTIRREFLEXO DO ORMA, MITHRIL 1.5, OPTIFOG UV;POP;1;27/02/2019;27/02/2019;;;;;;;DR-2.CQE.48 -;;;Não
POP.255;CRITÉRIOS PARA MONITORAMENTO DE PROCESSOS DO ORMA, MITHRIL 1.5, TRIO EASY CLEAN UV;POP;1;27/02/2019;27/02/2019;;;;;;;DR-2.CQE.49 -;;;Não
POP.256;Fluxo Testes Qualidade AR;POP;11;09/04/2024;11/04/2024;;;;;;;;13/04/2026;13/07/2026;Sim
POP.257;Carregamento Crizal UV;POP;1;27/02/2019;27/02/2019;;;;;;;LUP-2.A12.01;;;Não
POP.258;Definições e Ordem de Grandeza do SMR;POP;2;27/02/2019;27/02/2019;;;;;;;LUP-2.CQE.17_;;;Não
POP.262;Teste da Borracha - NX 10;POP;8;19/04/2021;15/10/2021;;;;;;;;15/10/2022;09/11/2026;Sim
POP.263;Teste do Sal - RCO2;POP;12;24/04/2025;30/05/2025;;;;;;;;30/05/2026;28/08/2026;Sim
POP.264;Teste Caneta (Ink Test);POP;11;08/08/2023;11/08/2023;;;;;;;;10/08/2026;09/11/2026;Sim
POP.266;Teste Bola de Plasma;POP;11;09/08/2023;11/08/2023;;;;;;;;10/08/2026;09/11/2026;Sim
POP.267;Calibração do SMR (Sistema de Medição por Reflexão);POP;9;13/07/2023;13/09/2023;;;;;;;;12/09/2025;11/12/2025;Sim
POP.268;Medição e Calibração do SMR-UV;POP;8;24/04/2025;30/05/2025;;;;;;;;30/05/2026;28/08/2026;Sim
POP.269;Fluxo de Testes de Qualidade HC;POP;5;07/03/2024;12/03/2024;;;;;;;;20/05/2026;20/08/2026;Sim
POP.270;Problemas e Soluções para Parâmetros do Verniz;POP;3;27/02/2019;27/02/2019;;;;;;;LUP-2.HCE.05 -;;;Não
POP.272;Teste de Viscosidade (Viscosímetro Manual);POP;5;21/05/2019;30/05/2019;;;;;;;POP-2.CQE.02 -  Teste de Viscosidade;;;Não
POP.273;Teste de Medição de Espessura;POP;6;25/06/2019;03/07/2019;;;;;;;POP-2.CQE.03 -;30/06/2026;29/09/2026;Sim
POP.274;Teste de Extrato Seco - Mithril 1.5 - Sartorius;POP;6;22/04/2025;15/05/2025;;;;;;;POP-2.CQE.22 -;15/05/2026;13/08/2026;Não
POP.275;Teste de Adesão - Mithril 1.5, 1.6 e UV-NV / UV-XBT;POP;6;24/04/2025;30/05/2025;;;;;;;;30/05/2026;28/08/2026;Sim
POP.276;Adição de Primer e Verniz;POP;2;27/02/2019;27/02/2019;;;;;;;POP-2.CQE.27;;;Não
POP.283;Teste de Concentração de Soda 10% com densímetro;POP;3;30/06/2021;13/04/2022;;;;;;;documentação inicial POP-2.CQE.59;13/10/2025;13/01/2026;Sim
POP.285;Teste de Viscosidade - Automático com Brookfield LVDVE;POP;5;06/04/2023;18/08/2023;;;;;;;;17/08/2025;12/02/2026;Sim
POP.293;Teste de Concentração da Soda 10%;POP;5;04/12/2019;04/12/2020;;;;;;;POP 2.CQE 14 -;21/04/2026;21/07/2026;Sim
POP.295;Preparação de Químicos - Solução Indicadora de pH;POP;6;09/11/2021;21/02/2022;;;;;;;POP 2.CQE.13 -;20/08/2026;18/11/2026;Sim
POP.296;Teste de Concentração do Citrikleen + Novastrip;POP;4;11/12/2019;13/12/2019;;;;;;;POP 2.CQE.16 -;17/10/2025;19/01/2026;Sim
POP.297;Teste de Concentração da Soda 10%;POP;5;11/12/2019;30/12/2019;;;;;;;POP-2.CQE.15;01/10/2025;02/12/2025;Sim
POP.300;Preparação do Removedor de Marcação Amarela (RMA);POP;6;04/12/2019;13/12/2019;;;;;;;POP-2.CQE.54;10/10/2025;19/01/2026;Sim
POP.301;Preparação da Solução Detergente Tropical Strip;POP;5;04/12/2019;13/12/2019;;;;;;;POP-2.CQE.55;03/11/2025;31/01/2026;Sim
POP.306;Calibração Diária de Sincronização;POP;2;28/02/2019;28/02/2019;;;;;;;FL-14.FAC.01 -;;;Não
POP.307;Calibração Diária de Conferência;POP;2;28/02/2019;28/02/2019;;;;;;;POP-14.FAC.02 -;;;Não
POP.308;Sincronização da Facetadora;POP;1;28/02/2019;28/02/2019;;;;;;;POP-14.FAC.03 -;;;Não
POP.309;Manual Operacional - Conferência da Montagem;POP;4;30/06/2022;06/09/2022;;;;;;;;06/09/2025;05/12/2025;Sim
POP.310;Sincronização do Leitor;POP;2;28/02/2019;28/02/2019;;;;;;;POP-14.LEI.01 -;;;Não
POP.351;Procedimento do Teste do RMA e Tropical Strip;POP;3;04/12/2019;13/12/2019;;;;;;;Este documento foi elaborado em necessidade do novo produto para destratamento de lente;01/11/2025;03/02/2026;Não
POP.364;Inspeção de Recebimento dos Verniz e Primer;POP;7;12/09/2024;26/11/2024;;;;;;;;26/11/2025;24/02/2026;Sim
POP.378;O que é Minilab;POP;1;14/03/2019;14/03/2019;;;;;;;POP-11.101.01 -;;;Não
POP.379;Minilab - Consulta Tempo de Produção;POP;1;14/03/2019;14/03/2019;;;;;;;POP-11.203.01 -;;;Não
POP.380;Pedidos Digitados Opticlick x Minilab;POP;1;14/03/2019;14/03/2019;;;;;;;POP-11.301.02 -;;;Não
POP.381;Minilab - Demanda;POP;1;14/03/2019;14/03/2019;;;;;;;POP-11.301.01 -;;;Não
POP.382;Pedidos Retornados;POP;1;14/03/2019;14/03/2019;;;;;;;POP-11.301.03 -;;;Não
POP.383;Consulta Quebra Detalhado;POP;1;14/03/2019;14/03/2019;;;;;;;POP-11.301.04 -;;;Não
POP.384;Tempo por Status;POP;1;14/03/2019;14/03/2019;;;;;;;POP-11.301.05 -;;;Não
POP.385;Minilab - Pedidos de Cálculo;POP;1;14/03/2019;14/03/2019;;;;;;;POP-11.301.06 -;;;Não
POP.386;Retorno de Pedidos;POP;1;14/03/2019;14/03/2019;;;;;;;POP-11.301.07 -;;;Não
POP.387;Minilab - Faturamento por Mês;POP;1;14/03/2019;14/03/2019;;;;;;;POP-11.301.08 -;;;Não
POP.388;Produtividade por Operador;POP;1;14/03/2019;14/03/2019;;;;;;;POP-11.301.09 -;;;Não
POP.389;Minilab - Compromisso do dia;POP;1;14/03/2019;14/03/2019;;;;;;;POP-11.301.10 -;;;Não
POP.390;Minilab - Troca de Senha;POP;1;14/03/2019;14/03/2019;;;;;;;POP-11.401.01 -;;;Não
POP.391;Minilab - Permissão Status;POP;1;14/03/2019;14/03/2019;;;;;;;POP-11.401.02 -;;;Não
POP.392;Minilab - Calendário;POP;1;14/03/2019;14/03/2019;;;;;;;POP-11.401.03 -;;;Não
POP.393;Minilab - Rota de Pedidos;POP;1;14/03/2019;14/03/2019;;;;;;;POP-11.401.04 -;;;Não
POP.394;Minilab - Usuário;POP;1;14/03/2019;14/03/2019;;;;;;;POP-11.401.05 -;;;Não
POP.395;Minilab - Frete;POP;1;14/03/2019;14/03/2019;;;;;;;POP-11.401.06;;;Não
POP.396;Minilab - Entrada de Bandeja;POP;1;14/03/2019;14/03/2019;;;;;;;POP-11.501.02 -;;;Não
POP.397;Minilab - Fim de Quebra;POP;1;14/03/2019;14/03/2019;;;;;;;POP-11.501.03 -;;;Não
POP.398;Minilab - Registro Reposição Quebra;POP;1;14/03/2019;14/03/2019;;;;;;;POP-11.501.04 -;;;Não
POP.399;Minilab - Consulta Quebra;POP;1;14/03/2019;14/03/2019;;;;;;;POP-11.501.05 -;;;Não
POP.400;Minilab - Alterar Status;POP;1;14/03/2019;14/03/2019;;;;;;;POP-11-501.01 -;;;Não
POP.401;Minilab - Cadastro de Lançamento AR;POP;1;14/03/2019;14/03/2019;;;;;;;POP-11.601.02 -;;;Não
POP.402;Minilab - Item;POP;1;14/03/2019;14/03/2019;;;;;;;POP-11.601.05 -;;;Não
POP.403;Minilab - Lançamento de Produto;POP;2;14/03/2019;14/03/2019;;;;;;;POP-11-601.06 -;;;Não
POP.404;Minilab - Cadastro de DC;POP;1;14/03/2019;14/03/2019;;;;;;;POP-11.602.01 -;;;Não
POP.405;GARANTIAS;POP;4;14/03/2019;14/03/2019;;;;;;;POP-12.SAC.01 -;;;Não
POP.406;SALESFORCE – ATENDIMENTO AO CONSUMIDOR;POP;1;14/03/2019;14/03/2019;;;;;;;POP-12.SAC.02 -;;;Não
POP.407;SALESFORCE - CRIANDO TAREFAS;POP;1;14/03/2019;14/03/2019;;;;;;;POP-12.SAC.03 -;;;Não
POP.408;SALESFORCE - ATENDIMENTO ÓTICAS;POP;1;14/03/2019;14/03/2019;;;;;;;POP-12.SAC.04 -;;;Não
POP.409;CÉLULA QUALIDADE;POP;1;14/03/2019;14/03/2019;;;;;;;POP-12.SAC.05 -;;;Não
POP.410;SALESFORCE - ATENDIMENTO 0800 E CONSUMIDOR;POP;1;14/03/2019;14/03/2019;;;;;;;POP-12.SAC.06 -;;;Não
POP.411;CÉLULA TÉCNICA;POP;1;14/03/2019;14/03/2019;;;;;;;POP-12.SAC.07 -;;;Não
POP.414;Instruções para Conferência Óptica de Lentes Progressivas (DF);POP;1;15/03/2019;15/03/2019;;;;;;;LUP-1.CNF.05 -;;;Sim
POP.422;Dicas de Atendimento;POP;1;22/03/2019;25/03/2019;;;;;;;;;;Não
POP.425;Preparo Acido Cítrico 20L;POP;0;25/03/2019;27/03/2019;;;;;;;;;;Não
POP.427;Manual Operacional Pré-Inspeção (CE);POP;1;05/07/2022;26/08/2025;;;;;;;;26/08/2026;24/11/2026;Sim
POP.429;Manual Operacional - Pré-Inspeção (SP);POP;6;08/07/2025;01/08/2025;;;;;;;;01/08/2026;30/10/2026;Sim
POP.430;Teste de Medição de Espessura – SMR Thickness (New SMR Flame);POP;3;23/04/2025;30/05/2025;;;;;;;Medição de espessura para 1.5 e 1.6;30/05/2026;28/08/2026;Sim
POP.431;Teste de Extrato Seco - SARTORIUS MA35;POP;3;22/04/2025;30/05/2025;;;;;;;;30/05/2026;28/08/2026;Sim
POP.441;Confecção Lentes Referência de Potência_Essilor Version;POP;0;18/07/2019;17/12/2019;;;;;;;;13/10/2025;19/01/2026;Sim
POP.442;Confecção Lentes Referência de Potência_SL Version;POP;0;18/07/2019;17/12/2019;;;;;;;Pop alterado conforme solicitação;01/06/2022;29/04/2026;Sim
POP.444;Manual Operacional - Inspeção Final - RS;POP;2;13/06/2023;21/08/2023;;;;;;;;20/08/2026;18/11/2026;Sim
POP.446;Tempo de Estabilização e Normalização_Versão Essilor;POP;0;24/07/2019;30/10/2019;;;;;;;Nome alterado conforme solicitado;13/10/2025;13/01/2026;Sim
POP.447;Teste de homogeneidade;POP;0;24/07/2019;18/09/2019;;;;;;;;23/09/2025;23/12/2025;Sim
POP.448;Teste de Segurança do Laser;POP;0;24/07/2019;18/09/2019;;;;;;;;19/08/2026;17/11/2026;Sim
POP.450;Carregamento Logos LensMark III;POP;0;26/07/2019;18/09/2019;;;;;;;;13/10/2025;19/01/2026;Sim
POP.453;Manual Operacional - Acesso ao Sistema AR SPC;POP;2;09/03/2022;20/09/2022;;;;;;;;20/09/2025;05/01/2026;Sim
POP.454;Manual Inspeção HC (PR);POP;0;08/08/2019;02/09/2019;;;;;;;;05/05/2025;18/12/2025;Sim
POP.455;Troubleshooting iCLBS;POP;1;19/08/2020;23/08/2023;;;;;;;;21/08/2026;19/11/2026;Não
POP.458;Procedimento Instalação SPC Mapper V3;POP;1;16/12/2019;17/12/2019;;;;;;;;23/09/2025;23/12/2025;Sim
POP.459;Troubleshooting CLBS;POP;0;09/08/2019;15/12/2019;;;;;;;;19/02/2026;20/05/2026;Sim
POP.460;Manual Operacional - CLBS2;POP;1;01/11/2021;05/11/2021;;;;;;;;05/08/2026;06/11/2026;Sim
POP.461;Manual Operacional - CLBS 1 e iCLBS 1;POP;1;24/11/2021;18/02/2022;;;;;;;;18/08/2026;16/11/2026;Sim
POP.464;Manutenção CLBS;POP;0;12/08/2019;15/12/2019;;;;;;;;07/07/2025;30/11/2025;Sim
POP.466;Calibração Condutivímetro;POP;0;22/08/2019;22/08/2019;;;;;;;;22/08/2021;;Sim
POP.467;Calibração pHmetro;POP;0;22/08/2019;22/08/2019;;;;;;;;22/08/2021;;Sim
POP.469;Curva Teórica Crizal Prevencia M1.6;POP;1;02/09/2022;10/10/2023;;;;;;;;09/10/2025;07/01/2026;Sim
POP.473;Manual Operacional - Inspeção Final - CE;POP;1;22/04/2022;10/05/2022;;;;;;;;22/05/2026;22/08/2026;Sim
POP.474;Manual Operacional - Conferência Óptica (Decide);POP;4;12/08/2024;14/08/2024;;;;;;;;14/08/2026;12/11/2026;Sim
POP.475;Troubleshooting DSPC;POP;0;05/09/2019;15/12/2019;;;;;;;;19/02/2026;20/05/2026;Não
POP.476;Manual Operacional - Inspeção Final - SP;POP;5;03/12/2024;09/01/2025;;;;;;;;09/01/2026;09/04/2026;Sim
POP.478;Calibração LensMark III;POP;0;13/09/2019;15/12/2019;;;;;;;.;13/10/2025;19/01/2026;Sim
POP.479;Determinação Concentração da Soda com Refratômetro Digital;POP;0;16/09/2019;19/09/2019;;;;;;;;01/11/2025;03/02/2026;Sim
POP.482;Calibración Automática VFT Macro;POP;0;25/09/2019;26/12/2019;;;;;;;;13/10/2025;19/01/2026;Sim
POP.483;Calibração Operacional - VFT Macro;POP;1;18/08/2023;23/08/2023;;;;;;;;21/08/2026;19/11/2026;Sim
POP.491;Calibração Operacional - Toroflex;POP;1;15/09/2023;12/10/2023;;;;;;;;11/10/2025;09/01/2026;Sim
POP.495;Manual Operacional Pré-Inspeção (RS);POP;3;12/04/2023;17/07/2023;;;;;;;Tem como objetivo orientar na inspeção de lentes que chegam ao Coating, descrevendo as etapas até o destratamento.;16/07/2026;15/10/2026;Sim
POP.497;Calibração Fitadeira Semi-Auto;POP;0;07/11/2019;15/12/2019;;;;;;;;13/10/2025;19/01/2026;Sim
POP.498;Controle de Posicionamento da Pinça;POP;4;19/05/2022;10/07/2024;;;;;;;;10/07/2026;09/10/2026;Sim
POP.499;Limpeza dos Sensores de Vácuo máquinas de AR;POP;0;29/11/2019;09/12/2019;;;;;;;;01/12/2025;01/03/2026;Sim
POP.503;Código de Barras para DSPC;POP;0;06/12/2019;15/12/2019;;;;;;;;17/08/2026;16/11/2026;Sim
POP.505;Procedimento DSPC nas Máquinas Schneider;POP;0;10/12/2019;15/12/2019;;;;;;;;15/10/2025;18/01/2026;Sim
POP.506;Ajuste Eixo B para CPP – VFT'S;POP;0;11/12/2019;15/12/2019;;;;;;;;01/12/2025;01/03/2026;Sim
POP.507;Manual Operacional - D9 PAC Mithril 1.6;POP;1;10/11/2022;03/03/2023;;;;;;;;02/03/2026;31/05/2026;Sim
POP.513;Calibração Operacional - PRA;POP;3;14/02/2025;11/03/2025;;;;;;;;11/03/2026;09/06/2026;Sim
POP.514;Control Diario DSPC - Línea Schneider;POP;1;16/12/2019;23/12/2019;;;;;;;;19/08/2026;17/11/2026;Sim
POP.516;Operação Refratômetro Manual_Digital;POP;2;19/05/2022;26/03/2024;;;;;;;;19/06/2026;18/09/2026;Sim
POP.518;Calibração Operacional - DLP;POP;6;29/08/2023;01/02/2024;;;;;;;;31/01/2026;30/04/2026;Sim
POP.520;MP´s Surfacing Area V3_BR;POP;1;18/12/2019;23/12/2019;;;;;;;;10/08/2026;09/11/2026;Sim
POP.521;MP´s Surfacing Area V3_ES;POP;1;18/12/2019;23/12/2019;;;;;;;;13/08/2026;11/11/2026;Sim
POP.522;Calibração Automática HSC Smart;POP;1;19/12/2019;23/12/2019;;;;;;;;13/10/2025;19/01/2026;Sim
POP.527;Calibración Operativa - VFT Orbit 1;POP;6;18/07/2024;05/08/2024;;;;;;;;05/08/2026;03/11/2026;Sim
POP.528;Calibración Operativa - VFT Ultra;POP;2;10/10/2023;01/02/2024;;;;;;;;31/01/2026;30/04/2026;Sim
POP.530;Calibracão Máquina HSC Smart;POP;1;20/12/2019;23/12/2019;;;;;;;;01/02/2026;01/05/2026;Sim
POP.532;POP Calibración y Operación Encintadora Manual;POP;1;20/12/2019;26/12/2019;;;;;;;;07/07/2025;30/11/2025;Não
POP.534;Calibración Operativa - Duoflex;POP;2;10/10/2023;01/02/2024;;;;;;;;31/01/2026;30/04/2026;Sim
POP.547;Manutenção Preventiva - Diff Pump;POP;2;11/03/2022;18/03/2022;;;;;;;;09/09/2025;09/12/2025;Sim
POP.548;Satis 1200DLX - Bombas - PtBr;POP;1;28/01/2020;15/10/2020;;;;;;;;26/05/2026;25/08/2026;Sim
POP.549;Satis 1200DLF - Bombas - PtBr;POP;1;28/01/2020;15/10/2020;;;;;;;;20/07/2026;19/10/2026;Sim
POP.551;Loader Orbit II Español;POP;1;29/01/2020;02/12/2020;;;;;;;;17/08/2026;16/11/2026;Sim
POP.554;Preparação de Químicos – CDC1000/CDS1000 Mithril 1.6;POP;4;23/07/2025;05/08/2025;;;;;;;;05/08/2026;03/11/2026;Sim
POP.555;Manual Operacional – CDC1000 (Mithril 1.6);POP;2;23/06/2022;03/11/2022;;;;;;;;03/11/2025;01/02/2026;Sim
POP.556;Limpeza e Manutenção – CDC1000/CDS1000 Mithril 1.6;POP;3;17/08/2023;05/08/2025;;;;;;;;05/08/2026;03/11/2026;Sim
POP.560;Biseladora KAPPA o GAMMA;POP;1;03/04/2020;15/07/2020;;;;;;;;08/09/2025;08/12/2025;Sim
POP.562;Biseladora PRO E600;POP;0;15/07/2020;15/07/2020;;;;;;;;08/09/2025;08/12/2025;Sim
POP.564;Bloqueo 3B;POP;0;15/07/2020;15/07/2020;;;;;;;;29/04/2026;29/07/2026;Sim
POP.568;Inspeccion final Focovision  SPF;POP;0;15/07/2020;15/07/2020;;;;;;;;08/09/2025;08/12/2025;Sim
POP.573;Traceado & Bloqueo KAPPA;POP;0;15/07/2020;15/07/2020;;;;;;;;26/06/2026;25/09/2026;Sim
POP.574;Traceado E-TESS;POP;0;15/07/2020;15/07/2020;;;;;;;;08/09/2025;08/12/2025;Sim
POP.576;Traceado TESS;POP;0;15/07/2020;15/07/2020;;;;;;;;08/09/2025;08/12/2025;Sim
POP.577;Traceado, bloqueo y biselado Mr. Blue;POP;0;15/07/2020;15/07/2020;;;;;;;;08/09/2025;08/12/2025;Sim
POP.578;Traceado, Bloqueo y biselado Mr. Orange;POP;0;15/07/2020;15/07/2020;;;;;;;;08/09/2025;08/12/2025;Sim
POP.580;Limpeza de las lentes optifog;POP;1;17/07/2020;30/07/2020;;;;;;;;30/06/2026;29/09/2026;Sim
POP.582;Preparación DSX y SP;POP;1;17/07/2020;30/07/2020;;;;;;;;03/11/2025;03/02/2026;Sim
POP.584;Lentes de Teste Espessura - Máquinas D;POP;2;19/08/2020;21/08/2020;;;;;;;Instruçoes para posicionamento das lentes no teste de espessuras;04/05/2026;03/08/2026;Sim
POP.586;Medición_y_Calibración_del_SMR-UV;POP;4;03/08/2020;15/10/2020;;;;;;;Este documento esta ASSOCIADO ao POP.268 na versão em Português.  A versão em Espanhol é apenas tradução, desta forma, qualquer alteração, os dois arquivos deverão ser revisados instantaneamente.;13/10/2025;05/01/2026;Sim
POP.587;Test de Sal - RCO2;POP;9;05/08/2020;20/04/2021;;;;;;;Este documento esta ASSOCIADO ao POP.263 na versão em Português. A versão em Espanhol é apenas tradução, desta forma, qualquer alteração, os dois arquivos deverão ser revisados instantaneamente.;05/05/2025;05/01/2026;Sim
POP.588;Teste de la Goma - NX 10;POP;7;05/08/2020;20/04/2021;;;;;;;Este documento esta ASSOCIADO ao POP.262 na versão em Português. A versão em Espanhol é apenas tradução, desta forma, qualquer alteração, os dois arquivos deverão ser revisados instantaneamente.;05/05/2025;05/01/2026;Sim
POP.589;Test Bola de Plasma;POP;9;05/08/2020;20/04/2021;;;;;;;Este documento esta ASSOCIADO ao POP.266 na versão em Português. A versão em Espanhol é apenas tradução, desta forma, qualquer alteração, os dois arquivos deverão ser revisados instantaneamente.;05/05/2025;05/01/2026;Sim
POP.590;Desprendimento da Cola da Fita na Lente;POP;0;05/08/2020;15/10/2020;;;;;;;;13/10/2025;19/01/2026;Sim
POP.591;Test de Marcador (Ink_Test);POP;9;12/08/2020;21/05/2021;;;;;;;;25/08/2025;30/11/2025;Não
POP.594;Manual Operacional - Controle Final (Coating BH);POP;0;12/08/2020;03/12/2020;;;;;;;;09/06/2026;08/09/2026;Sim
POP.595;Teste de Adesão Maquina SCL;POP;0;14/08/2020;17/08/2020;;;;;;;;18/12/2025;18/03/2026;Sim
POP.596;Lentes de Teste Espessura SCL;POP;0;14/08/2020;17/08/2020;;;;;;;;18/12/2025;18/03/2026;Sim
POP.598;Procedimento Control de Posicionamiento de la Pinza;POP;1;18/11/2020;24/03/2021;;;;;;;;07/07/2025;30/11/2025;Não
POP.599;Calibração da força do Clamping;POP;0;20/08/2020;03/09/2020;;;;;;;;08/09/2025;09/12/2025;Sim
POP.600;Controle de Refrigeração dos Eixos do Gerador VFT;POP;0;20/08/2020;03/09/2020;;;;;;;;13/10/2025;19/01/2026;Sim
POP.602;Checar a vazão de fluxo do líquido polidor  DLP;POP;0;20/08/2020;03/09/2020;;;;;;;;31/07/2026;30/10/2026;Sim
POP.606;Calibración Operativa - DLP;POP;5;22/09/2023;12/10/2023;;;;;;;;11/10/2025;09/01/2026;Sim
POP.607;Calibración del Grabado Mecánico_VFTs_Ultra__Compact_y_Micro;POP;1;24/08/2020;03/09/2020;;;;;;;Tradução do POP.440 em português;01/02/2026;29/05/2026;Sim
POP.609;Calibração Operacional - VFT Orbit 2;POP;2;01/02/2024;02/02/2024;;;;;;;;01/02/2026;02/05/2026;Sim
POP.610;Calibração Duoflex;POP;0;24/08/2020;03/09/2020;;;;;;;;01/02/2026;01/05/2026;Sim
POP.611;Calibración Operativa - CCP Swift;POP;1;10/10/2023;01/02/2024;;;;;;;;31/01/2026;30/04/2026;Sim
POP.613;Calibração da Posição do Clamping;POP;0;24/08/2020;03/09/2020;;;;;;;;08/09/2025;09/12/2025;Sim
POP.615;Calibración Operativa - Toroflex;POP;1;11/10/2023;11/03/2025;;;;;;;;11/03/2026;09/06/2026;Sim
POP.616;Calibración Operativa - CCL CMARK;POP;1;11/10/2023;27/11/2025;;;;;;;;27/11/2026;25/02/2027;Sim
POP.617;Confeccao Lentes Referencia de Potencia Essilor;POP;0;28/08/2020;03/09/2020;;;;;;;;25/08/2026;24/11/2026;Não
POP.618;Controle do Líquido Refrigerante e Posicionamento dos Bicos;POP;0;28/08/2020;03/09/2020;;;;;;;;13/10/2025;19/01/2026;Sim
POP.620;Flujo Teste de Calidad AR;POP;8;28/08/2020;07/12/2020;;;;;;;;30/06/2026;29/09/2026;Sim
POP.625;Calibração manual VFT Macro;POP;1;28/08/2020;03/09/2020;;;;;;;;01/02/2026;01/05/2026;Sim
POP.626;Calibração Operacional - VFT Orbit 1;POP;6;17/07/2024;30/07/2024;;;;;;;Documento contendo o método de calibração do gerador VFT Orbit 1;30/07/2026;29/10/2026;Sim
POP.627;Calibração Operacional - VFT Ultra;POP;2;15/03/2024;26/03/2024;;;;;;;;19/06/2026;18/09/2026;Sim
POP.628;Calibración Operativa - LensMark III;POP;1;11/10/2023;01/02/2024;;;;;;;;31/01/2026;30/04/2026;Sim
POP.629;Calibración PRA ES V1;POP;1;31/08/2020;24/03/2021;;;;;;;;01/02/2026;01/05/2026;Sim
POP.631;Confeccion Lentes Referencia de Potencia CCL CMARK ES;POP;0;31/08/2020;03/09/2020;;;;;;;;17/08/2026;16/11/2026;Sim
POP.632;Calibración Maquina HSC MASTER ES;POP;1;31/08/2020;02/09/2020;;;;;;;;01/02/2026;01/05/2026;Sim
POP.633;Calibración Operativa - CB Bond ES;POP;1;10/10/2023;01/02/2024;;;;;;;;31/01/2026;01/05/2026;Sim
POP.634;Calibración Operativa - VFT Orbit 2 (automática);POP;1;10/10/2023;13/03/2025;;;;;;;;13/03/2026;11/06/2026;Sim
POP.637;Test de Adherencia Maquina SCL;POP;0;11/09/2020;21/05/2021;;;;;;;;07/07/2025;30/11/2025;Não
POP.638;Lentes de Test Espesor SCL;POP;0;11/09/2020;21/05/2021;;;;;;;;05/05/2025;05/01/2026;Sim
POP.641;Modelo de Procedimento Operacional Padrão;POP;7;29/08/2022;05/09/2022;;;;;;;Modelo para criação de documentos;05/09/2025;31/01/2026;Sim
POP.643;Manutenção Preventiva - Forno Essemtec;POP;1;07/07/2022;31/10/2023;;;;;;;Informações que constavam no procedimento POP.113-Limpeza e mantenção Forno Essemtec. Aguardando definição da equipe de manutenção para revisão deste procedimento.;30/10/2025;28/01/2026;Sim
POP.646;Manual Operacional - DSPC Confecção e Verificação da Lente;POP;0;06/11/2020;24/11/2020;;;;;;;;24/04/2025;05/01/2026;Sim
POP.647;Manual Operacional - PRA e PRA iCLBS;POP;1;03/09/2021;13/09/2021;;;;;;;;17/09/2025;30/11/2025;Sim
POP.649;Qualiex - Usuários Português_Rev01;POP;1;18/11/2020;18/11/2020;;;;;;;Treinamento para utilização do Módulo Docs;;;Sim
POP.650;Qualiex - Usuários Español_Rev01;POP;1;18/11/2020;18/11/2020;;;;;;;Capacitación para usar el Módulo de Docs;;;Sim
POP.651;Limpeza e Manutenção - VFT Orbit 1 e 2;POP;1;29/07/2022;01/02/2024;;;;;;;;31/01/2026;01/05/2026;Sim
POP.652;Limpeza e Manutenção - Toroflex;POP;0;19/11/2020;17/12/2020;;;;;;;;13/10/2025;19/01/2026;Sim
POP.653;Calibración Operativa - Lensômetros (Essilor y Nidek);POP;2;11/10/2023;10/05/2024;;;;;;;;11/05/2026;10/08/2026;Sim
POP.655;Limpeza e Manutenção - DLP;POP;0;23/11/2020;17/12/2020;;;;;;;;02/09/2025;02/12/2025;Sim
POP.656;Manual Operacional - Toroflex;POP;2;21/01/2022;24/01/2022;;;;;;;;31/08/2025;30/11/2025;Sim
POP.657;Manual Operacional - DLP;POP;2;05/03/2024;26/03/2024;;;;;;;;19/06/2026;18/09/2026;Sim
POP.658;Procedimento Abertura de chamados - Fracttal;POP;0;09/12/2020;03/05/2021;;;;;;;;09/08/2025;10/11/2026;Não
POP.663;Manual Operacional - Fita Semiautomática Optic D-79364;POP;2;25/07/2022;23/08/2023;;;;;;;;21/08/2026;19/11/2026;Sim
POP.664;Limpeza e Manutenção - SatisLoh 1200;POP;0;22/12/2020;23/02/2021;;;;;;;Incluido neste procedimento:  - POP.092 Limpeza do EBG e Troca do Filamento   - POP.091Limpeza do Ion Gun:  Preferencialmente utilizar álcool isopropilico (IPA);10/10/2025;10/01/2026;Sim
POP.665;Manual Operacional - SatisLoh 1200;POP;0;22/12/2020;23/02/2021;;;;;;;;13/10/2025;13/01/2026;Sim
POP.666;Limpeza e Manutenção - PRA e PRA iCLBS;POP;0;23/12/2020;23/12/2020;;;;;;;;09/06/2026;08/09/2026;Não
POP.668;Manual Operacional - Preparação / Pré-inspeção (Lab Rio);POP;1;13/04/2022;10/05/2022;;;;;;;Procedimento de Preparação das lentes para entrada no HMC;10/11/2025;31/01/2026;Sim
POP.669;Manual Operacional - VFT Orbit 1;POP;1;21/01/2022;09/02/2022;;;;;;;;13/10/2025;19/01/2026;Sim
POP.670;Limpeza e Manutenção - Boxer PRO;POP;1;25/07/2022;08/08/2022;;;;;;;;10/08/2026;09/11/2026;Sim
POP.672;Manual Operacional - Boxer PRO;POP;2;31/08/2023;26/11/2024;;;;;;;;26/11/2025;24/02/2026;Sim
POP.674;Preparação de Químicos - D9DP - Mithril 1.6;POP;0;23/02/2021;04/05/2022;;;;;;;;10/08/2026;09/11/2026;Sim
POP.676;Manual Operacional - D9DP - Mithril 1.5 e 1.6;POP;0;23/02/2021;05/05/2021;;;;;;;;20/08/2026;18/11/2026;Sim
POP.677;Limpeza e Manutenção - D6 (Destratadora);POP;0;09/03/2021;27/07/2021;;;;;;;"Procedimento de Limpeza e Manutenção completo - Alterado o tópico ""materiais e equipamentos""; - Excluídos os procedimentos de limpeza da cuba com o raspador de plástico e com a manta abrasiva; - Pano descartável alterado para papel toalha; - Adicionado procedimento de troca do filtro do Citrikleen.";07/10/2025;19/01/2026;Sim
POP.678;Manual de instrucciones - Conferencia de Óptica y Cosmética (Decide);POP;2;22/03/2021;23/03/2021;;;;;;;Documento espelhado no POP.474;03/07/2026;02/10/2026;Sim
POP.680;Manual Operacional - Syrus;POP;0;20/04/2021;24/05/2021;;;;;;;;19/06/2026;18/09/2026;Sim
POP.681;Limpeza e Manutenção - LensMark III;POP;1;18/04/2023;23/08/2023;;;;;;;;21/08/2026;19/11/2026;Sim
POP.682;Manual Operacional - LensMark III;POP;2;02/04/2024;08/04/2024;;;;;;;;08/07/2026;07/10/2026;Sim
POP.684;Limpeza e Manutenção - D20 Mithril 1.6;POP;1;07/11/2022;01/12/2022;;;;;;;;01/12/2025;01/03/2026;Sim
POP.685;Manual Operacional - D20 Mithril 1.6;POP;1;07/11/2022;03/03/2023;;;;;;;;02/03/2026;31/05/2026;Sim
POP.686;Preparação de Químicos - D20 Mithril 1.6;POP;2;29/02/2024;12/03/2024;;;;;;;;10/06/2026;09/09/2026;Sim
POP.691;Manual Operacional - VFT Orbit 2;POP;1;21/01/2022;24/01/2022;;;;;;;;31/08/2025;30/11/2025;Sim
POP.692;Limpeza e Manutenção - Fita Semiautomatica Optic D-79364;POP;0;05/05/2021;14/10/2021;;;;;;;;31/07/2026;30/10/2026;Sim
POP.693;Política de Devolução de Blocos e Lentes com Defeito de Fábrica;POP;4;04/08/2023;31/01/2024;;;;;;;;25/05/2026;25/08/2026;Sim
POP.694;Preparação de Químicos - CTA Automática 25L;POP;0;11/05/2021;05/08/2021;;;;;;;;21/08/2026;19/11/2026;Sim
POP.695;Manual Operacional - Coloração (Phantom);POP;0;14/05/2021;30/05/2022;;;;;;;;01/09/2026;30/10/2026;Sim
POP.696;Preparação de Químicos - Coloração;POP;2;26/03/2024;17/04/2024;;;;;;;;17/04/2026;16/07/2026;Sim
POP.697;Controle de Parâmetros - Coloração;POP;0;14/05/2021;13/09/2021;;;;;;;;15/07/2026;14/10/2026;Sim
POP.698;Limpeza e Manutenção - Coloração;POP;0;14/05/2021;13/09/2021;;;;;;;;13/09/2025;12/12/2025;Sim
POP.701;Manual Operacional - D6 (Destratadora);POP;0;01/06/2021;04/06/2021;;;;;;;;20/07/2026;19/10/2026;Sim
POP.703;Limpeza e Manutenção - EzFit;POP;1;22/06/2022;08/08/2022;;;;;;;;09/06/2026;08/09/2026;Sim
POP.704;Calibração Operacional - EzFit;POP;1;22/06/2022;30/06/2022;;;;;;;;10/06/2026;09/09/2026;Sim
POP.707;Curva Teórica Crizal EasyPro UV 35 M1.6;POP;0;25/06/2021;21/02/2022;;;;;;;;13/10/2025;13/01/2026;Sim
POP.708;Curva Teorica Crizal EasyPro UV 35 M1.5;POP;0;25/06/2021;20/09/2022;;;;;;;;20/10/2025;19/01/2026;Sim
POP.710;Limpeza e Manutenção - PROB 300;POP;0;25/06/2021;07/10/2021;;;;;;;;09/06/2025;09/09/2026;Sim
POP.711;Manual Operacional - PROB 300;POP;0;25/06/2021;27/07/2021;;;;;;;;09/06/2026;08/09/2026;Sim
POP.712;Calibração Operacional - Densímetro;POP;0;05/07/2021;01/10/2021;;;;;;;;20/12/2025;16/02/2026;Sim
POP.714;Limpeza e Manutenção - Leitor TESS;POP;0;22/07/2021;13/09/2021;;;;;;;;08/09/2025;08/12/2025;Sim
POP.717;Manual Operacional - Fita manual CM 9300;POP;0;05/08/2021;07/10/2021;;;;;;;;19/08/2026;17/11/2026;Sim
POP.718;Manual Operacional - Toroflex;POP;0;18/08/2021;18/08/2022;;;;;;;;18/08/2026;16/11/2026;Sim
POP.719;Limpieza y Mantenimiento - Toroflex;POP;0;18/08/2021;18/08/2022;;;;;;;;18/08/2026;16/11/2026;Sim
POP.720;Preparação de Químicos - D6 (Destratadora);POP;1;18/05/2023;07/11/2025;;;;;;;;07/11/2026;05/02/2027;Sim
POP.721;Preparação de Químicos - CCM Mithril 1.5;POP;1;20/01/2023;24/03/2024;;;;;;;;24/03/2026;22/06/2026;Sim
POP.722;Fluxograma - Troca de Blocos com Defeitos;POP;0;01/09/2021;13/09/2021;;;;;;;;06/04/2026;08/07/2026;Sim
POP.725;Limpeza e Manutenção - Bisphera;POP;1;19/05/2022;15/06/2022;;;;;;;;15/06/2026;14/09/2026;Sim
POP.726;Manual Operacional - FOG ID MK 200;POP;0;04/11/2021;05/11/2021;;;;;;;;07/07/2026;06/10/2026;Sim
POP.727;Manual Operacional - Extração de Defeito Cosmético (Decide);POP;0;04/11/2021;08/03/2022;;;;;;;;10/08/2026;09/11/2026;Sim
POP.728;Manual Operacional - Desblocagem;POP;2;22/05/2024;05/08/2024;;;;;;;;05/08/2026;03/11/2026;Sim
POP.729;Limpeza e Manutenção - Desblocagem;POP;0;02/12/2021;08/12/2021;;;;;;;;07/08/2026;06/11/2026;Sim
POP.730;Limpeza e Manutenção - Coloração;POP;1;10/10/2022;03/03/2023;;;;;;;;02/03/2026;31/05/2026;Sim
POP.731;Limpeza e Manutenção - Syrus;POP;0;18/11/2021;23/11/2021;;;;;;;;07/07/2026;06/10/2026;Sim
POP.732;Processo de Impressão e Certificação da Expedição - Lab Rio;POP;1;22/04/2024;08/05/2024;;;;;;;;08/05/2026;07/08/2026;Sim
POP.733;Manual Operacional - Planejamento e Controle da Produção - Lab Rio;POP;1;05/05/2022;23/05/2022;;;;;;;;21/08/2026;19/11/2026;Sim
POP.734;Manual Operacional - Produto Não Conforme - Lab Rio;POP;1;15/06/2023;15/06/2023;;;;;;;;15/06/2026;14/09/2026;Sim
POP.735;Manual Operacional - Abastecimento de Lentes - LabRio;POP;2;12/06/2023;02/10/2023;;;;;;;;01/10/2025;30/12/2025;Sim
POP.736;Manual Operacional - Cancelamento de Pedido - Lab Rio;POP;2;10/07/2025;25/08/2025;;;;;;;Acrescentadas informações sobre: - Materiais que usamos - Fotos mostrando como faturar crédito - Descarte de Lentes;25/08/2026;23/11/2026;Sim
POP.737;Manual Operacional - Digitação de Pedido - Lab Rio;POP;1;16/10/2023;29/04/2024;;;;;;;;15/05/2026;14/11/2026;Sim
POP.738;Manual Operacional - Spin MRIII;POP;1;21/02/2025;21/02/2025;;;;;;;;21/02/2026;22/05/2026;Sim
POP.739;Limpeza e Manutenção - Spin MRIII;POP;1;21/02/2025;21/02/2025;;;;;;;;21/02/2026;22/05/2026;Sim
POP.740;Preparação de Químicos - Spin MRIII;POP;1;21/02/2025;21/02/2025;;;;;;;;21/02/2026;22/05/2026;Sim
POP.741;Controle de Parâmetros - Spin MRIII;POP;1;21/02/2025;21/02/2025;;;;;;;;21/02/2026;22/05/2026;Sim
POP.742;Manual Operacional - Coloração (manual);POP;1;20/06/2022;20/06/2022;;;;;;;;15/12/2025;01/03/2026;Sim
POP.743;Manual Operacional - Abertura de Perdas Interna da Produção - Technopark;POP;1;25/08/2025;29/08/2025;;;;;;;;29/08/2026;27/11/2026;Sim
POP.744;Manual Operacional - Recebimento de Pedido no Relacionamento - LabRio;POP;2;10/07/2025;25/08/2025;;;;;;;Informações acrescentadas: - Correção do cabeçalho - Inclusão de documentos complementares - Informações de Status de amostra recebida;25/08/2026;23/11/2026;Sim
POP.745;Manual Operacional - Produto e Insumo Não Conforme - Technopark;POP;4;31/10/2023;03/11/2023;;;;;;;;02/11/2025;31/01/2026;Sim
POP.747;Monitoramento de Realimentação do Cliente - LabRio;POP;4;03/06/2024;03/06/2024;;;;;;;;03/06/2026;02/09/2026;Sim
POP.748;Manual Operacional - Inspeção Final - Technopark;POP;0;01/04/2022;11/05/2022;;;;;;;;19/01/2026;20/04/2026;Sim
POP.749;Calibração Operacional - Lensômetros Digitais;POP;1;02/12/2024;23/12/2024;;;;;;;;23/12/2025;23/03/2026;Sim
POP.750;Manual Operacional - Sala de Armação - LabRio;POP;0;07/04/2022;13/04/2022;;;;;;;;07/07/2026;06/10/2026;Sim
POP.751;Limpieza y Mantenimiento - 4Racer;POP;0;14/04/2022;19/04/2022;;;;;;;;11/06/2026;10/09/2026;Sim
POP.752;Limpeza e Manutenção - 4Racer;POP;0;14/04/2022;02/06/2022;;;;;;;;10/06/2026;09/09/2026;Sim
POP.753;Calibración Operativa - 4Racer;POP;0;14/04/2022;09/05/2022;;;;;;;;10/06/2026;09/09/2026;Sim
POP.754;Control de Parámetros - 4Racer;POP;0;14/04/2022;09/05/2022;;;;;;;;10/06/2026;09/09/2026;Sim
POP.755;Calibração Operacional - 4Racer;POP;0;14/04/2022;19/04/2022;;;;;;;;10/06/2026;09/09/2026;Sim
POP.756;Controle de Parâmetros - 4Racer;POP;0;14/04/2022;09/05/2022;;;;;;;;10/06/2026;09/09/2026;Sim
POP.757;Manual Operacional - Sala de Armação - Technopark;POP;1;19/06/2023;11/08/2023;;;;;;;;10/08/2026;09/11/2026;Sim
POP.758;Manual Operacional - Digitação, Alteração e Solicitação de Cancelamento de Pedido - Technopark;POP;2;09/10/2023;03/11/2023;;;;;;;;02/11/2025;31/01/2026;Sim
POP.759;Calibração Operacional - Bisphera;POP;1;14/09/2022;17/02/2023;;;;;;;;17/02/2026;17/05/2026;Sim
POP.760;Controle de Parâmetros - Bisphera;POP;0;19/05/2022;15/06/2022;;;;;;;;15/06/2026;14/09/2026;Sim
POP.761;Limpieza y Mantenimiento - Bisphera;POP;0;19/05/2022;18/08/2022;;;;;;;;18/08/2026;16/11/2026;Sim
POP.762;Calibración Operativa - Bisphera;POP;1;14/09/2022;17/02/2023;;;;;;;;17/02/2026;17/05/2026;Sim
POP.763;Control de Parámetros - Bisphera;POP;0;19/05/2022;15/06/2022;;;;;;;;15/06/2026;14/09/2026;Sim
POP.764;Manual Operacional - Inspeção Final - Lab Rio;POP;0;27/05/2022;31/05/2022;;;;;;;;08/06/2026;07/09/2026;Sim
POP.765;Manual Operacional - Rastreabilidade de Pedidos - Lab Rio;POP;1;17/04/2025;23/04/2025;;;;;;;;23/04/2026;22/07/2026;Sim
POP.766;Manual Operacional - Abertura de Perdas Internas - LabRio;POP;0;17/06/2022;20/06/2022;;;;;;;;22/09/2025;25/12/2025;Sim
POP.769;Limpieza y Mantenimiento - EzFit;POP;0;22/06/2022;18/08/2022;;;;;;;;10/06/2026;09/09/2026;Sim
POP.770;Calibración Operativa - EzFit;POP;0;22/06/2022;30/06/2022;;;;;;;;10/06/2026;09/09/2026;Sim
POP.771;Limpeza e Manutenção - MEI 641;POP;0;22/06/2022;08/08/2022;;;;;;;;10/08/2026;09/11/2026;Sim
POP.772;Calibração Operacional - MEI 641;POP;0;22/06/2022;30/06/2022;;;;;;;;30/06/2026;29/09/2026;Sim
POP.773;Calibración Operativa - MEI 641;POP;0;22/06/2022;30/06/2022;;;;;;;;30/06/2026;29/09/2026;Sim
POP.774;Limpieza y Mantenimiento - MEI 641;POP;0;22/06/2022;18/08/2022;;;;;;;;18/08/2026;16/11/2026;Sim
POP.775;Manual Operacional - Bisphera;POP;0;22/06/2022;23/06/2022;;;;;;;;23/06/2026;22/09/2026;Sim
POP.776;Limpeza e Manutenção - LT1200;POP;0;23/06/2022;17/02/2023;;;;;;;;17/02/2026;17/05/2026;Sim
POP.778;Limpieza y Mantenimiento - LT 1200;POP;0;23/06/2022;17/02/2023;;;;;;;;17/02/2026;17/05/2026;Sim
POP.779;Calibración Operativa - LT 1200;POP;1;30/06/2022;01/07/2022;;;;;;;;10/06/2026;09/09/2026;Sim
POP.780;Manual Operacional -  Clareamento de Lentes da Coloração;POP;0;30/06/2022;18/01/2023;;;;;;;;18/01/2026;17/04/2026;Sim
POP.781;Manual Operacional - Análise Técnica Pré venda - Technopark;POP;1;26/03/2024;09/04/2024;;;;;;;;09/04/2026;08/07/2026;Sim
POP.782;Manual Operacional - Liberação de Lentes Prontas e Blocos do Estoque - Technopark;POP;2;01/02/2024;09/04/2024;;;;;;;;09/04/2026;08/07/2026;Sim
POP.783;Manual Operacional - Processo de Certificação e Faturamento da Expedição - Technopark;POP;2;01/02/2024;19/02/2024;;;;;;;;18/02/2026;11/11/2026;Sim
POP.784;Manual Operacional - Controle de Urgência da Produção - Technopark;POP;3;11/09/2025;28/10/2025;;;;;;;;28/10/2026;26/01/2027;Sim
POP.785;Manual Operacional - Reembalagem de Serviços;POP;0;30/09/2022;18/10/2022;;;;;;;;18/10/2025;19/01/2026;Sim
POP.786;Teste de Extrato Seco - OHAUS MB;POP;1;12/02/2025;30/05/2025;;;;;;;;30/05/2026;28/08/2026;Sim
POP.787;Limpieza y Matenimiento - ES3.ES4;POP;0;30/08/2022;31/08/2022;;;;;;;;10/06/2026;09/09/2026;Sim
POP.788;Calibración Operativa - ES3.ES4;POP;0;30/08/2022;31/08/2022;;;;;;;;10/06/2026;09/09/2026;Sim
POP.789;Limpeza e Manutenção - ES3.ES4;POP;0;30/08/2022;25/11/2022;;;;;;;;25/11/2025;23/02/2026;Sim
POP.790;Calibração Operacional - ES3.ES4;POP;0;30/08/2022;25/11/2022;;;;;;;;25/11/2025;23/02/2026;Sim
POP.791;Limpeiza y Matenimiento - 3B Blocker;POP;0;05/09/2022;17/02/2023;;;;;;;;17/02/2026;17/05/2026;Sim
POP.792;Limpeza e Manutenção - 3B Blocker;POP;0;05/09/2022;17/02/2023;;;;;;;;17/02/2026;17/05/2026;Sim
POP.793;Manual Operacional - Envio de Testes para EQC;POP;8;17/09/2025;17/09/2025;;;;;;;;17/09/2026;16/12/2026;Sim
POP.796;Limpeza e Manutenção - Bloqueadoras;POP;0;14/09/2022;25/11/2022;;;;;;;;25/11/2025;23/02/2026;Sim
POP.797;Limpeiza y Matenimiento - Bloqueadoras;POP;0;14/09/2022;17/02/2023;;;;;;;;17/02/2026;17/05/2026;Sim
POP.798;Limpeza e Manutenção - Mr.Blue;POP;0;14/09/2022;17/02/2023;;;;;;;;17/02/2026;17/05/2026;Sim
POP.799;Limpeiza y Matenimiento - Mr.Blue;POP;0;14/09/2022;17/02/2023;;;;;;;;17/02/2026;17/05/2026;Sim
POP.800;Manual Operativa - Mr. Orange;POP;0;30/09/2022;17/07/2023;;;;;;;;16/07/2026;15/10/2026;Sim
POP.801;Manual Operacional - Mr. Orange;POP;0;30/09/2022;17/04/2024;;;;;;;;17/04/2026;16/07/2026;Sim
POP.802;Monitoramento de Realimentação do Cliente - Technopark;POP;2;11/01/2023;12/01/2023;;;;;;;;11/05/2026;10/07/2026;Sim
POP.803;Teste de Viscosidade - Automático com Brookfield DV2TLV;POP;2;31/07/2023;28/12/2023;;;;;;;;27/12/2025;17/04/2026;Sim
POP.804;Manual Operacional - Rastreabilidade de Pedidos - Grown;POP;0;28/10/2022;06/12/2022;;;;;;;;06/12/2025;05/03/2026;Sim
POP.805;Manual Operacional - Rastreabilidade de Pedidos - Repro;POP;3;09/06/2025;29/08/2025;;;;;;;;29/08/2026;27/11/2026;Sim
POP.806;Manual Operacional - Digitação de Entrada, Alteração e Cancelamento de Pedidos - Grown;POP;1;18/07/2023;02/10/2023;;;;;;;;01/10/2025;30/12/2025;Sim
POP.807;Limpeza e Manutenção - D9 PAC Mithril 1.6;POP;0;10/11/2022;03/03/2023;;;;;;;;02/03/2026;31/05/2026;Sim
POP.808;Preparação de Químicos  - DP PAC Mithril 1.6;POP;0;10/11/2022;03/03/2023;;;;;;;;02/03/2026;31/05/2026;Sim
POP.810;Rastreabilidade de Pedidos - Ceditop;POP;3;31/07/2023;01/08/2023;;;;;;;;11/10/2025;11/12/2025;Sim
POP.811;Monitoramento de Realimentação do Cliente - Ceditop;POP;2;26/06/2023;27/06/2023;;;;;;;;26/06/2026;25/09/2026;Sim
POP.812;Manual Operacional - Controle de Temperatura (DataLogger) de Armazenamento - Primers e Vernizes - Repro;POP;1;30/05/2025;13/06/2025;;;;;;;;13/06/2026;11/09/2026;Sim
POP.813;Monitoramento de Realimentação do Cliente - Repro;POP;2;08/08/2024;09/08/2024;;;;;;;;10/08/2026;09/11/2026;Sim
POP.814;Manual Operacional - Produto Não Conforme (Produção) - Grown;POP;0;06/12/2022;13/12/2022;;;;;;;;13/12/2025;12/03/2026;Sim
POP.815;Manual Operacional - Devolução com Nota Fiscal - Grown;POP;2;12/06/2025;30/06/2025;;;;;;;;30/06/2026;28/09/2026;Sim
POP.817;Manual Operacional - Retornos Recebidos pelo SAC - Grown;POP;1;14/11/2023;01/02/2024;;;;;;;;31/01/2026;01/05/2026;Sim
POP.818;Manual Operacional - Tratativa de Pendências de Pedidos com Montagem - Grown;POP;1;14/11/2023;01/02/2024;;;;;;;;31/01/2026;01/05/2026;Sim
POP.819;Manual Operacional - Tratativa de Pendências de Pedidos com Surfaçagem - Grown;POP;1;14/11/2023;01/02/2024;;;;;;;;31/01/2026;01/05/2026;Sim
POP.820;Manual Operacional - Pedidos Urgentes - Grown;POP;0;06/12/2022;07/12/2022;;;;;;;;07/12/2025;06/03/2026;Sim
POP.821;Manual Operacional - Expedição de Pedidos - Grown;POP;1;26/12/2024;13/01/2025;;;;;;;;13/01/2026;13/04/2026;Sim
POP.822;Manual Operacional - Sala de Armação - Grown;POP;0;06/12/2022;07/12/2022;;;;;;;;07/12/2025;06/03/2026;Sim
POP.823;Manual Operacional - Recebimento de Mercadoria - Grown;POP;1;18/07/2023;02/10/2023;;;;;;;;01/10/2025;30/12/2025;Sim
POP.824;Manual Operacional - Embalagem da Surfaçagem - Grown;POP;3;20/05/2025;29/05/2025;;;;;;;Descrever o procedimento para o processo de triagem e embalagem surfaçagem do laboratório Grown Optical.;29/05/2026;27/08/2026;Sim
POP.825;Manual Operacional - Processo de Quebra, Retrabalho e Liberado com Concessão - Ceditop;POP;0;13/12/2022;16/12/2022;;;;;;;;16/12/2025;15/03/2026;Sim
POP.826;Manual Operacional - Comunicação com o Cliente - Ceditop;POP;0;13/12/2022;16/12/2022;;;;;;;;16/12/2025;15/03/2026;Sim
POP.827;Curva Teórica Crizal Rock;POP;0;20/12/2022;02/06/2023;;;;;;;;01/06/2026;31/08/2026;Sim
POP.828;Manual Operacional - Atendimento do SAC - Technopark;POP;2;26/03/2024;09/04/2024;;;;;;;;09/04/2026;08/07/2026;Sim
POP.830;Manual Operacional - Recebimento de Mercadoria - Technopark;POP;1;30/01/2023;06/02/2023;;;;;;;;06/02/2026;06/05/2026;Sim
POP.831;Manual Operacional - Recebimento de Produtos e Insumos - LabRio;POP;1;22/06/2023;02/10/2023;;;;;;;;01/10/2025;30/12/2025;Sim
POP.832;Teste de Extrato Seco - i-Thermo 163L Bel;POP;2;22/04/2025;30/05/2025;;;;;;;;30/05/2026;28/08/2026;Sim
POP.834;Manual Operacional - Compra de Matéria Prima - Technopark;POP;2;31/10/2023;19/02/2024;;;;;;;;18/02/2026;19/05/2026;Sim
POP.835;Manual Operacional - Compras Indiretas - Technopark;POP;1;28/02/2024;09/04/2024;;;;;;;;09/04/2026;08/07/2026;Sim
POP.836;Teste de Viscosidade - Automático com Brookfield DV -II+ PRO, DV-I+ e DV-I;POP;1;06/04/2023;18/08/2023;;;;;;;;17/08/2025;17/04/2026;Sim
POP.837;Manual Operacional - Faturamento - Grown;POP;2;31/10/2024;04/11/2024;;;;;;;"Retirado as etapas: - ""faturamento de caixas, faturamento de transportador, faturamento por cliente e nota fiscal manual"" . Deixado somente a etapa ""Faturamento de pedidos"" e os demais entraram como subtítulos. Foi incluído em subtítulo também  ""Faturamento de pedidos Suframa"".";04/11/2025;02/02/2026;Sim
POP.838;Calibração Operacional - E-Tess e Nidek LT-980 – Sistema SIOU;POP;1;04/07/2023;22/11/2023;;;;;;;;21/11/2025;19/02/2026;Sim
POP.839;Manual Operacional - E-Tess e Nidek LT-980;POP;0;17/02/2023;17/03/2023;;;;;;;;16/03/2025;18/09/2026;Sim
POP.840;Manual Operacional - Reclamação e Elogio de Clientes - Technopark;POP;1;07/03/2024;09/04/2024;;;;;;;;09/04/2026;08/07/2026;Sim
POP.841;Manual Operacional - Cancelamento de Pedido no Estoque - Technopark;POP;0;03/03/2023;10/03/2023;;;;;;;;22/05/2026;21/08/2026;Sim
POP.842;Comunicação com o Cliente - Grown;POP;1;10/06/2024;17/06/2024;;;;;;;;17/06/2026;16/09/2026;Sim
POP.843;Manual Operacional - Recuperação de Alloy e Distribuição de porta bloco (Central de Alloy);POP;0;10/03/2023;17/03/2023;;;;;;;;09/06/2026;08/09/2026;Sim
POP.844;Comunicação com o Cliente - Technopark;POP;2;18/08/2023;11/09/2023;;;;;;;;10/09/2025;;Sim
POP.845;Manual Operacional – Auditoria Técnica;POP;0;22/03/2023;26/06/2023;;;;;;;;25/06/2026;24/09/2026;Sim
POP.846;Manual Operacional - Encaixe de Lentes na Armação Acetato;POP;0;29/03/2023;29/03/2023;;;;;;;;19/06/2026;18/09/2026;Sim
POP.847;Manual Operacional - Encaixe de Lentes na Armação 3 Peças;POP;0;29/03/2023;29/03/2023;;;;;;;;19/06/2026;18/09/2026;Sim
POP.848;Manual Operacional - Encaixe de Lentes na Armação Metal;POP;1;05/05/2023;05/05/2023;;;;;;;;04/05/2026;03/08/2026;Sim
POP.849;Manual Operacional - Encaixe de Lentes na Armação Nylon;POP;0;29/03/2023;29/03/2023;;;;;;;;19/06/2026;18/09/2026;Sim
POP.852;Manual Operacional - Conferência de Mesa - Grown;POP;1;02/04/2024;09/04/2024;;;;;;;;10/04/2026;09/07/2026;Sim
POP.853;Manual Operacional - Separação de Blocos - Grown;POP;1;02/04/2024;09/04/2024;;;;;;;;10/04/2026;09/07/2026;Sim
POP.854;Manual Operacional - Caixas da Produção - LabRio;POP;0;17/04/2023;31/05/2023;;;;;;;;27/09/2025;27/12/2025;Sim
POP.855;Manual Operacional - Separação do Estoque - Sumaré Laboratório;POP;0;24/04/2023;26/04/2023;;;;;;;;25/04/2025;31/12/2025;Sim
POP.856;Manual Operacional - Rastreabilidade de Pedidos - Digitop;POP;1;12/06/2024;18/06/2024;;;;;;;;18/06/2026;17/09/2026;Sim
POP.857;Manual Operacional - Ticket e Envelope na Produção - Sumaré Laboratório;POP;0;25/04/2023;27/04/2023;;;;;;;;27/04/2026;27/07/2026;Sim
POP.858;Manual Operacional - Sala de Armação sem Aro - Sumaré Laboratório;POP;0;26/04/2023;27/04/2023;;;;;;;;27/04/2026;27/07/2026;Sim
POP.859;Manual Operacional  - Entrada e Impressão de Serviços - Sumaré Laboratório;POP;0;26/04/2023;03/08/2023;;;;;;;;03/08/2026;02/11/2026;Sim
POP.860;Manual Operacional - Sala de Armação com Aro - Sumaré Laboratório;POP;0;26/04/2023;27/04/2023;;;;;;;;26/04/2025;31/12/2025;Sim
POP.861;Manual Operacional - Recebimento, Triagem e Armazenamento de Serviços - Sumaré Laboratório;POP;1;11/08/2023;18/08/2023;;;;;;;;17/08/2026;16/11/2026;Sim
POP.862;Manual Operacional - Embalagem dos Produtos - Sumaré Laboratório;POP;0;27/04/2023;03/05/2023;;;;;;;;01/05/2026;31/07/2026;Sim
POP.863;Manual Operacional - Entrada de Serviços na Monatgem - Sumaré Laboratório;POP;0;27/04/2023;03/05/2023;;;;;;;;01/05/2026;31/07/2026;Sim
POP.864;Manual Operacional - Armazenagem da Armação na BIN - Sumaré Laboratório;POP;0;27/04/2023;03/05/2023;;;;;;;;01/05/2026;31/07/2026;Sim
POP.865;Manual Operacional - Separação de Pedidos - Sumaré CD;POP;2;07/07/2025;15/07/2025;;;;;;;;15/07/2026;13/10/2026;Sim
POP.866;Manual Operacional - Faturamento - Sumaré CD;POP;1;07/07/2025;14/07/2025;;;;;;;;14/07/2026;12/10/2026;Sim
POP.867;Manual Operacional - Recebimento e Conferência de Lentes, Blocos, Insumos e Materiais Gerais - Sumaré CD;POP;2;13/05/2025;13/05/2025;;;;;;;;13/05/2026;11/08/2026;Sim
POP.868;Manual Operacional - Reembalagem - Sumaré CD;POP;0;05/05/2023;12/05/2023;;;;;;;;11/10/2025;11/12/2025;Sim
POP.869;Manual Operacional - Expedição - Sumaré CD;POP;1;03/06/2024;04/06/2024;;;;;;;;04/06/2025;02/11/2026;Sim
POP.870;Manual Operacional - Impressão de Etiquetas e Certificados - digiTOP;POP;1;27/06/2023;29/06/2023;;;;;;;;27/09/2025;27/12/2025;Sim
POP.871;Manual Operacional - Separação de Pedidos - digiTOP;POP;2;27/06/2024;09/07/2024;;;;;;;;09/07/2026;08/10/2026;Sim
POP.872;Manual Operacional - Consulta de Disponibilidade de Lentes - Repro;POP;0;11/05/2023;25/05/2023;;;;;;;;21/05/2026;21/08/2026;Sim
POP.874;Manual Operacional - Garantias - Repro;POP;0;11/05/2023;13/07/2023;;;;;;;;22/12/2025;05/02/2026;Sim
POP.875;Manual Operacional - Aprovação de Pedidos - Repro;POP;1;11/02/2025;14/02/2025;;;;;;;;14/02/2026;15/05/2026;Sim
POP.876;Manual Operacional - Embalagem e Certificação - Repro;POP;1;09/08/2024;09/08/2024;;;;;;;;10/08/2026;09/11/2026;Sim
POP.877;Manual Operacional - Recebimento de Aro - Repro;POP;1;09/08/2024;09/08/2024;;;;;;;;10/08/2026;09/11/2026;Sim
POP.878;Manual Operacional - Atendimento ao Cliente - Repro;POP;0;11/05/2023;25/05/2023;;;;;;;;21/08/2026;20/11/2026;Sim
POP.880;Manual Operacional - Separação de Lentes e Blocos - Repro;POP;2;31/01/2025;03/02/2025;;;;;;;;03/02/2026;04/05/2026;Sim
POP.881;Manual Operacional - Envio de Malote - Repro;POP;0;15/05/2023;10/07/2023;;;;;;;;04/10/2025;04/12/2025;Sim
POP.882;Manual Operacional - Faturamento e Expedição - digiTOP;POP;3;13/03/2025;17/03/2025;;;;;;;;17/03/2026;15/06/2026;Sim
POP.883;Manual Operacional - Produto Não Conforme - digiTOP;POP;2;29/10/2024;01/11/2024;;;;;;;;01/11/2025;30/01/2026;Sim
POP.884;Manual Operacional - Monitoramento de Realimentação do Cliente - digiTOP;POP;4;21/07/2025;25/07/2025;;;;;;;;25/07/2026;23/10/2026;Sim
POP.885;Manual Operacional - Encerramento de Pedidos e Atacado - Ceditop;POP;1;29/04/2024;24/06/2024;;;;;;;;24/06/2026;23/09/2026;Sim
POP.886;Manual Operacional - Garantia - Ceditop;POP;3;14/08/2025;05/09/2025;;;;;;;;05/09/2026;04/12/2026;Sim
POP.887;Manual Operacional - Compra de Matéria Prima - Ceditop;POP;0;29/05/2023;02/06/2023;;;;;;;;10/08/2026;09/11/2026;Sim
POP.888;Manual Operacional - Recebimento e Estocagem de Blocos - Ceditop;POP;2;28/01/2025;18/02/2025;;;;;;;;18/02/2026;19/05/2026;Sim
POP.889;Manual Operacional - Alteração e Cancelamento de Pedidos - Ceditop;POP;0;01/06/2023;02/06/2023;;;;;;;;11/10/2025;11/12/2025;Sim
POP.890;Manual Operacional - Armazenamento de Lentes e Armações - Ceditop;POP;2;10/07/2025;11/08/2025;;;;;;;;11/08/2026;09/11/2026;Sim
POP.891;Manual Operacional - Análise Crítica dos Certificados de Calibração;POP;0;05/06/2023;27/06/2023;;;;;;;;26/06/2026;25/09/2026;Sim
POP.892;Manual Operacional - Envio e Recebimento de Serviço do Coating - Ceditop;POP;2;10/07/2025;01/08/2025;;;;;;;;01/08/2026;30/10/2026;Sim
POP.893;Manual Operacional - Digitação e Emissão de Serviços - Ceditop;POP;2;30/09/2024;07/10/2024;;;;;;;;07/10/2025;05/01/2026;Sim
POP.894;Manual Operacional - Pré-Expedição e Certificação - Ceditop;POP;2;04/08/2025;22/08/2025;;;;;;;;22/08/2026;20/11/2026;Sim
POP.895;Manual Operacional - Expedição - Ceditop;POP;1;16/09/2024;23/09/2024;;;;;;;;23/09/2025;22/12/2025;Sim
POP.898;Manual Operacional - Lista de Pedidos - Ceditop;POP;3;04/08/2025;04/09/2025;;;;;;;;04/09/2026;03/12/2026;Sim
POP.901;Manual Operacional - Armazenamento de Lentes no Bob Complete Frame - Sumaré Laboratório;POP;0;09/06/2023;03/08/2023;;;;;;;;03/08/2026;02/11/2026;Sim
POP.902;Manual Operacional - Rastreabilidade de Pedidos - Technopark;POP;0;09/06/2023;11/09/2023;;;;;;;;10/09/2025;09/12/2025;Sim
POP.903;Manual Operacional - Entrada de pedidos na Expedição - Technopark;POP;1;11/03/2024;03/04/2024;;;;;;;;02/07/2026;01/10/2026;Sim
POP.904;Manual Operacional - Cálculo de Serviços - Technopark;POP;1;11/07/2025;06/08/2025;;;;;;;;06/08/2026;04/11/2026;Sim
POP.905;Manual Operacional - Abastecimento de Blocos - LabRio;POP;0;12/06/2023;02/10/2023;;;;;;;;01/10/2025;30/12/2025;Sim
POP.906;Monitoramento de Realimentação do Cliente - Coating RS;POP;1;25/07/2024;11/12/2024;;;;;;;;11/12/2025;11/03/2026;Sim
POP.907;Monitoramento de Realimentação do Cliente - Grown;POP;0;13/06/2023;17/07/2023;;;;;;;;16/07/2026;15/10/2026;Sim
POP.908;Manual Operacional - Devolução de Produtos - Grown;POP;0;13/06/2023;17/07/2023;;;;;;;;16/07/2026;14/10/2026;Sim
POP.909;Manual Operacional - Registro de Falta Produto - Grown;POP;0;13/06/2023;17/07/2023;;;;;;;;16/07/2026;14/10/2026;Sim
POP.910;Manual Operacional - Upgrade e Downgrade de Produto - Grown;POP;0;13/06/2023;17/07/2023;;;;;;;;16/07/2026;15/10/2026;Sim
POP.911;Manual Operacional - Triagem de Serviços - Ceditop;POP;1;16/09/2024;23/09/2024;;;;;;;;23/09/2025;22/12/2025;Sim
POP.912;Manual Operacional - Faturamento de Pedidos - Tecnolens;POP;3;26/07/2024;05/08/2024;;;;;;;;05/08/2026;03/11/2026;Sim
POP.913;Manual Operacional - Digitação, Alteração e Solicitação de Cancelamento de Pedido - Tecnolens;POP;4;29/08/2025;12/09/2025;;;;;;;;12/09/2026;11/12/2026;Sim
POP.914;Manual Operacional - Liberação de Lentes Prontas e Blocos do Estoque - Tecnolens;POP;2;19/02/2025;05/03/2025;;;;;;;;05/03/2026;03/06/2026;Sim
POP.915;Manual Operacional - Solicitação de Pedidos em Atacado no Estoque - LabRio;POP;0;22/06/2023;02/10/2023;;;;;;;;01/10/2025;30/12/2025;Sim
POP.916;Manual Operacional - Armazenamento de Produtos e Insumos - LabRio;POP;0;22/06/2023;02/10/2023;;;;;;;;01/10/2025;30/12/2025;Sim
POP.918;Manual Operacional - Envio e Recebimento de Serviço - digiTOP;POP;2;12/08/2024;26/08/2024;;;;;;;;26/08/2026;24/11/2026;Sim
POP.919;Manual Operacional - Recebimento e Armazenamento de Blocos - digiTOP;POP;0;27/06/2023;29/06/2023;;;;;;;;27/09/2025;27/12/2025;Sim
POP.920;Manual Operacional - Certificação de Pedidos - Tecnolens;POP;0;27/06/2023;19/07/2023;;;;;;;;17/07/2026;16/10/2026;Sim
POP.921;Manual Operacional - Rastreabilidade de Pedidos - Tecnolens;POP;2;06/09/2023;11/09/2023;;;;;;;;10/09/2025;09/12/2025;Sim
POP.922;Manual Operacional - Produto e Insumo Não Conforme - Tecnolens;POP;2;10/04/2024;11/04/2024;;;;;;;;19/06/2026;18/09/2026;Sim
POP.923;Manual Operacional - Sala de Armação - Tecnolens;POP;1;10/04/2024;11/04/2024;;;;;;;;19/06/2026;18/09/2026;Sim
POP.924;Manual Operacional - Monitoramento de Realimentacao do Cliente - Tecnolens;POP;2;13/05/2024;14/05/2024;;;;;;;;14/05/2026;13/08/2026;Sim
POP.925;Manual Operacional - Compras de Insumos e Peças - Repro;POP;0;13/07/2023;21/07/2023;;;;;;;;14/10/2025;14/01/2026;Sim
POP.926;Manual Operacional - Compras de Lentes e Blocos - Repro;POP;2;21/11/2025;26/11/2025;;;;;;;;26/11/2026;24/02/2027;Sim
POP.927;Manual Operacional - Garantia de Produtos no SAC - Grown;POP;2;08/05/2025;19/05/2025;;;;;;;;19/05/2026;17/08/2026;Sim
POP.928;Manual Operacional - Produto Não Conforme - Coating RS;POP;1;18/03/2024;22/03/2024;;;;;;;;09/06/2026;08/09/2026;Sim
POP.929;Manual Operacional - Atendimento Comercial - Ceditop;POP;1;04/10/2024;07/10/2024;;;;;;;;07/10/2025;05/01/2026;Sim
POP.932;Manual Operacional - CS10 12L;POP;0;03/08/2023;11/08/2023;;;;;;;;10/08/2026;09/11/2026;Sim
POP.933;Limpeza e Manutenção - CS10 12L;POP;0;03/08/2023;14/08/2023;;;;;;;;13/08/2026;11/11/2026;Sim
POP.934;Preparação de Químicos - CS10 12L;POP;0;03/08/2023;14/08/2023;;;;;;;;13/08/2026;11/11/2026;Sim
POP.935;Manual Operacional - Auditoria de Produto;POP;1;18/11/2024;22/11/2024;;;;;;;;22/11/2025;20/02/2026;Sim
POP.936;Manual Operacional - Inspeção Óptica de Lentes;POP;0;04/08/2023;04/08/2023;;;;;;;;03/08/2026;03/11/2026;Sim
POP.937;Manual Operacional - Faturamento e Expedição - Coating RS;POP;0;07/08/2023;21/08/2023;;;;;;;;20/08/2026;18/11/2026;Sim
POP.938;Manual Operacional - Operação do Varilux XR e Varilux Physio Extensee - Repro;POP;1;03/10/2025;24/11/2025;;;;;;;;24/11/2026;22/02/2027;Sim
POP.939;Manual Operacional - Operação do Varilux XR - Technopark;POP;0;10/08/2023;11/08/2023;;;;;;;;10/08/2026;09/11/2026;Sim
POP.940;Manual Operacional - Operação do Varilux XR - Ceditop;POP;0;10/08/2023;11/08/2023;;;;;;;;10/08/2026;09/11/2026;Sim
POP.941;Manual Operacional - Preparação / Pré-inspeção (Sumaré Laboratório);POP;0;11/08/2023;13/08/2023;;;;;;;;12/08/2026;10/11/2026;Sim
POP.942;Manual Operacional - Faturamento por Transportadora e Troca Antecipada - Sumaré Laboratório;POP;0;11/08/2023;18/08/2023;;;;;;;;17/08/2026;16/11/2026;Sim
POP.943;Manual Operacional - Faturamento por Garantia (Delivery) - Sumaré Laboratório;POP;0;11/08/2023;18/08/2023;;;;;;;;17/08/2026;16/11/2026;Sim
POP.944;Manual Operacional - Faturamento por E-commerce - Sumaré Laboratório;POP;0;11/08/2023;18/08/2023;;;;;;;;17/08/2026;16/11/2026;Sim
POP.945;Manual Operacional - Operação do Varilux XR - digiTOP;POP;0;14/08/2023;15/08/2023;;;;;;;;14/08/2026;12/11/2026;Sim
POP.946;Manual Operacional - Facetadoras Essilor;POP;0;14/08/2023;22/11/2023;;;;;;;;21/11/2025;19/02/2026;Sim
POP.947;Limpeza e Manutenção - Facetadoras Essilor;POP;0;14/08/2023;22/11/2023;;;;;;;;21/11/2025;19/02/2026;Sim
POP.949;Manual Operacional - CDS1000 Mithril 1.6;POP;0;17/08/2023;18/08/2023;;;;;;;Procedimento Operacional da CDS1000 e método de regeneração do verniz;17/08/2025;13/11/2026;Sim
POP.950;Manual Operacional - Processo de Polimerização - Pós-Cura;POP;1;02/02/2024;12/03/2024;;;;;;;;12/03/2025;11/09/2026;Sim
POP.951;Manual Operacional - Inspeção HC - Sumaré Laboratório;POP;0;17/08/2023;18/08/2023;;;;;;;;17/08/2026;16/11/2026;Sim
POP.952;Manual Operacional - Produto e Insumo Não Conforme - Laboratório Sumaré;POP;1;23/11/2023;28/11/2023;;;;;;;;27/11/2024;14/02/2026;Sim
POP.953;Manual Operacional - Inspeção Final - Laboratóriol Sumaré;POP;0;21/08/2023;31/08/2023;;;;;;;;30/08/2025;28/11/2025;Sim
POP.954;Manual Operacional - Art Blocker A;POP;0;22/08/2023;23/08/2023;;;;;;;;21/08/2026;19/11/2026;Sim
POP.956;Manual Operacional - Block Piece;POP;0;22/08/2023;23/08/2023;;;;;;;;21/08/2026;19/11/2026;Sim
POP.957;Manual Operacional - Alteração de Base (Debasing) em Lentes Varilux XR - Opticlick;POP;0;22/08/2023;22/08/2023;;;;;;;;21/08/2026;19/11/2026;Sim
POP.958;Manual Operacional - Laser Flash UV;POP;0;23/08/2023;12/09/2023;;;;;;;;11/09/2025;12/12/2025;Sim
POP.960;Manual Operacional - Envio e Recebimento de Serviço - Optilab;POP;0;28/08/2023;06/09/2023;;;;;;;;05/09/2025;04/12/2025;Sim
POP.961;Manual Operacional - Separação de pedidos - Optilab;POP;0;28/08/2023;06/09/2023;;;;;;;;05/09/2025;04/12/2025;Sim
POP.962;Manual Operacional Pré-Inspeção (Tecnolens);POP;0;28/08/2023;05/09/2023;;;;;;;;04/09/2025;03/12/2025;Sim
POP.963;Manual Operacional - Recebimento de Insumos e Produtos - Optilab;POP;0;31/08/2023;05/10/2023;;;;;;;;04/10/2025;02/01/2026;Sim
POP.964;Manual Operacional - Transferências de Produtos e Insumos - Optilab;POP;0;31/08/2023;06/09/2023;;;;;;;;05/09/2025;04/12/2025;Sim
POP.965;Manual Operacional - Operação da Área SAT - Grown;POP;2;16/12/2024;21/03/2025;;;;;;;;21/03/2026;19/06/2026;Sim
POP.966;Manual Operacional - Garantias - Tecnolens;POP;1;15/07/2024;17/07/2024;;;;;;;;17/07/2026;16/10/2026;Sim
POP.967;Manual Operacional - Pesagem e Descarte de Resíduos - Repro;POP;1;12/03/2024;18/03/2024;;;;;;;;14/05/2026;14/08/2026;Sim
POP.968;Manual Operacional - Operação do Varilux XR - Sumaré Laboratório;POP;0;31/08/2023;14/12/2023;;;;;;;;13/12/2025;13/03/2026;Sim
POP.969;Manual Operacional - Preenchimento de Cartões - Quadro PCP;POP;0;01/09/2023;21/09/2023;;;;;;;;20/09/2025;19/12/2025;Sim
POP.970;Manual Operacional - Operação do Varilux XR - Tecnolens;POP;1;15/07/2024;17/07/2024;;;;;;;;17/07/2026;16/10/2026;Sim
POP.971;Manual Operacional - Medição do Jarvis (Lentes Stellest);POP;1;12/12/2023;31/01/2024;;;;;;;;30/01/2026;30/04/2026;Sim
POP.972;Manual Operacional - Aprovação de Cupom - Grown;POP;0;04/09/2023;02/10/2023;;;;;;;;01/10/2025;30/12/2025;Sim
POP.973;Manual Operacional - Inspeção Final - Tecnolens;POP;0;06/09/2023;06/09/2023;;;;;;;;05/09/2025;04/12/2025;Sim
POP.974;Manunal Operacional - Tabela Hora Hora;POP;0;11/09/2023;03/10/2023;;;;;;;;02/10/2025;31/12/2025;Sim
POP.975;Manual Operacional - Criação de Janelas Hodie (Expedição) - Sumaré CD;POP;0;25/09/2023;25/09/2023;;;;;;;;24/09/2025;23/12/2025;Sim
POP.976;Manual Operacional - Inspeção de Saída do HC - Sumaré Laboratório;POP;0;25/09/2023;31/01/2024;;;;;;;;30/01/2026;30/04/2026;Sim
POP.977;Manual Operacional - Garantias - Optilab;POP;0;26/09/2023;05/10/2023;;;;;;;;04/10/2025;02/01/2026;Sim
POP.978;Manual Operacional - Digitação, Alteração e Cancelamento de Pedidos - Optilab;POP;0;26/09/2023;05/10/2023;;;;;;;;04/10/2025;02/01/2026;Sim
POP.979;Manual Operacional - Embalagem de Lentes - LabRio;POP;1;18/06/2024;23/04/2025;;;;;;;;23/04/2026;22/07/2026;Sim
POP.980;Manual Operacional - TECO X304V2;POP;0;03/10/2023;27/10/2023;;;;;;;;26/10/2025;24/01/2026;Sim
POP.981;Manual Operacional - ProMapper;POP;0;03/10/2023;27/10/2023;;;;;;;;26/10/2025;24/01/2026;Sim
POP.986;Manual Operativa - Aprendizaje de Grabados de Diseños - Promapper;POP;0;11/10/2023;01/02/2024;;;;;;;;31/01/2026;01/05/2026;Sim
POP.987;Verificación con Lentes Minerales Essilor - Promapper;POP;0;11/10/2023;01/02/2024;;;;;;;;31/01/2026;30/04/2026;Sim
POP.988;Manual Operacional - Rastreabilidade de Pedidos - Optilab;POP;0;16/10/2023;25/10/2023;;;;;;;;24/10/2025;22/01/2026;Sim
POP.989;Manual Operacional - Operação da Stellest - LabRio;POP;0;16/10/2023;19/02/2024;;;;;;;;18/02/2025;19/05/2026;Sim
POP.990;Manual Operacional - Operação do Varilux XR - LabRio;POP;0;16/10/2023;11/03/2024;;;;;;;;09/06/2026;08/09/2026;Sim
POP.991;Manual Operacional - Rastreabilidade de Pedidos - Coating RS;POP;0;31/10/2023;01/11/2023;;;;;;;ok;31/10/2025;29/01/2026;Sim
POP.992;Manual Operacional - Cálculo de Serviços - Grown;POP;1;02/04/2024;09/04/2024;;;;;;;;10/04/2026;09/07/2026;Sim
POP.994;Manual Operacional - Monitoramento de Realimentação do Cliente - Optilab;POP;0;21/11/2023;22/11/2023;;;;;;;;21/11/2025;19/02/2026;Sim
POP.995;Manual Operacional - Lançamento de Quebras - Optilab;POP;0;21/11/2023;22/11/2023;;;;;;;;21/11/2025;19/02/2026;Sim
POP.996;Manual Operacional - Conferência Final - digiTOP;POP;0;21/11/2023;22/11/2023;;;;;;;;21/11/2025;19/02/2026;Sim
POP.997;Manual Operacional - Produto Não Conforme - Optilab;POP;0;27/11/2023;04/12/2023;;;;;;;;03/12/2025;03/03/2026;Sim
POP.998;Manual Operacional - Expedição e Faturamento - Optilab;POP;0;27/11/2023;04/12/2023;;;;;;;;03/12/2025;03/03/2026;Sim
POP.999;Manual Operacional - Rastreabilidade de Pedidos - Sumaré CD;POP;1;11/07/2025;14/07/2025;;;;;;;;14/07/2026;12/10/2026;Sim
TAB.002;Logotipos - Marcação das Lentes;TAB;22;15/08/2023;18/08/2023;;;;;;;Tabela com os principais logotipos do grupo Essilor, para facilitar consulta rápida.;17/08/2026;16/11/2026;Sim
TAB.007;Manual de Indicadores - Itens de Controle;TAB;1;01/12/2022;04/09/2023;;;;;;;;03/09/2025;02/12/2025;Sim
TAB.008;Lista Mestra - Especificação de Produtos DS Rx;TAB;0;17/12/2021;03/03/2022;;;;;;;;01/09/2026;30/10/2026;Sim
TAB.009;Tabela de Kit de Entrega por Produto;TAB;2;03/09/2025;04/09/2025;;;;;;;Documento valido por Renata Gonçalves de Sousa - Gerente de Marcas;04/09/2026;03/12/2026;Sim
TAB.010;Herramientas y Equipos de Montaje;TAB;3;15/06/2023;21/06/2023;;;;;;;;19/06/2026;18/09/2026;Sim
TAB.011;Ferramentas e Equipamentos de Montagem;TAB;3;15/06/2023;21/06/2023;;;;;;;;19/06/2026;18/09/2026;Sim
TAB.012;Velocidade Noe e Noria - CDC1000 Mithril 1.6;TAB;0;19/12/2022;03/03/2023;;;;;;;;20/08/2026;18/11/2026;Sim
TAB.014;Siglas - Nomenclaturas - Codificações;TAB;1;02/05/2024;02/05/2024;;;;;;;;01/05/2026;31/07/2026;Sim
TAB.015;Horários de Corte para Faturamento de Serviços - Sumaré Laboratório;TAB;0;11/08/2023;18/08/2023;;;;;;;;17/08/2026;16/11/2026;Sim
TAB.016;Velocidade Zoe e Noria - CDS1000 Mithril 1.6;TAB;0;17/08/2023;18/08/2023;;;;;;;;17/08/2025;16/11/2026;Sim
TAB.017;PCP Surfaçagem - Impressão;TAB;15;06/03/2025;11/03/2025;;;;;;;;11/03/2026;09/06/2026;Sim
TAB.018;PCP HMC - Impressão;TAB;5;08/03/2024;12/03/2024;;;;;;;;10/06/2026;09/09/2026;Sim
TAB.020;Identificação de Cores de Bacias na Produção - Tecnolens;TAB;0;10/04/2024;11/04/2024;;;;;;;;19/06/2026;18/09/2026;Sim
TAB.021;PCP SPIN - Impressão;TAB;2;10/04/2025;12/05/2025;;;;;;;;12/05/2026;17/09/2026;Sim
TAB.022;PCP Montagem - Impressão;TAB;8;30/09/2024;30/09/2024;;;;;;;Primeiro documento para acompanhar os itens do PCP no formulário FOR.107;30/09/2025;29/12/2025;Sim
TAB.023;Identificação de Cores de Boletas na Produção - Tecnolens;TAB;1;31/10/2024;05/03/2025;;;;;;;;05/03/2026;03/06/2026;Sim
TAB.024;Sequência Pré-Inspeção - Technopark;TAB;0;19/09/2024;23/09/2024;;;;;;;Uma ferramenta/documento criada para os operadores utilizarem na entrada pré inspeção para seguirem a sequência de montagem de lotes. Documentos somente da Technopark;23/09/2025;22/12/2025;Sim
TAB.025;Tab - Tabela de identificação de insumos do armário Azul do HMC;TAB;0;06/08/2025;04/09/2025;;;;;;;;04/09/2026;03/12/2026;Sim
TAB.026;Códigos Motivos Optifacts - Technopark;TAB;0;19/08/2025;29/08/2025;;;;;;;Tabela com os códigos e motivos, usados no sistema Optifacts.;29/08/2026;27/11/2026;Sim
TAB.027;Tabela de identificação de cores de bacias para a Montagem;TAB;0;04/09/2025;12/09/2025;;;;;;;;12/09/2026;11/12/2026;Sim
