no;codigo;nome;descricao;pasta;classificacao;autor;numero_revisao;ultima_revisao;data_aprovacao;proxima_revisao;data_validade;documentos_controlados;matriz;sub_area
1;DOC.001;Técnicos de Manutenção - Laboratórios;;00-Geral;Documentos;Yhan Silva;0;27/09/2019;27/09/2019;;;Não;QUALIDADE;MANUTENÇÃO
2;DOC.011;Modelo Padrão para 5S;Modelo Padrão para descrever o 5S de cada posto.;07-MELHORIA CONTÍNUA;Documentos;Humberto Serra - Lab Rio;0;07/10/2020;03/12/2020;08/07/2026;07/10/2026;Não;QUALIDADE;5S
3;DOC.012;DA - Gerente de Laboratório;;Descrição de Atividade;Documentos;Lucineide Pereira;1;11/08/2021;21/10/2021;01/04/2026;01/07/2026;Sim;;
4;DOC.013;DA - Gerente de Métodos e Processos;;Descrição de Atividade;Documentos;Lucineide Pereira;1;11/08/2021;21/10/2021;01/04/2026;01/07/2026;Sim;;
5;DOC.014;DA - Analista de Processos;;Descrição de Atividade;Documentos;Lucineide Pereira;1;09/08/2021;08/10/2021;01/04/2026;01/07/2026;Sim;;
6;DOC.015;DA - Coordenador de Processos;;Descrição de Atividade;Documentos;Lucineide Pereira;1;09/08/2021;21/10/2021;01/04/2026;01/07/2026;Sim;;
7;DOC.016;DA - Abastecedor de Linha;;Descrição de Atividade;Documentos;Lucineide Pereira;1;11/08/2021;08/10/2021;01/04/2026;01/07/2026;Sim;;
8;DOC.017;DA - Supervisor de Produção;;Descrição de Atividade;Documentos;Lucineide Pereira;1;11/08/2021;21/10/2021;01/04/2026;01/07/2026;Sim;;
9;DOC.018;DA - Líder de Produção;;Descrição de Atividade;Documentos;Lucineide Pereira;1;11/08/2021;02/06/2022;01/04/2026;01/07/2026;Sim;;
10;DOC.021;DA - Analista de Qualidade;;Descrição de Atividade;Documentos;Lucineide Pereira;1;09/08/2021;08/10/2021;01/04/2026;01/07/2026;Sim;;
11;DOC.022;DA - Gerente de Qualidade;;Descrição de Atividade;Documentos;Lucineide Pereira;1;11/08/2021;21/10/2021;01/04/2026;01/07/2026;Sim;;
12;DOC.023;DA - Técnico em Óptica;;Descrição de Atividade;Documentos;Lucineide Pereira;1;11/08/2021;08/10/2021;01/04/2026;01/07/2026;Sim;;
13;DOC.024;DA - Assistente de Qualidade;;Descrição de Atividade;Documentos;Lucineide Pereira;1;09/08/2021;08/10/2021;01/04/2026;01/07/2026;Sim;;
14;DOC.025;DA - Operador de Produção;;Descrição de Atividade;Documentos;Lucineide Pereira;1;11/08/2021;08/10/2021;01/04/2026;01/07/2026;Sim;;
15;DOC.028;Padronização de Uniformes;;Uniformes;Documentos;Taís Flores;3;06/07/2022;05/09/2022;02/07/2026;01/10/2026;Sim;;
16;DOC.030;Carta Cliente - Autorização - Defeitos de Bloco - Brasil;;Estoque / Expedição;Documentos;Taís Flores;0;01/09/2021;10/09/2021;20/05/2026;20/08/2026;Sim;;
17;DOC.032;Política da Qualidade;;Qualidade;Documentos;Taís Flores;1;08/04/2022;12/04/2022;08/07/2026;07/10/2026;Sim;QUALIDADE;QUALIDADE
18;DOC.033;Fluxograma de Processos - LabRio;;LabRio;Documentos;Renan Barbosa;4;20/03/2025;21/03/2025;21/03/2026;19/06/2026;Sim;;
19;DOC.035;Manual de Procedimentos - Garantias e Programas de Parceria;;SAC;Documentos;Melissa Grandolfo;3;17/04/2025;03/11/2025;03/11/2026;01/02/2027;Sim;Atendimento;Garantia
20;DOC.036;Fluxograma de Processo Padrão - HMC;;00-Geral HMC;Documentos;Nathália Brandão;0;02/05/2022;13/05/2024;13/05/2026;12/08/2026;Sim;;
21;DOC.037;Procedimento de Devolução de Lentes - Technopark;;Technopark;Documentos;Aline Franco;3;15/09/2025;19/09/2025;19/09/2026;18/12/2026;Sim;;
22;DOC.038;Fluxograma de Processo Padrão - Surfaçagem;;00-Geral SURFACE;Documentos;William Karasiaki;0;10/06/2022;13/05/2024;13/05/2026;12/08/2026;Sim;;
23;DOC.039;Fluxograma de Processo Padrão - Montagem;;00 - Controle de Processo;Documentos;William Karasiaki;0;13/06/2022;13/05/2024;13/05/2026;12/08/2026;Sim;;
24;DOC.040;Diagrama de Flujo Estándar del Proceso - Montagem;;00-Control de Procesos;Documentos;William Karasiaki;0;29/06/2022;13/05/2024;13/05/2026;12/08/2026;Sim;;
25;DOC.041;Diagrama de Flujo Estándar del Proceso - HMC;;00-Control de Procesos;Documentos;William Karasiaki;0;30/06/2022;13/05/2024;13/05/2026;12/08/2026;Sim;;
26;DOC.042;Diagrama de Flujo Estándar del Proceso - Surfaçagem;;00-Control de Proceso y DSPC;Documentos;William Karasiaki;0;30/06/2022;13/05/2024;13/05/2026;12/08/2026;Sim;;
27;DOC.043;Fluxo de Atendimento de Chamado para Manutenção Preventiva e Corretiva - Lab Rio;;LabRio;Documentos;Renan Barbosa;0;10/08/2022;22/09/2022;20/09/2025;21/12/2025;Sim;;
28;DOC.044;Procedimiento de Creación de Imagen HD;;Español;Documentos;Edgar Casallas;0;11/08/2022;11/08/2022;11/08/2026;09/11/2026;Sim;;
29;DOC.045;Procedimento de Criação de Imagem HD;;Português;Documentos;Edgar Casallas;0;11/08/2022;11/08/2022;11/08/2026;09/11/2026;Sim;;
30;DOC.046;Alinhamento de Repasse de Pedidos para Novos Laboratórios - Lab Rio;;LabRio;Documentos;Renan Barbosa;0;11/08/2022;18/08/2022;20/09/2025;21/12/2025;Sim;;
31;DOC.047;Fluxograma de Processos - Grown;;Grown;Documentos;Natalia Silva;3;09/01/2025;12/02/2025;12/02/2026;13/05/2026;Sim;;
32;DOC.048;Fluxograma de Processos - Repro;;Repro;Documentos;Laura Vaz;3;05/09/2025;24/10/2025;24/10/2026;22/01/2027;Sim;;
33;DOC.050;Política de Compras de Suprimentos - Ceditop;;Ceditop;Documentos;João Martins;0;16/11/2022;28/11/2022;28/08/2026;27/11/2026;Sim;;
34;DOC.051;Política de Compras de Insumos - Ceditop;;Ceditop;Documentos;João Martins;1;20/01/2023;25/01/2023;18/05/2026;17/08/2026;Sim;;
35;DOC.052;Política de Compras de Peças - Ceditop;;Ceditop;Documentos;João Martins;0;16/11/2022;28/11/2022;28/11/2025;16/02/2026;Sim;;
36;DOC.053;Política de Compras - Repro;;Repro;Documentos;Debora Rocha;2;21/11/2025;26/11/2025;26/11/2026;24/02/2027;Sim;;
37;DOC.054;Fluxograma de Processos - Ceditop;;Ceditop;Documentos;Leticia Santos;2;02/10/2024;16/10/2024;16/10/2025;14/01/2026;Sim;;
38;DOC.055;Fluxograma de Processos - Sumaré CD;;Sumaré CD;Documentos;Juliana Gomes Ferreira;1;25/09/2023;03/10/2023;02/10/2025;31/12/2025;Sim;;
39;DOC.057;Manual de Compras - Grown;;Grown;Documentos;Cauê Emerenciano;4;02/10/2024;07/10/2024;07/10/2025;05/01/2026;Sim;;
40;DOC.058;Comunicação com o Cliente - Lab Rio;;LabRio;Documentos;Renan Barbosa;0;06/12/2022;07/12/2022;09/06/2026;08/09/2026;Sim;;
41;DOC.059;Recusa de Nota Fiscal - Technopark;;Technopark;Documentos;Felipe Costa;1;02/02/2023;06/02/2023;06/02/2026;25/04/2026;Sim;;
42;DOC.060;Manual de Compras - Technoaprk;Antigo DEX.185;Technopark;Documentos;Benicio Souza;2;16/02/2023;10/03/2023;17/05/2025;30/12/2025;Sim;;
43;DOC.063;Critérios de Conformidade Cosmética;;Produtos e Informações;Documentos;Lucineide Pereira;13;19/11/2024;22/11/2024;22/11/2025;20/02/2026;Sim;QUALIDADE;RX_REFERENCIAL
44;DOC.066;Manual de Compras - digiTOP;;digiTOP;Documentos;Nickolle Rodrigues;1;13/03/2025;17/03/2025;17/03/2026;15/06/2026;Sim;;
45;DOC.067;Comunicação com o Cliente - Repro;;Repro;Documentos;Ovanir Lima Junior;0;11/05/2023;25/05/2023;25/05/2026;24/08/2026;Sim;;
46;DOC.068;Fluxograma de Processos - digiTOP;;digiTOP;Documentos;Nickolle Rodrigues;3;30/04/2025;30/05/2025;30/05/2026;28/08/2026;Sim;;
47;DOC.069;Descrição de Atividade - Utilização;;Descrição de Atividade;Documentos;Taís Flores;0;01/06/2023;18/07/2023;17/07/2026;16/10/2026;Sim;QUALIDADE;RH/DP
48;DOC.070;Fluxograma de Processos - Coating RS;;Coating RS;Documentos;Christiano Silva;0;19/06/2023;19/07/2023;17/07/2026;16/10/2026;Sim;;
49;DOC.071;Fluxograma de Processos - Tecnolens;;Tecnolens;Documentos;Vinicius Silva;1;06/09/2023;11/09/2023;10/09/2025;09/12/2025;Sim;QUALIDADE;TECNOLENS
50;DOC.073;Manual de Compras - Tecnolens;;Tecnolens;Documentos;Tatiana Andrade;0;11/07/2023;19/07/2023;17/07/2026;16/10/2026;Sim;QUALIDADE;COMPRAS
51;DOC.074;Descrição de Atividade DA - Modelo;;Descrição de Atividade;Documentos;Lucineide Pereira;0;17/07/2023;17/07/2023;16/07/2026;15/10/2026;Sim;;
52;DOC.075;Padrão Cosmético - RX Referencial - Repro;;Repro;Documentos;Laura Vaz;1;30/07/2024;08/08/2024;08/08/2026;06/11/2026;Sim;;
53;DOC.076;Tolerâncias para Lentes - Repro;;Repro;Documentos;Renata Turri;0;26/07/2023;26/07/2023;24/07/2026;23/10/2026;Sim;;
54;DOC.077;Pilares da Tomada de Decisão - Aprovado, Liberado Sob Concessão ou Reprovado;;Auditoria de Produto;Documentos;Lucineide Pereira;0;04/08/2023;04/08/2023;04/08/2026;03/11/2026;Sim;QUALIDADE;QUALIDADE
55;DOC.078;Priorização de Serviços - Laboratório Sumaré;;Sumaré Laboratório;Documentos;Rafael Medeiros;1;31/10/2023;14/12/2023;13/12/2025;13/03/2026;Sim;;
56;DOC.079;Fluxograma de Processos - Sumaré Laboratório;;Sumaré Laboratório;Documentos;Gustavo Grangeiro;1;30/09/2024;16/10/2024;16/10/2025;14/01/2026;Sim;;
57;DOC.080;DA - Coordenador de Qualidade;;Descrição de Atividade;Documentos;Juliana Costa Barros;0;23/10/2023;27/10/2023;26/10/2025;24/01/2026;Sim;;
58;DOC.081;DA - Gerente Técnico;;Descrição de Atividade;Documentos;Juliana Costa Barros;0;23/10/2023;27/10/2023;26/10/2025;24/01/2026;Sim;;
59;DOC.082;Manual de Compras - Optilab;;Optilab;Documentos;Nickolle Rodrigues;0;21/11/2023;04/12/2023;03/12/2025;03/03/2026;Sim;;
60;DOC.083;Fluxograma de Processos - Optilab;Fluxograma de Processos - Optilab;Optilab;Documentos;Nickolle Rodrigues;1;29/04/2025;30/05/2025;30/05/2026;28/08/2026;Sim;;
61;DOC.084;Gestão de Troca dos Pads (Descarte) - Padrão;;00-Geral SURFACE;Documentos;Jesse Rodrigues;0;01/02/2024;02/02/2024;01/02/2026;02/05/2026;Sim;SURFAÇAGEM;Polimento
62;DOC.085;Manual de compras - Visolab;;Visolab;Documentos;Jaldo Reis;0;09/02/2024;21/02/2024;20/02/2026;21/05/2026;Sim;;
63;DOC.086;Fotos - Cadinho Processo Essilor - Lab Sumaré;;00-Geral AR;Documentos;Miguel Soares Lima;0;21/02/2024;21/02/2024;20/05/2026;20/08/2026;Sim;;
64;DOC.087;Fluxograma de Processos - Visolab;;Visolab;Documentos;Jaldo Reis;2;16/08/2024;16/08/2024;17/08/2026;16/11/2026;Sim;;
65;DOC.088;Fluxo do Rack - Technopark;;Technopark;Documentos;Thiago Francelino;1;09/09/2025;28/10/2025;28/10/2026;26/01/2027;Sim;;
66;DOC.089;Acompanhamento dos Pedidos por Cores - Visolab;;Visolab;Documentos;Jaldo Reis;0;06/05/2024;07/05/2024;07/05/2026;06/08/2026;Sim;;
67;DOC.090;Montagem de Garra - Gabarito;;01-Pré-Inspeção - Preparação;Documentos;Rodrigo Lima;1;18/09/2024;16/10/2024;16/10/2025;14/01/2026;Sim;;
68;DOC.092;Padrão de Envio de Fotos de Lentes para Garantia - Visolab;;Visolab;Documentos;Jaldo Reis;0;17/07/2024;19/07/2024;20/07/2026;19/10/2026;Sim;;
69;DOC.095;Gabarito de Direcionamento - Prisma;;00-Controle de Processo e DSPC;Documentos;Renan Barbosa;0;25/07/2024;30/07/2024;30/07/2026;29/10/2026;Sim;;
70;DOC.101;Organograma - Visolab;;Visolab;Documentos;Jaldo Reis;0;20/08/2024;20/08/2024;20/08/2026;18/11/2026;Sim;;
71;DOC.102;Organograma - Ceditop;;Ceditop;Documentos;Leticia Santos;1;27/09/2025;30/09/2025;30/09/2026;29/12/2026;Sim;;
72;DOC.103;Codificação_Padrão DIG;;Produtos e Informações;Documentos;Lucineide Pereira;0;18/11/2024;22/11/2024;22/11/2025;20/02/2026;Sim;;
73;DOC.104;Processo em Casos de Emergência - Ceditop;;Ceditop;Documentos;Gislaine Teixeira Nobre;0;12/12/2024;18/02/2025;18/02/2026;19/05/2026;Sim;;
74;DOC.106;Gabarito de Utlização de Blue Tape - Fitadeira Manual;;00-Geral;Documentos;Silvano Silva;0;12/02/2025;10/06/2025;10/06/2026;08/09/2026;Sim;;
75;DOC.107;Política de Estoque - Repro;;Repro;Documentos;Laura Vaz;0;12/02/2025;12/02/2025;12/02/2026;21/01/2027;Sim;;
76;DOC.108;Softwares para Validação - Lab Rio;;LabRio;Documentos;Renan Barbosa;0;01/05/2025;05/06/2025;05/06/2026;03/09/2026;Sim;;
77;DOC.109;Critério de Conformidade Cosmética - Lentes Stellest - Lab Rio;;LabRio;Documentos;Renan Barbosa;0;01/05/2025;15/05/2025;15/05/2026;13/08/2026;Sim;;
78;DOC.110;Procedimento para armações Danificadas - Visolab;;Visolab;Documentos;Lealdo dos Santos;0;22/05/2025;29/05/2025;29/05/2026;27/08/2026;Sim;;
79;DOC.111;Softwares para Validação - Visolab;;Visolab;Documentos;Evany Rabelo;0;09/06/2025;25/06/2025;25/06/2026;23/09/2026;Sim;;
80;DOC.113;Organograma - Technopark;Organograma - Technopark;Technopark;Documentos;Rodrigo Lima;0;08/08/2025;04/09/2025;04/09/2026;03/12/2026;Sim;;
81;DOC.114;Leitura do Pedido de Defeito e Quebra no Estoque - Repro;;Repro;Documentos;Debora Rocha;0;28/08/2025;29/08/2025;29/08/2026;27/11/2026;Sim;;
82;DOC.115;Bases Diferentes no Estoque - Repro;;Repro;Documentos;Debora Rocha;0;28/08/2025;29/08/2025;29/08/2026;27/11/2026;Sim;;
83;DOC.116;Avaliação de Conferência Óptica - Lab Rio;;LabRio;Documentos;Renan Barbosa;0;24/09/2025;30/09/2025;30/09/2026;29/12/2026;Sim;;
84;DOC.117;Avaliação de Conferência de Montagem - Lab Rio;"Ajustadas os seguintes itens: - Nome do Documento; - Fotos em linha do texto; - Erros de digitação; - Formatação de texto.";LabRio;Documentos;Renan Barbosa;0;24/09/2025;29/09/2025;29/09/2026;28/12/2026;Sim;;
85;DOC.118;Avaliação de FOG-ID para Lentes com Antirreflexo Crizal e No Reflex - Lab Rio;Documento para usar em treinamento de reciclagem de auditoria de produto.;LabRio;Documentos;Renan Barbosa;0;08/10/2025;13/10/2025;13/10/2026;11/01/2027;Sim;;
86;DEX.002;ISO 9001:2015 - Sistemas de gestão da qualidade - Requisitos;;Normas;Documentos Externos;Vagner Domingos;0;28/02/2019;28/02/2019;19/08/2026;18/11/2026;Sim;;
87;DEX.003;QEE-0335.r13_Seguranca_do_Qualiex_Essilor;;Forlogic - Qualiex;Documentos Externos;Vagner Domingos;0;13/03/2019;13/03/2019;;;Não;;
88;DEX.004;Termos-de-uso Forlogic X Essilor;;Forlogic - Qualiex;Documentos Externos;Vagner Domingos;0;13/03/2019;13/03/2019;;;Não;;
89;DEX.005;Minuta Contrato Padrão Prestação de Serviços;;Forlogic - Qualiex;Documentos Externos;Vagner Domingos;0;13/03/2019;13/03/2019;;;Não;;
90;DEX.006;ABNT NBR ISO.IEC17025 - Requisitos gerais para a competência de laboratórios de ensaio e calibração;;Normas;Documentos Externos;Vagner Domingos;0;08/04/2019;08/04/2019;19/08/2026;17/11/2026;Sim;;
91;DEX.008;ICR08041 - HC Control Plan for Rx Labs;;Rx Referencial;Documentos Externos;José Hamilton;2;14/08/2024;26/08/2024;26/08/2026;24/11/2026;Sim;;
92;DEX.009;ISTM 04025 Rx Optica Specification - Inteiras e cortadas  - Português;;Geral;Documentos Externos;José Hamilton;1;24/08/2020;24/08/2020;;;Não;;
93;DEX.010;ICR08041 - HC Control Plan for Rx Labs;;Geral;Documentos Externos;José Hamilton;1;24/08/2020;24/08/2020;;;Não;;
94;DEX.011;Finished lenses optical standard ISTM 04.025;ISO / ANSI Optical tolerances;Geral;Documentos Externos;Jessika Menacho;3;09/06/2025;12/08/2025;12/08/2026;10/11/2026;Sim;;
95;DEX.012;ISTM04 - 024  - Rx Cosmetic Standard;;Geral;Documentos Externos;Lucineide Pereira;4;02/08/2023;04/08/2023;03/08/2026;03/11/2026;Sim;;
96;DEX.014;IMS18E78 - Criza Easy E-SPF 25 Mithril 1.5 - Côncavo;Rev1 - 22/03/2016;HMC Product Specifications;Documentos Externos;Taís Flores;1;22/03/2016;22/03/2016;;;Não;;
97;DEX.015;IMS18E64 - Crizal Forte UV E-SPF 25 Mithril 1.5 - Côncavo;;HMC Product Specifications;Documentos Externos;Taís Flores;2;22/03/2016;22/03/2016;;;Não;;
98;DEX.016;IMS18E65 - Crizal Forte UV E-SPF 35 Mithril 1.5 - Côncavo;;HMC Product Specifications;Documentos Externos;Taís Flores;3;22/06/2016;22/06/2016;;;Não;;
99;DEX.017;IMS18E59 - Crizal Forte UV E-SPF 35 Mithril 1.5 - Convexo;;HMC Product Specifications;Documentos Externos;Taís Flores;1;20/01/2016;20/01/2016;;;Não;;
100;DEX.018;IMS18F19 - Crizal Forte UV E-SPF 35 Mithril 1.6 - Côncavo;;HMC Product Specifications;Documentos Externos;Taís Flores;2;22/06/2017;22/06/2017;;;Não;;
101;DEX.019;IMS18E65 - Crizal Forte E-SPF 35 Mithril 1.5 - Côncavo;Mesmo documento do Crizal Forte CC;HMC Product Specifications;Documentos Externos;Taís Flores;3;22/06/2016;22/06/2016;;;Não;;
102;DEX.020;IMS18E53 - Crizal Prevência Mithril 1.5 - Convexo;;HMC Product Specifications;Documentos Externos;Taís Flores;3;01/09/2016;01/09/2016;;;Não;;
103;DEX.021;IMS18F19 - Crizal Forte UV E-SPF 35 Mithril 1.6 - Côncavo;;HMC Product Specifications;Documentos Externos;Taís Flores;2;22/06/2017;22/06/2017;;;Não;;
104;DEX.022;IMS18F36 - Crizal Prevência Mithril 1.6 - Convexo;;HMC Product Specifications;Documentos Externos;Taís Flores;1;23/11/2017;23/11/2017;;;Não;;
105;DEX.023;IMS18E98 Crizal Sapphire Mithril 1.5 - Côncavo (LGNASUL UV35);;HMC Product Specifications;Documentos Externos;Taís Flores;1;17/10/2017;17/10/2017;;;Não;;
106;DEX.024;IMS18B54 Crizal Sapphire Mithril 1.5 - Convexo (LGNASUL UV35);;HMC Product Specifications;Documentos Externos;Taís Flores;1;10/03/2017;10/03/2017;;;Não;;
107;DEX.025;IMS18E97 Crizal Sapphire UV E-SPF 35 Mithril 1.6 - Côncavo;;HMC Product Specifications;Documentos Externos;Taís Flores;1;15/12/2016;15/12/2016;;;Não;;
108;DEX.026;IMS18F20  Crizal Sapphire UV E-SPF 35 Mithril 1.6 - Convexo;;HMC Product Specifications;Documentos Externos;Taís Flores;1;15/09/2017;15/09/2017;;;Não;;
109;DEX.027;IMS18E67 CR39_MITHRIL_1.5_MC3_RX;;HMC Product Specifications;Documentos Externos;Taís Flores;1;28/01/2016;28/01/2016;;;Não;;
110;DEX.030;IMS18F19 - Crizal Forte UV E-SPF 35 Mithril 1.6 - Côncavo;;HMC Product Specifications;Documentos Externos;Taís Flores;2;22/06/2017;22/06/2017;;;Não;;
111;DEX.033;Manual de aplicação 5S;;07-MELHORIA CONTÍNUA;Documentos Externos;Humberto Serra - Lab Rio;0;08/10/2020;03/12/2020;09/07/2026;08/10/2026;Não;QUALIDADE;5S
112;DEX.034;ABNT NBR ISO13485:2016 - Produtos para saúde - Sistemas de gestão da qualidade - Requisitos para fins regulamentares;;Normas;Documentos Externos;Taís Flores;0;12/11/2020;12/11/2020;18/05/2026;17/08/2026;Sim;;
113;DEX.035;Cross Hatch Adhesion Test for Hard Coating - ISTM-02-010;;04-Testes;Documentos Externos;Taís Flores;8;11/03/2025;11/03/2025;11/03/2026;09/06/2026;Sim;;
114;DEX.036;Tabela de Incompatibilidade;Anexo 2;Gestão de Resíduos;Documentos Externos;Aleksander Oliveira;0;08/04/2021;12/04/2021;;;Sim;;
115;DEX.038;Rótulos de Classe I  e Recicláveis;Inserido como DEX;Gestão de Resíduos;Documentos Externos;Aleksander Oliveira;0;12/04/2021;13/04/2021;13/10/2025;29/12/2025;Sim;;
116;DEX.039;ABNT NBR ISO 8980-2:2021 Parte 2: Especificações para lentes de potência variável;Óptica oftálmica - Lentes para óculos acabadas e não cortadas Parte 2: Especificações para lentes de potência variável;Normas;Documentos Externos;Taís Flores;1;04/09/2023;04/09/2023;04/09/2025;04/12/2025;Sim;;
117;DEX.040;DIP PROCESSES PARAMETERS - HC - DO-ENG02.0488;DO-ENG(02) OPERATING MODE.0488_15 DIP PROCESSES PARAMETERS.docx - DO-ENG(02) OPERATING MODE.0488_15 (1);02-HC;Documentos Externos;Taís Flores;15;30/06/2021;30/06/2021;30/06/2026;29/09/2026;Sim;Doc's de Referência do STL;HC
118;DEX.041;NR05 - COMISSÃO INTERNA DE PREVENÇÃO DE ACIDENTES E DE ASSÉDIO - CIPA;NR 05 - Comissão interna de prevenção de acidentes NR05-COMISSÃOINTERNADEPREVENÇÃODEACIDENTESEDEASSÉDIO-CIPA(PortariaMTPnº4.219,de20dedezembrode2022-Títuloqueentraemvigornodia 20demarçode2023);Normas;Documentos Externos;Taís Flores;1;04/09/2023;04/09/2023;04/09/2025;04/12/2025;Sim;;
119;DEX.042;ICR08043 - ICR Titanium;;Geral;Documentos Externos;Taís Flores;1;27/07/2021;27/07/2021;03/11/2025;02/02/2026;Sim;;
120;DEX.043;DQO 04.020 - Standard for Storage and Transportations of lenses NEW Rev10;;Geral;Documentos Externos;Taís Flores;1;30/01/2023;30/01/2023;30/01/2026;30/04/2026;Sim;;
121;DEX.044;IMS 18253 - Validade Materiais Produtos;;Geral;Documentos Externos;Taís Flores;2;24/08/2021;24/08/2021;03/11/2025;02/02/2026;Sim;;
122;DEX.045;DQO-07.527 - Tracking Code Description;;Geral;Documentos Externos;Taís Flores;1;10/04/2024;06/05/2024;06/05/2026;05/08/2026;Sim;;
123;DEX.046;Specs - HVAC - HMC - Clean Room for HMC Processes;;Geral;Documentos Externos;Taís Flores;1;17/01/2019;26/08/2021;02/02/2026;02/05/2026;Sim;;
124;DEX.048;ISTM 01 - 002 E - Cosmetic Defect Glossary;;Geral;Documentos Externos;Taís Flores;3;10/09/2021;10/09/2021;08/01/2026;08/04/2026;Sim;;
125;DEX.049;ISTM 02- 020 - Inspeção Cosmética;;Geral;Documentos Externos;Taís Flores;4;10/09/2021;10/09/2021;12/09/2025;05/01/2026;Sim;;
126;DEX.050;ISTM 02 - 373 - Rx Cosmetic Inspection;;Geral;Documentos Externos;Taís Flores;1;10/09/2021;10/09/2021;12/09/2025;05/01/2026;Sim;;
127;DEX.051;NBR 5426 Nb 309 01 - Planos Amostragem Procedimentos Inspeção Atributos;;Normas;Documentos Externos;Taís Flores;0;15/09/2021;15/09/2021;03/06/2026;02/09/2026;Sim;;
128;DEX.052;Portaria GM MS Nº 888, de 4 de maio de 2021;;Higienização;Documentos Externos;Aleksander Oliveira;0;27/09/2021;07/12/2021;27/09/2025;28/11/2025;Sim;;
129;DEX.053;Programa de Proteção Respiratória - Fundacentro;;Programa de Proteção Respiratória;Documentos Externos;Fabricio Cunha;0;27/09/2021;07/12/2021;27/09/2025;27/12/2025;Sim;;
130;DEX.054;NR 6 - Equipamento de Proteção Individual;;Programa de Proteção Respiratória;Documentos Externos;Fabricio Cunha;1;17/04/2024;18/04/2024;20/04/2026;20/07/2026;Sim;;
131;DEX.055;NR 01 - Disposições Gerais e Gerenciamento de Riscos Ocupacionais;;Programa de Proteção Respiratória;Documentos Externos;Fabricio Cunha;1;17/04/2024;22/08/2024;21/08/2026;19/11/2026;Sim;;
132;DEX.056;Workflow Novo Produto_v2003_V10_2;;Qualidade;Documentos Externos;Taís Flores;10;07/10/2021;07/10/2021;14/08/2026;13/11/2026;Sim;QUALIDADE;QUALIDADE
133;DEX.057;Solicitação de procedimento LIMS (português);;08-EQC;Documentos Externos;Maurício Acioli;2;01/11/2021;03/11/2021;03/02/2026;03/05/2026;Sim;;
134;DEX.058;General Specifications for Ventilation and air-conditionning in HMC Clean Rooms (Process Rooms);;02-HC;Documentos Externos;Nathália Brandão;1;17/01/2019;17/01/2019;09/02/2026;09/05/2026;Sim;Doc's de Referência do STL;HC
135;DEX.059;Lab Product Resume - Produtos Calculados pelo ADOC;;Resumo do Produto;Documentos Externos;Thiago Ribeiro;0;17/12/2021;27/12/2021;27/09/2025;05/01/2026;Sim;;
136;DEX.060;Lab Product Resume - Produtos Calculados pelo SCG;;Resumo do Produto;Documentos Externos;Thiago Ribeiro;0;17/12/2021;27/12/2021;27/09/2025;05/01/2026;Sim;;
137;DEX.061;NR 10 - Segurança em Instalações e Serviços em Eletricidade;;LOTO - Bloqueio e Etiquetagem;Documentos Externos;Rodrigo Braga;0;28/12/2021;28/12/2021;09/06/2026;08/09/2026;Sim;;
138;DEX.062;Lock-Out Tag-Out;;LOTO - Bloqueio e Etiquetagem;Documentos Externos;Rodrigo Braga;0;28/12/2021;28/12/2021;09/06/2026;08/09/2026;Sim;;
139;DEX.063;Workplace Risk Assessment;;Análise de Riscos;Documentos Externos;Rodrigo Braga;0;28/12/2021;03/01/2022;09/06/2026;08/09/2026;Sim;;
140;DEX.064;Emergency Procedures;;PAE - Plano de Atendimento a Emergência;Documentos Externos;Rodrigo Braga;0;28/12/2021;28/12/2021;09/06/2026;08/09/2026;Sim;;
141;DEX.065;Fire Prevention and Response;;PAE - Plano de Atendimento a Emergência;Documentos Externos;Rodrigo Braga;1;28/12/2021;23/02/2022;09/06/2026;08/09/2026;Sim;;
142;DEX.066;Confined Spaces;;Trabalhos Perigosos;Documentos Externos;Rodrigo Braga;1;28/12/2021;23/02/2022;09/06/2026;08/09/2026;Sim;;
143;DEX.067;Hot Work;;Trabalhos Perigosos;Documentos Externos;Rodrigo Braga;1;28/12/2021;23/02/2022;09/06/2026;08/09/2026;Sim;;
144;DEX.068;Work at Height;;Trabalhos Perigosos;Documentos Externos;Rodrigo Braga;1;28/12/2021;23/02/2022;09/06/2026;08/09/2026;Sim;;
145;DEX.069;NR 33 - Segurança e Saúde nos Trabalhos em Espaços Confinados;;Trabalhos Perigosos;Documentos Externos;Rodrigo Braga;0;28/12/2021;23/02/2022;09/06/2026;08/09/2026;Sim;;
146;DEX.070;NR 35 - Trabalho em Altura;;Trabalhos Perigosos;Documentos Externos;Rodrigo Braga;0;28/12/2021;23/02/2022;09/06/2026;08/09/2026;Sim;;
147;DEX.071;Lei Nº 6.367, de 19 de Outubro de 1976;;Comunicações de Acidentes;Documentos Externos;Rodrigo Braga;0;28/12/2021;28/12/2021;09/06/2026;09/09/2026;Sim;;
148;DEX.072;Lei Nº 6.514, de 22 de Dezembro de 1977;;Comunicações de Acidentes;Documentos Externos;Rodrigo Braga;0;28/12/2021;28/12/2021;09/06/2026;08/09/2026;Sim;;
149;DEX.073;Lei Nº 8.213, de 24 de Julho de 1991;;Comunicações de Acidentes;Documentos Externos;Rodrigo Braga;0;28/12/2021;28/12/2021;09/06/2026;08/09/2026;Sim;;
150;DEX.074;Design and Use Of;;EMS - Segurança em Máquinas e Equipamentos;Documentos Externos;Rodrigo Braga;0;28/12/2021;28/12/2021;09/06/2026;08/09/2026;Sim;;
151;DEX.075;Essilor Machinery Safety Policy;;EMS - Segurança em Máquinas e Equipamentos;Documentos Externos;Rodrigo Braga;0;28/12/2021;28/12/2021;09/06/2026;08/09/2026;Sim;;
152;DEX.076;NR-12 - Segurança no Trabalho em Máquinas e Equipamentos;;EMS - Segurança em Máquinas e Equipamentos;Documentos Externos;Rodrigo Braga;0;28/12/2021;10/02/2022;09/06/2026;08/09/2026;Sim;EHS;#Proteção em Máquinas e Equipamentos
153;DEX.148;EMS - Acceptance Report;;EMS - Segurança em Máquinas e Equipamentos;Documentos Externos;Rodrigo Braga;0;28/12/2021;10/02/2022;09/06/2026;08/09/2026;Sim;;
154;DEX.149;Essilor Machinery Safety Guide;;EMS - Segurança em Máquinas e Equipamentos;Documentos Externos;Rodrigo Braga;0;28/12/2021;10/02/2022;09/06/2026;08/09/2026;Sim;;
155;DEX.150;Pre-Risk Assessment;;EMS - Segurança em Máquinas e Equipamentos;Documentos Externos;Rodrigo Braga;0;28/12/2021;10/02/2022;09/06/2026;08/09/2026;Sim;;
156;DEX.151;Verificação de Alinhamento de Aro;;Montagem e Inspeção;Documentos Externos;Nathália Brandão;0;18/01/2022;31/01/2022;09/06/2026;08/09/2026;Sim;MONTAGEM;Encaixe
157;DEX.152;Measurement of the Solid Content - HC - DO-ENG02.0476;;04-Testes;Documentos Externos;Nathália Brandão;8;11/03/2025;11/03/2025;11/03/2026;11/06/2026;Sim;Doc's de Referência do STL;HC
158;DEX.153;Measurement of Viscosity - HC - DO-ENG02.0838;;04-Testes;Documentos Externos;Nathália Brandão;6;11/03/2025;11/03/2025;11/03/2026;09/06/2026;Sim;Doc's de Referência do STL;HC
159;DEX.154;New Strip-K Formulation -  DO-ENGENG 02.1346;;02-HC;Documentos Externos;Carlos Anselme;4;19/04/2022;20/09/2022;13/09/2025;13/12/2025;Sim;Doc's de Referência do STL;HC
160;DEX.156;DO-ENG02-1745 - Reception of Varnish and Primer Carboys e Incoming Tests;;02-HC;Documentos Externos;Aluney Junior;5;20/03/2024;17/04/2024;17/04/2025;24/07/2026;Sim;Doc's de Referência do STL;HC
161;DEX.157;Mithril 1.6 Maintenance - DO-ENG02.1348;;02-HC;Documentos Externos;Carlos Anselme;12;02/04/2025;02/04/2025;02/04/2026;02/07/2026;Sim;Doc's de Referência do STL;HC
162;DEX.158;Chemical Solutions Preparation Methods for Dip Processes - DO-ENG02.484;;02-HC;Documentos Externos;Carlos Anselme;8;19/04/2022;20/09/2022;07/07/2026;06/10/2026;Sim;Doc's de Referência do STL;HC
163;DEX.159;Preparation of Newstrip solution from C/11 Concentrated - DO-ENG02.1378;;02-HC;Documentos Externos;Carlos Anselme;2;19/04/2022;20/09/2022;07/07/2026;06/11/2026;Sim;Doc's de Referência do STL;HC
164;DEX.161;Preparation and Maintenance of J2L9 Solution in Rx Hard Coat Production;;02-HC;Documentos Externos;Carlos Anselme;2;20/04/2022;20/09/2022;07/07/2026;06/11/2026;Sim;Doc's de Referência do STL;HC
165;DEX.162;Water guideline in HC process - DO-ENG02.1324;;02-HC;Documentos Externos;Carlos Anselme;4;20/04/2022;20/09/2022;01/06/2026;31/08/2026;Sim;Doc's de Referência do STL;HC
166;DEX.165;Manual de Compras Essilor - Orgalent;;LabRio;Documentos Externos;Nathália Brandão;2;06/05/2022;18/10/2022;20/09/2025;21/12/2025;Não;;
167;DEX.166;Modelo NOE NORIA Acompanhamento DO-ENG02.1348;;02-HC;Documentos Externos;Carlos Anselme;0;24/05/2022;25/11/2024;25/11/2025;23/02/2026;Sim;;
168;DEX.169;Nova Formulação de Strip-K - DO-ENGENG 02.1346;;02-HC;Documentos Externos;Carlos Anselme;4;24/05/2022;10/10/2023;09/10/2025;07/01/2026;Sim;;
169;DEX.172;Métodos de Preparação de Soluções Químicas para Processos de Mergulho - DO-ENG02.484;;02-HC;Documentos Externos;Carlos Anselme;8;24/05/2022;10/10/2023;09/10/2025;07/01/2026;Sim;;
170;DEX.173;Preparação de solução de Newstrip de C/11 Concentrado - DO-ENG02.1378;;02-HC;Documentos Externos;Carlos Anselme;2;24/05/2022;10/10/2023;09/10/2025;07/01/2026;Sim;;
171;DEX.174;Preparação e Manutenção da Solução J2L9 na Produção de Revestimento Duro Rx;;02-HC;Documentos Externos;Carlos Anselme;3;02/12/2024;30/12/2024;30/12/2025;30/03/2026;Sim;;
172;DEX.175;Diretriz de água no processo HC - DO-ENG02.1324;;02-HC;Documentos Externos;Carlos Anselme;4;24/05/2022;10/10/2023;09/10/2025;07/01/2026;Sim;;
173;DEX.176;NR 24 - Condições Sanitárias e de Conforto nos Locais de Trabalho;;Higienização;Documentos Externos;Taís Flores;0;27/05/2022;27/05/2022;27/05/2026;26/08/2026;Sim;;
174;DEX.178;ISTM 02258 - user_guide_SMR Thickness;;04-Testes;Documentos Externos;Taís Flores;0;10/07/2017;10/07/2017;29/05/2026;28/08/2026;Sim;Doc's de Referência do STL;Testes
175;DEX.179;ISTM 09-069-05-EF - Selection of crown for reflectance measurement with SMR;;04-Testes;Documentos Externos;Taís Flores;5;10/06/2022;10/06/2022;11/11/2025;10/02/2026;Sim;Doc's de Referência do STL;Testes
176;DEX.181;ABNT NBR ISO 8980-1:2021 Parte 1: Especificações para lentes de visão simples e multifocal;;Normas;Documentos Externos;Taís Flores;1;04/09/2023;04/09/2023;04/09/2025;04/12/2025;Sim;;
177;DEX.182;ABNT NBR ISO 8980-3:2024 Parte 3: Especificações de transmitância e métodos de ensaio;Óptica oftálmica - Lentes para óculos acabadas e não cortadas Parte 3: Especificações de transmitância e métodos de ensaio;Normas;Documentos Externos;Taís Flores;2;08/10/2025;08/10/2025;;;Sim;;
178;DEX.183;Crizal Prevencia UV35 Mithril 1.6 - DO-ENG02.0850;;03-Antirreflexo;Documentos Externos;Alvaro Christofoli;2;02/09/2022;10/10/2023;09/10/2025;07/01/2026;Sim;Doc's de Referência do STL;Anti-Reflexo
179;DEX.184;LEI Nº 12.903, DE 14 DE JANEIRO DE 2008 - Constituição do Estado - RS;;Regulatório;Documentos Externos;Taís Flores;0;14/12/2022;14/12/2022;14/12/2025;14/03/2026;Sim;;
180;DEX.188;AR Color Distribution Control;;03-Antirreflexo;Documentos Externos;Matheus Silva;3;22/05/2023;03/07/2023;02/07/2026;01/10/2026;Sim;HMC;Antirreflexo
181;DEX.189;P 8.1-06 V01 - Gerenciamento de Resíduos Industriais;;Sumaré - EHS;Documentos Externos;Taís Flores;1;17/05/2023;17/05/2023;18/05/2026;17/08/2026;Sim;;
182;DEX.190;P 8.1-08 V01 - Infor. Segurança Produtos Químicos;;Sumaré - EHS;Documentos Externos;Taís Flores;1;17/05/2023;17/05/2023;18/05/2026;17/08/2026;Sim;;
183;DEX.191;P 8.1-16 V01 Utilização de EPIs;;Sumaré - EHS;Documentos Externos;Taís Flores;1;17/05/2023;17/05/2023;18/05/2026;17/08/2026;Sim;;
184;DEX.192;ABNT NBR ISO 31000:2018 - Gestão de Riscos - Diretrizes;;Normas;Documentos Externos;Taís Flores;2;18/05/2023;18/05/2023;18/05/2026;17/08/2026;Sim;;
185;DEX.193;Vocabulário Internacional de Metrologia - (VIM 2012);;Normas;Documentos Externos;Taís Flores;1;18/05/2023;18/05/2023;18/05/2026;17/08/2026;Sim;;
186;DEX.196;Leak Rate Package for AR in Mass Production and Rx;;03-Antirreflexo;Documentos Externos;Matheus Silva;2;05/04/2024;16/04/2024;16/04/2026;15/07/2026;Sim;Doc's de Referência do STL;Anti-Reflexo
187;DEX.197;Certificado de Regularidade Técnica - Óptico - Repro - MAURILIO ROBERTO PEREIRA;;Regulatório;Documentos Externos;Taís Flores;2;14/03/2025;13/06/2025;13/06/2026;11/09/2026;Sim;;
188;DEX.201;Decreto Nº 5711 - 23/05/2002 do Paraná PR codigo estado;;Regulatório;Documentos Externos;Taís Flores;0;24/05/2023;24/05/2023;25/05/2026;24/08/2026;Sim;;
189;DEX.202;Certificado de Regularidade Técnica - Óptico - Optilab - RICARDO MARCEL CABRAL DE OLIVEIRA;;Regulatório;Documentos Externos;Taís Flores;2;20/12/2024;20/12/2024;20/12/2025;20/03/2026;Sim;;
190;DEX.203;Certificado de Regularidade Técnica - Óptico - Optilab - MARCIO AUGUSTO MARTINS;;Regulatório;Documentos Externos;Taís Flores;2;20/12/2024;20/12/2024;25/11/2026;25/11/2026;Sim;;
191;DEX.204;Decreto Estadual Nº 12.479 de 18 de outubro de 1978 - ESTADO DE SÃO PAULO;;Regulatório;Documentos Externos;Taís Flores;0;24/05/2023;24/05/2023;25/05/2026;24/08/2026;Sim;;
192;DEX.205;Decreto Nº 5711 - 23/05/2002 do Paraná PR codigo estado;;Regulatório;Documentos Externos;Taís Flores;0;24/05/2023;24/05/2023;25/05/2026;24/08/2026;Sim;;
193;DEX.207;Certificado de Regularidade Técnica - Óptico - Ceditop - Luiz Fernando Sturmer;;Regulatório;Documentos Externos;Taís Flores;2;13/02/2025;29/04/2025;29/04/2026;28/07/2026;Sim;;
194;DEX.209;Decreto nº 24.492, de 28 de junho de 1934;;Regulatório;Documentos Externos;Taís Flores;0;24/05/2023;24/05/2023;25/05/2026;24/08/2026;Sim;;
195;DEX.210;Ion Gun - 7 Passos de Rotina (MARK II e II+);;03-Antirreflexo;Documentos Externos;Matheus Silva;3;30/05/2023;03/07/2023;02/07/2026;01/10/2026;Sim;HMC;ION GUN
196;DEX.211;Lei  Nº 18.561, de 21 de Dezembro de 2022;;Regulatório;Documentos Externos;Taís Flores;0;31/05/2023;31/05/2023;01/06/2026;28/08/2026;Sim;;
197;DEX.212;Decreto N. 24.492, de 28 de Junho de 1934 - RJ;;Regulatório;Documentos Externos;Taís Flores;0;31/05/2023;31/05/2023;01/06/2026;28/08/2026;Sim;;
198;DEX.213;Dispensa de Licença Vigilância Sanitária - Technopark;;Regulatório;Documentos Externos;Taís Flores;0;01/06/2023;01/06/2023;;;Não;;
199;DEX.214;Gerenciamento do Cabeçote do Cristal de Quartzo e sua Manutenção para Máquina de AR - DO-ENG-021011;;03-Antirreflexo;Documentos Externos;Matheus Silva;0;06/06/2023;03/07/2023;02/07/2026;01/10/2026;Sim;HMC;Anti-Reflexo: STL
200;DEX.216;Medição de Densidade de Potência Ultra-Sônica para Máquina SCL - DO-ENG-02OPR-00659;;02-HC;Documentos Externos;Matheus Silva;1;03/07/2023;10/10/2023;09/10/2025;07/01/2026;Sim;HMC;Anti-Reflexo: STL
201;DEX.217;Medição de Densidade de Potência Ultrassônica para Máquina LVM e D - DO-ENG02-0891;;02-HC;Documentos Externos;Matheus Silva;3;03/07/2023;10/10/2023;09/10/2025;07/01/2026;Sim;HMC;Anti-Reflexo: STL
202;DEX.218;Configuração do SiO2 Material - ENG-02-161;;03-Antirreflexo;Documentos Externos;Matheus Silva;2;03/07/2023;10/10/2023;09/10/2025;07/01/2026;Sim;HMC;Anti-Reflexo: STL
203;DEX.220;Modo de Operação - Configuração do material ZrO2 - DO-ENG-02-630;;03-Antirreflexo;Documentos Externos;Matheus Silva;2;03/07/2023;10/10/2023;09/10/2025;07/01/2026;Sim;HMC;Anti-Reflexo: STL
204;DEX.221;Ta2O5 (Pentóxido de Tântalo, Tântalo(V)-Óxido) - Arquivo de configuração de material - DO-ENG-02-1313;;03-Antirreflexo;Documentos Externos;Matheus Silva;6;03/07/2023;10/10/2023;09/10/2025;07/01/2026;Sim;HMC;Anti-Reflexo: STL
205;DEX.222;Rx Manufacturing Referential - GIB/BIG System;;Auditoria de Produto;Documentos Externos;Lucineide Pereira;1;04/08/2023;04/08/2023;03/08/2026;03/11/2026;Sim;;
206;DEX.223;ISTM 03 - 020 - Visual Inspection - Lens Inspection Checking Operation Mode;;Geral;Documentos Externos;Lucineide Pereira;3;04/08/2023;04/08/2023;03/08/2026;03/11/2026;Sim;;
207;DEX.224;DSX Top Coat Checking Using The Magic INK Nº500 Pen;;Geral;Documentos Externos;Lucineide Pereira;3;08/08/2023;11/08/2023;10/08/2026;09/11/2026;Sim;;
208;DEX.225;KY-130 Top Coat Checking Using The Mc Kee Zebra Pen;;Geral;Documentos Externos;Lucineide Pereira;2;08/08/2023;11/08/2023;10/08/2026;09/11/2026;Sim;;
209;DEX.226;Spectral Reflectance Measurement of Lenses With SMR - ISTM 02-016;;04-Testes;Documentos Externos;Lucineide Pereira;0;15/03/2023;17/03/2023;09/06/2026;08/09/2026;Sim;Doc's de Referência do STL;Testes
210;DEX.227;New SMR Validation;;04-Testes;Documentos Externos;Lucineide Pereira;1;20/03/2018;28/03/2018;10/08/2026;09/11/2026;Sim;Doc's de Referência do STL;Testes
211;DEX.228;ISTM 02-036 - Installation Guide SMR - System of Measurements by Reflection of AR Coatings;;04-Testes;Documentos Externos;Taís Flores;8;01/03/2017;01/03/2017;10/08/2026;09/11/2026;Sim;Doc's de Referência do STL;Testes
212;DEX.230;Aquisição (Materiais/Serviços) - Laboratório Sumaré;;Sumaré Laboratório;Documentos Externos;Denise Miranda;0;21/08/2023;21/08/2023;20/08/2026;18/11/2026;Sim;;
213;DEX.231;ISTM 02-026 - Operating Mode RCO2 Test;;04-Testes;Documentos Externos;Lucineide Pereira;2;14/05/2018;30/05/2018;28/08/2025;28/11/2025;Sim;Doc's de Referência do STL;Testes
214;DEX.233;ISTM 09-146 - RCO2 Test;;04-Testes;Documentos Externos;Lucineide Pereira;1;16/02/2016;16/02/2016;28/08/2025;28/11/2025;Sim;Doc's de Referência do STL;Testes
215;DEX.234;ISTM 09-018 - Ink Test;;04-Testes;Documentos Externos;Lucineide Pereira;2;03/05/2018;03/05/2018;28/08/2025;28/11/2025;Sim;Doc's de Referência do STL;Testes
216;DEX.235;ISTM 09-082 - Ink Test;;04-Testes;Documentos Externos;Lucineide Pereira;3;06/07/2018;06/07/2018;28/08/2025;28/11/2025;Sim;Doc's de Referência do STL;Testes
217;DEX.236;NX 10 Blows Test - ISTM-02-011;;04-Testes;Documentos Externos;Lucineide Pereira;9;11/03/2025;11/03/2025;11/03/2026;11/06/2026;Sim;Doc's de Referência do STL;Testes
218;DEX.238;ABNT NBR ISO 8980-4:2013 Parte 4: Especificações e métodos de ensaio para revestimentos antirrefletivos;Válida a apartir de 08.12.2013 Óptica oftálmica — Lentes para óculos acabadas e não cortadas Parte 4: Especificações e métodos de ensaio para revestimentos antirrefletivos;Normas;Documentos Externos;Taís Flores;1;04/09/2023;04/09/2023;03/09/2025;02/12/2025;Sim;;
219;DEX.239;ABNT NBR ISO 8980-5:2022 Parte 5: Requisitos mínimos para superfícies de lentes para óculos resistentes à abrasão;Óptica oftálmica - Lentes para óculos acabadas e não cortadas Parte 5: Requisitos mínimos para superfícies de lentes para óculos resistentes à abrasão;Normas;Documentos Externos;Taís Flores;1;04/09/2023;04/09/2023;03/09/2025;02/12/2025;Sim;;
220;DEX.241;UV Monitoring Procedure - DO-ENG-02OPR-00529;;Doc;Documentos Externos;José Roberto;2;08/04/2022;08/04/2022;08/09/2025;27/12/2025;Sim;;
221;DEX.242;ART Blocker Glue Consumption;;Doc;Documentos Externos;José Roberto;1;17/12/2018;17/12/2018;27/09/2025;27/12/2025;Sim;;
222;DEX.243;Chuck Positioning Control - DO-ENG02.567;;Doc;Documentos Externos;José Roberto;5;06/01/2022;06/01/2022;06/09/2025;06/12/2025;Sim;;
223;DEX.244;Coolant Guidelines - DO-ENG02.1477;;Doc;Documentos Externos;José Roberto;11;25/11/2022;25/11/2022;25/11/2025;23/02/2026;Sim;;
224;DEX.245;Generator Calibration Procedure - DO-ENG02.0814;;Doc;Documentos Externos;José Roberto;8;24/04/2022;24/04/2022;24/09/2025;23/12/2025;Sim;;
225;DEX.246;Surface Quality Evaluation Gloss Meter Device - DO-ENG02.904;;Doc;Documentos Externos;José Roberto;3;13/01/2016;13/01/2016;15/09/2026;14/12/2026;Sim;;
226;DEX.247;VFT Orbit 1 Plano Calibration Procedure - DO-ENG-02OPR-00532;;Doc;Documentos Externos;José Roberto;2;23/05/2022;23/05/2022;23/09/2025;23/12/2025;Sim;;
227;DEX.248;VFT Orbit 2 Auto Calibration Procedure - DO-ENG02.903;;Doc;Documentos Externos;José Roberto;2;22/03/2022;22/03/2022;22/09/2025;20/12/2025;Sim;;
228;DEX.249;VFT Refrigerant Guidelines - DO-ENG02.1724;;Doc;Documentos Externos;José Roberto;3;07/10/2022;07/10/2022;07/10/2025;05/01/2026;Sim;;
229;DEX.250;VFT Orbit Preventive Maintenance - DO-ENG02.0897;;Doc;Documentos Externos;José Roberto;3;24/08/2020;24/08/2020;24/08/2026;23/11/2026;Sim;;
230;DEX.251;VFT Orbit Fast Tool Holder Adjustment - DO-ENG02.1653;;Doc;Documentos Externos;José Roberto;4;09/11/2021;09/11/2021;09/11/2025;07/02/2026;Sim;;
231;DEX.252;VFT Orbit 2 Plano Calibration Procedure - DO-ENG-02OPR-00527;;Doc;Documentos Externos;José Roberto;2;21/05/2022;21/05/2022;22/11/2025;19/12/2025;Sim;;
232;DEX.253;ICR08049 - Vx XR_v1_30052023 - VARILUX XR SERIES;;Geral;Documentos Externos;Taís Flores;1;02/10/2023;02/10/2023;01/10/2025;30/12/2025;Sim;;
233;DEX.254;ART Deblocker - Gripper Force Measurement - DO-ENG-02OPR-00279;;Doc;Documentos Externos;José Roberto;0;01/12/2019;01/12/2019;22/11/2025;21/02/2026;Sim;;
234;DEX.256;ART Deblocker - Ultra Sonic Cleaning Conditions - DO-ENG-02OPR-00525;;Doc;Documentos Externos;José Roberto;0;22/11/2023;22/11/2023;21/11/2025;19/02/2026;Sim;;
235;DEX.257;ART Deblocker - Preventive Maintenance;;Doc;Documentos Externos;José Roberto;0;01/10/2022;01/11/2023;31/10/2025;29/01/2026;Sim;;
236;DEX.258;Lensmappers - Verification with Standard Mineral Lenses;;Doc;Documentos Externos;José Roberto;2;14/06/2022;14/06/2022;22/11/2025;21/02/2026;Sim;;
237;DEX.259;Coating Tank Caustic Cleaning in D-Machines - DO-ENG02.1486;;02-HC;Documentos Externos;Carlos Anselme;2;23/11/2023;26/02/2024;25/02/2026;26/05/2026;Sim;Doc's de Referência do STL;HC
238;DEX.260;Limpeza Cáustica de Tanques de Primer e Revestimento em D-Machines - DO-ENG02.1486;;02-HC;Documentos Externos;Matheus Silva;3;28/05/2025;28/08/2025;28/08/2026;26/11/2026;Sim;;
239;DEX.261;Automated Taping Machine - DO-ENG02.0892;;Doc;Documentos Externos;José Roberto;2;26/06/2014;26/06/2014;26/06/2026;25/09/2026;Sim;;
240;DEX.262;CLBS - Camera Delay Troubleshooting;;Doc;Documentos Externos;José Roberto;0;01/01/2014;01/01/2014;01/04/2026;01/07/2026;Sim;;
241;DEX.263;CLBS1 - Operating Mode;;Doc;Documentos Externos;José Roberto;1;10/04/2012;10/04/2012;10/04/2026;09/07/2026;Sim;;
242;DEX.264;CLBS2 - Montagem Porta;;Doc;Documentos Externos;José Roberto;2;01/01/2013;01/01/2013;01/04/2026;01/07/2026;Sim;;
243;DEX.265;CLBS2 - Operating Mode;;Doc;Documentos Externos;José Roberto;1;10/04/2012;10/04/2012;10/04/2026;09/07/2026;Sim;;
244;DEX.266;iCLBS2 - Acceptance and Daily Checking;;Doc;Documentos Externos;José Roberto;0;01/08/2022;01/08/2022;17/10/2025;19/01/2026;Sim;;
245;DEX.267;iCLBS1 - Operating mode;;Doc;Documentos Externos;José Roberto;0;28/05/2014;11/06/2014;11/06/2026;10/09/2026;Sim;;
246;DEX.268;CLBS - Installation Guide;;Doc;Documentos Externos;José Roberto;0;23/11/2023;23/11/2023;22/11/2025;20/02/2026;Sim;;
247;DEX.269;CLBS - Maintenance Guide;;Doc;Documentos Externos;José Roberto;0;23/11/2023;23/11/2023;22/11/2025;20/02/2026;Sim;;
248;DEX.270;CLBS - User Guide;;Doc;Documentos Externos;José Roberto;0;23/11/2023;23/11/2023;22/11/2025;20/02/2026;Sim;;
249;DEX.271;iCLBS1 - Software Setup Procedure and Barcode Reader Settings;;Doc;Documentos Externos;José Roberto;0;09/05/2014;11/06/2014;11/06/2026;10/09/2026;Sim;;
250;DEX.272;Rx Consumables Catalog - DO-ENG-10CAT-00020;;Doc;Documentos Externos;José Roberto;1;01/04/2024;01/04/2024;01/04/2026;01/07/2026;Sim;;
251;DEX.273;DSPC - Measurement with a DLM - DO-ENG02.1034;;Doc;Documentos Externos;José Roberto;2;23/11/2023;23/11/2023;22/11/2025;20/02/2026;Sim;;
252;DEX.274;DSPC - Sphere Error at PRP Monitoring - DO-ENG09.0269;;Doc;Documentos Externos;José Roberto;0;23/11/2023;23/11/2023;22/11/2025;20/02/2026;Sim;;
253;DEX.276;PRA - Nikon Black Insert Drawing;;Doc;Documentos Externos;José Roberto;0;23/11/2023;23/11/2023;22/11/2025;20/02/2026;Sim;;
254;DEX.277;PRA - Essilor Pin Drawing;;Doc;Documentos Externos;José Roberto;0;23/11/2023;23/11/2023;22/11/2025;20/02/2026;Sim;;
255;DEX.278;PRA - Calibration and Control - DO-ENG02-0568;;Doc;Documentos Externos;Nathália Brandão;7;23/09/2022;23/09/2022;23/09/2025;22/12/2025;Sim;;
256;DEX.279;WW RX Optical Standard;;Francês;Documentos Externos;Edgar Casallas;0;01/09/2007;01/09/2007;31/08/2025;29/11/2025;Sim;;
257;DEX.280;Certificado de Regularidade Técnica - Óptico - Sumaré Laboratório - Karina Cristina Ribeiro;;Regulatório;Documentos Externos;Nathália Brandão;4;14/10/2025;21/10/2025;;;Sim;;
258;DEX.281;Tampografia de Lentes Ray-Ban - Sumaré Laboratório;;Sumaré Laboratório;Documentos Externos;Jesse Rodrigues;0;19/12/2023;20/12/2023;19/12/2025;19/03/2026;Sim;;
259;DEX.282;Gravação Ez Marker Lentes Ray-Ban - Sumaré Laboratório;;Sumaré Laboratório;Documentos Externos;Jesse Rodrigues;0;19/12/2023;20/12/2023;19/12/2025;19/03/2026;Sim;;
260;DEX.283;MadgeTech Temperature for Check Pre-Cure and Post-Cure Ovens - DO-ENG02-1989;;03-Antirreflexo;Documentos Externos;Matheus Silva;3;08/01/2024;26/02/2024;25/02/2026;26/05/2026;Sim;Doc's de Referência do STL;Anti-Reflexo
261;DEX.284;SnO2 (Tin Oxide) - Material Setting - DO-ENG02-779;;03-Antirreflexo;Documentos Externos;Matheus Silva;2;08/01/2024;28/02/2024;27/02/2026;28/05/2026;Sim;Doc's de Referência do STL;Anti-Reflexo
262;DEX.285;ITO (Indium Tin Oxide) - Material Setting - ENG02-165;;03-Antirreflexo;Documentos Externos;Matheus Silva;4;08/01/2024;28/02/2024;27/02/2026;28/05/2026;Sim;Doc's de Referência do STL;Anti-Reflexo
263;DEX.286;MgF2 - Material Setting - ENG02-167;;03-Antirreflexo;Documentos Externos;Matheus Silva;0;08/01/2024;28/02/2024;27/02/2026;28/05/2026;Sim;Doc's de Referência do STL;Anti-Reflexo
264;DEX.287;MgO - Material Setting - ENG02-166;;03-Antirreflexo;Documentos Externos;Matheus Silva;2;08/01/2024;28/02/2024;27/02/2026;28/05/2026;Sim;Doc's de Referência do STL;Anti-Reflexo
265;DEX.288;DSX - Material Setting - DO-ENG02-0160;;03-Antirreflexo;Documentos Externos;Matheus Silva;0;08/01/2024;28/02/2024;27/02/2026;28/05/2026;Sim;Doc's de Referência do STL;Anti-Reflexo
266;DEX.289;A.C.D.C. AR Color Distribution Control (MP & Rx) - DO-ENG02-1673;;03-Antirreflexo;Documentos Externos;Matheus Silva;5;09/01/2024;28/02/2024;27/02/2026;28/05/2026;Sim;Doc's de Referência do STL;Anti-Reflexo
267;DEX.290;Medição de Contagem de Partícula - KANOMAX;;02-HC;Documentos Externos;Matheus Silva;0;26/02/2024;08/11/2024;08/11/2025;06/02/2026;Sim;;
268;DEX.291;Calibration and Cross-Checks in the Labs;;Geral;Documentos Externos;Lucineide Pereira;1;14/03/2024;26/11/2024;26/11/2025;24/02/2026;Sim;;
269;DEX.292;ICR 08-048 - International Control Requirements - MC6 AR Control;;Rx Referencial;Documentos Externos;Lucineide Pereira;1;14/03/2024;26/08/2024;26/08/2026;24/11/2026;Sim;;
270;DEX.293;ICR 08-046 - AR Control Plan in Rx Labs;;Rx Referencial;Documentos Externos;Lucineide Pereira;1;14/03/2024;26/08/2024;26/08/2026;24/11/2026;Sim;;
271;DEX.296;ICR 08-043 - International Control Requirements - Titanium AR Control;;Rx Referencial;Documentos Externos;Lucineide Pereira;4;14/03/2024;26/08/2024;26/08/2026;24/11/2026;Sim;;
272;DEX.297;ICR 08-040 - International Control Requirements - Mirrors Control in Rx Labs;;Rx Referencial;Documentos Externos;Lucineide Pereira;3;14/03/2024;17/01/2025;17/01/2026;17/04/2026;Sim;;
273;DEX.298;ICR 08-041 - International Control Requirements - HC Control Plan in Rx Labs;;Rx Referencial;Documentos Externos;Lucineide Pereira;3;14/03/2024;26/08/2024;26/08/2026;24/11/2026;Sim;;
274;DEX.299;ICR 08-045 - International Control Requirements - Scratch Shields (Sun XProtect) AR Control;;Rx Referencial;Documentos Externos;Lucineide Pereira;3;14/08/2024;17/01/2025;17/01/2026;17/04/2026;Sim;;
275;DEX.300;Résistance à la Chute de Bille FDA - ISTM-02028-05-F;;Rx Referencial;Documentos Externos;Lucineide Pereira;5;14/03/2024;26/11/2024;26/11/2025;24/02/2026;Sim;;
276;DEX.301;ISTM-02028 - FDA Drop Ball Impact Resistance;;Rx Referencial;Documentos Externos;Lucineide Pereira;5;14/03/2024;26/08/2024;26/08/2026;24/11/2026;Sim;;
277;DEX.302;Plan&Transform Gap analysis_ Laboratório - Sigla Estado - Brazil;;Rx Referencial;Documentos Externos;Jessika Menacho;16;29/07/2025;01/08/2025;01/08/2026;30/10/2026;Sim;;
278;DEX.305;Calibração - Orbit II;;Doc;Documentos Externos;Sergio Meza;0;27/03/2024;08/04/2024;08/04/2026;07/07/2026;Sim;;
279;DEX.307;Liberação Diária (DRL) - Art Blocker;;Doc;Documentos Externos;Marcelo Bastos;0;27/03/2024;08/04/2024;08/04/2026;07/07/2026;Sim;;
280;DEX.308;Troubleshoot - Alloy e LensMapper - DSPC;;00-Controle de Processo e DSPC;Documentos Externos;Marcelo Bastos;0;17/04/2024;10/07/2024;10/07/2026;09/10/2026;Sim;;
281;DEX.309;Troubleshoot - Alloy y LensMapper - DSPC;;00-Control de Proceso y DSPC;Documentos Externos;Marcelo Bastos;0;17/04/2024;10/07/2024;10/07/2026;09/10/2026;Sim;;
282;DEX.310;Caustic Cleaning of Primer and Coating Tanks in SCL Machines - DO-ENG02.1728;;02-HC;Documentos Externos;Leonardo Pennetta;2;16/06/2025;07/11/2025;08/11/2025;15/06/2026;Sim;Doc's de Referência do STL;HC
283;DEX.311;ABNT NBR ISO 14001:2015 - Sistemas de Gestão Ambiental - Requisitos com Orientações para Uso;;Normas;Documentos Externos;Nathália Brandão;3;10/06/2015;10/06/2015;;;Não;;
284;DEX.312;ABNT NBR 14725 - Produtos Químicos - Informações sobre Segurança, Saúde e Meio Ambiente;;Normas;Documentos Externos;Nathália Brandão;1;28/02/2024;28/02/2024;27/02/2026;28/05/2026;Sim;;
285;DEX.314;ART Blocker A - Axis Adjustment;;Doc;Documentos Externos;Marcelo Bastos;0;30/07/2018;30/07/2018;30/07/2026;28/10/2026;Sim;;
286;DEX.315;ART Blocker A - Machine Calibration;;Doc;Documentos Externos;Marcelo Bastos;0;30/07/2018;30/07/2018;30/07/2026;28/10/2026;Sim;;
287;DEX.316;ART Blocker A - Video Calibration;;Doc;Documentos Externos;Marcelo Bastos;0;30/07/2024;30/07/2024;30/07/2026;28/10/2026;Sim;;
288;DEX.317;ART Deblocker 2 - Calibration of the Collet Chuck Height;;Doc;Documentos Externos;Marcelo Bastos;0;31/10/2022;31/10/2022;30/07/2026;28/10/2026;Sim;;
289;DEX.318;ART Deblocker 2 - Nozzle Calibration by Chuck;;Doc;Documentos Externos;Marcelo Bastos;0;30/11/2023;30/11/2023;30/07/2026;28/10/2026;Sim;;
290;DEX.319;Multi FLEX - B-Axis and X-Axis Alignment;;Doc;Documentos Externos;Marcelo Bastos;0;30/07/2024;30/07/2024;30/07/2026;28/10/2026;Sim;;
291;DEX.320;Multi FLEX - C-Axis Alignment;;Doc;Documentos Externos;Marcelo Bastos;0;30/07/2024;30/07/2024;30/07/2026;28/10/2026;Sim;;
292;DEX.321;Multi FLEX - Loading System Alignment;;Doc;Documentos Externos;Marcelo Bastos;0;30/07/2024;30/07/2024;30/07/2026;28/10/2026;Sim;;
293;DEX.325;GQS-LIS-001 - GQS Applicable Documents;;Rx Referencial;Documentos Externos;Lucineide Pereira;7;14/08/2024;26/08/2024;26/08/2026;24/11/2026;Sim;;
294;DEX.327;Procedure: On Site DSPC(Digital Surfacing Process Control)- DO-ENG08.0017;;Rx Referencial;Documentos Externos;Lucineide Pereira;4;14/08/2024;26/08/2024;26/08/2026;24/11/2026;Sim;;
295;DEX.328;ICR 08046 - AR Control Plan in Rx Labs;;Rx Referencial;Documentos Externos;Lucineide Pereira;0;14/08/2024;26/08/2024;26/08/2026;24/11/2026;Sim;;
296;DEX.329;ISTM-02028-FDA Drop Ball Impact Resistance;;Rx Referencial;Documentos Externos;Lucineide Pereira;5;14/08/2024;26/08/2024;26/08/2026;24/11/2026;Sim;;
297;DEX.335;GQS-LIS-003 Returns Motives List;;Rx Referencial;Documentos Externos;Lucineide Pereira;2;14/08/2024;22/11/2024;22/11/2025;20/02/2026;Sim;;
298;DEX.336;GQS-LIS-004 List of Global QMS Qualified Auditors 2024;;Rx Referencial;Documentos Externos;Lucineide Pereira;2;14/08/2024;17/01/2025;17/01/2026;17/04/2026;Sim;;
299;DEX.338;ICR 08-045 - International Control Requirements - Scratch Shields (Sun XProtect) AR Control;;Rx Referencial;Documentos Externos;Lucineide Pereira;3;14/08/2024;22/11/2024;22/11/2025;20/02/2026;Sim;;
300;DEX.341;Manual DIG 3.0.4;;Geral;Documentos Externos;Lucineide Pereira;0;20/08/2024;22/11/2024;22/11/2025;20/02/2026;Sim;;
301;DEX.343;ISTM02020 - Inspeção Cosmética;;Geral;Documentos Externos;Lucineide Pereira;4;20/08/2024;21/05/2025;21/05/2026;19/08/2026;Sim;;
302;DEX.344;DO-QUA-I 01.070_ Rx Cosmetic Calibration Procedure;;Geral;Documentos Externos;Lucineide Pereira;0;09/09/2024;22/11/2024;22/11/2025;20/02/2026;Sim;;
303;DEX.345;Operating Procedure of Sandblasting - DO-ENG-02OPR-00920;;03-Antirreflexo;Documentos Externos;Renan Barbosa;1;19/09/2024;08/11/2024;08/11/2025;06/02/2026;Sim;;
304;DEX.346;Lens Clipping and Basket Loading for Dip Rx Process - DO-ENG02-0486;;02-HC;Documentos Externos;Nathália Brandão;6;02/10/2024;08/11/2024;08/11/2025;06/02/2026;Sim;;
305;DEX.347;Manual DIG 3.0.4_ Português;;Geral;Documentos Externos;Lucineide Pereira;0;18/11/2024;22/11/2024;22/11/2025;20/02/2026;Sim;;
306;DEX.348;Manual DIG 3.0.4_ Espanhol;;Geral;Documentos Externos;Lucineide Pereira;0;18/11/2024;22/11/2024;22/11/2025;20/02/2026;Sim;;
307;DEX.349;Thickness Measurement of Hard Coat or Monolayer with the SMR - ISTM-02-017;;04-Testes;Documentos Externos;Nathália Brandão;7;11/03/2025;11/03/2025;11/03/2026;11/06/2026;Sim;;
308;DEX.350;Checking of SMR for Reflectance Measurement of Lenses - ISTM-03-016;;04-Testes;Documentos Externos;Nathália Brandão;12;11/03/2025;11/03/2025;11/03/2026;11/06/2026;Sim;;
309;DEX.351;Checking of N10 Blows Equipment - ISTM-03-077;;04-Testes;Documentos Externos;Nathália Brandão;0;11/03/2025;11/03/2025;11/03/2026;11/06/2026;Sim;;
310;DEX.352;Auditoria do Método de Teste - Cross Hatch Teste Adesão - QUA-TM-AUD-079;;Testes;Documentos Externos;Jessika Menacho;2;11/03/2025;11/03/2025;11/03/2026;11/06/2026;Sim;;
311;DEX.353;Auditoria de Método de Teste - Ink Test - QUA-TM-AUD-077;;Testes;Documentos Externos;Jessika Menacho;1;11/03/2025;11/03/2025;11/03/2026;11/06/2026;Sim;;
312;DEX.354;Auditoria de Método de Teste - NX10 - QUA-TM-AUD-076;;Testes;Documentos Externos;Jessika Menacho;1;11/03/2025;11/03/2025;11/03/2026;11/06/2026;Sim;;
313;DEX.355;Supply Sheet - RCO2 Test - QUA-TM-SUP-005;;04-Testes;Documentos Externos;Nathália Brandão;1;11/03/2025;11/03/2025;11/03/2026;11/06/2026;Sim;;
314;DEX.356;Auditoria de Método de Teste - RC02 - QUA-TM-AUD-075;;Testes;Documentos Externos;Jessika Menacho;1;11/03/2025;11/03/2025;11/03/2026;09/06/2026;Sim;;
315;DEX.357;Aprovação, Liberação ou Reprovação dos Testes de Qualidade - LATAM-PR-QMS-07;;Testes;Documentos Externos;Jessika Menacho;0;11/03/2025;30/05/2025;30/05/2026;28/08/2026;Sim;HMC;Teste de Qualidade GERAL
316;DEX.358;Certificado de Regularidade Técnica - Óptico - digiTOP - Silvério Trzaskos;;Regulatório;Documentos Externos;Nickolle Rodrigues;0;17/03/2025;23/04/2025;23/04/2026;22/07/2026;Sim;;
317;DEX.359;Template Máquina D Rx AEL - M1.6 Ajuste e acompanhamento - DO-ENG02.1348;;02-HC;Documentos Externos;Nathália Brandão;0;04/04/2025;30/05/2025;30/05/2026;28/08/2026;Sim;;
318;DEX.360;Template Máquinas CDC-CDS 1000 - M1.6 Ajuste e acompanhamento - DO-ENG02.1348;;02-HC;Documentos Externos;Nathália Brandão;0;04/04/2025;30/05/2025;30/05/2026;28/08/2026;Sim;;
319;DEX.361;ISTM 09-023-02-E/F Top coat control using arcotec ink 30mn/m;;Geral;Documentos Externos;Nathália Brandão;0;09/09/2021;15/11/2021;22/04/2026;22/07/2026;Sim;;
320;DEX.362;Medição da Reflexão de Lentes com AR Usando SMR - QUA-FORM-002-08;Para o sistema de classificação, aqui está uma explicação: 0 Nenhum impacto no teste 1 Impacto no desempenho das lentes sem impacto no cliente 2 Impacto no desempenho das lentes com impacto no cliente CA em revisão;Testes;Documentos Externos;Jessika Menacho;0;22/04/2025;22/04/2025;22/04/2026;21/07/2026;Sim;;
321;DEX.363;Testes AR - LATAM-FR-QMS-13;;Testes;Documentos Externos;Lucineide Pereira;1;22/04/2025;30/05/2025;30/05/2026;28/08/2026;Sim;;
322;DEX.364;Medição da Espessura de HC Usando SMR - QUA-FORM-002-09;;Testes;Documentos Externos;Jessika Menacho;0;22/04/2025;22/04/2025;22/04/2026;21/07/2026;Sim;;
323;DEX.365;Gestão de Desvios - LATAM-PR-QMS-08;;Gestão de Desvio;Documentos Externos;Jessika Menacho;0;25/04/2025;30/05/2025;30/05/2026;28/08/2026;Sim;;
324;DEX.366;Gerenciamento de Risco de Processo (para Fabricação) - GQS-TEMP-015;;Gestão de Desvio;Documentos Externos;Jessika Menacho;0;25/04/2025;30/05/2025;30/05/2026;28/08/2026;Sim;;
325;DEX.367;Solicitação de Desvio - GQS-TEMP-032;;Gestão de Desvio;Documentos Externos;Jessika Menacho;4;25/04/2025;30/05/2025;30/05/2026;28/08/2026;Sim;;
326;DEX.368;Limpeza cáustica de tanques de primer e revestimento em máquinas SCL - DO.ENG02.1728;;02-HC;Documentos Externos;Leonardo Pennetta;2;16/06/2025;07/11/2025;;15/06/2026;Sim;;
327;DEX.369;A1100 Tank Cleaning Procedure for D Machines - DO-ENG-02OPR-00959;;02-HC;Documentos Externos;Matheus Silva;3;23/07/2025;07/11/2025;;07/08/2026;Sim;;
328;DEX.370;A1100 Preparation and Management in D-Machines - DO-ENG-02OPR-00958;;02-HC;Documentos Externos;Matheus Silva;3;23/07/2025;07/11/2025;;07/08/2026;Sim;;
329;DEX.371;Procedure For Vaccum Gauge Calibration (MP&Rx) - DO-ENG02.0798;;03-Antirreflexo;Documentos Externos;Jessika Menacho;5;25/07/2025;28/08/2025;28/08/2026;26/11/2026;Sim;;
330;DEX.372;RX Lens Inspection List of Lens Defects - ISTM 01.068;;Rx Referencial;Documentos Externos;Jessika Menacho;1;30/07/2025;01/08/2025;01/08/2026;30/10/2026;Sim;;
331;DOC.EHS.011;EPI's Coating;;EPI's;EHS;Caroline Oliveira;3;15/12/2023;15/12/2023;14/12/2025;14/03/2026;Sim;EHS;EPI - Importância do Uso Correto dos Equipamentos
332;DOC.EHS.012;EPI's Estoque;;EPI's;EHS;Caroline Oliveira;2;15/12/2023;15/12/2023;14/12/2025;14/03/2026;Sim;EHS;EPI - Importância do Uso Correto dos Equipamentos
333;DOC.EHS.013;EPI's Manutenção;;EPI's;EHS;Caroline Oliveira;2;15/12/2023;15/12/2023;14/12/2025;14/03/2026;Sim;EHS;EPI - Importância do Uso Correto dos Equipamentos
334;DOC.EHS.014;EPI's Setor Limpeza;;EPI's;EHS;Caroline Oliveira;2;15/12/2023;15/12/2023;14/12/2025;14/03/2026;Sim;EHS;EPI - Importância do Uso Correto dos Equipamentos
335;DOC.EHS.015;EPI's Montagem;;EPI's;EHS;Caroline Oliveira;2;15/12/2023;15/12/2023;14/12/2025;14/03/2026;Sim;EHS;EPI - Importância do Uso Correto dos Equipamentos
336;DOC.EHS.016;EPI's Coloração;;EPI's;EHS;Caroline Oliveira;2;15/12/2023;15/12/2023;14/12/2025;14/03/2026;Sim;EHS;EPI - Importância do Uso Correto dos Equipamentos
337;DOC.EHS.017;EPI's Surfaçagem;;EPI's;EHS;Caroline Oliveira;2;15/12/2023;15/12/2023;14/12/2025;14/03/2026;Sim;EHS;EPI - Importância do Uso Correto dos Equipamentos
338;DOC.EHS.018;EPI;;EPI's;EHS;Guilherme Rosa;2;07/05/2024;10/05/2024;11/05/2026;10/08/2026;Sim;EHS;EPI - Importância do Uso Correto dos Equipamentos
339;DOC.EHS.019;Qualificação Ambiental em Fornecedores e Prestadores de Serviços;;Gestão de Resíduos;EHS;Aleksander Oliveira;0;09/04/2021;22/07/2021;13/10/2025;29/12/2025;Sim;EHS;#GESTÃO DE RESÍDUOS
340;DOC.EHS.020;Procedimento Gestão de Resíduos;;Gestão de Resíduos;EHS;Aleksander Oliveira;2;22/09/2023;25/09/2023;24/09/2025;23/12/2025;Sim;EHS;Gerenciamento de Resíduos
341;DOC.EHS.024;Circular Interna de Implantação do PPR;;Programa de Proteção Respiratória;EHS;Fabricio Cunha;0;27/09/2021;07/12/2021;20/05/2026;20/08/2026;Sim;EHS;#Programa de Proteção Respiratória
342;DOC.EHS.025;Limpeza, Higienização e Manutenção;;Programa de Proteção Respiratória;EHS;Fabricio Cunha;0;27/09/2021;07/12/2021;20/05/2026;20/08/2026;Sim;EHS;#Programa de Proteção Respiratória
343;DOC.EHS.026;Troca de Filtros;;Programa de Proteção Respiratória;EHS;Fabricio Cunha;0;27/09/2021;07/12/2021;20/05/2026;21/08/2026;Sim;EHS;#Programa de Proteção Respiratória
344;DOC.EHS.029;Modelo de Programa de Proteção Respiratória;;Programa de Proteção Respiratória;EHS;Fabricio Cunha;0;28/09/2021;07/12/2021;20/05/2026;20/08/2026;Sim;EHS;#Programa de Proteção Respiratória
345;DOC.EHS.030;Avaliação Química da Concentração dos Contaminantes;;Programa de Proteção Respiratória;EHS;Fabricio Cunha;0;28/09/2021;07/12/2021;22/05/2026;21/08/2026;Sim;EHS;#Programa de Proteção Respiratória
346;DOC.EHS.031;Procedimento de Limpeza nos Bebedouros;;Higienização;EHS;Aleksander Oliveira;0;28/09/2021;07/12/2021;20/05/2026;20/08/2026;Sim;EHS;Procedimento de Limpeza nos Bebedouros
347;DOC.EHS.032;Gestão de Contratados;;Prestadores de Serviço;EHS;Aleksander Oliveira;0;28/09/2021;07/12/2021;20/05/2026;20/08/2026;Sim;EHS;Gestão de Contratados
348;DOC.EHS.033;Programa de Proteção Respiratória;;Programa de Proteção Respiratória;EHS;Fabricio Cunha;1;17/04/2024;22/08/2024;21/08/2026;19/11/2026;Sim;EHS;Programa de Proteção Respiratória
349;DOC.EHS.034;Política do Papel Ambientalmente Responsável;;Gestão de Resíduos;EHS;Caroline Oliveira;0;18/10/2021;21/10/2021;19/01/2026;19/04/2026;Sim;EHS;Política do Papel Ambientalmente Responsável
350;DOC.EHS.035;Formulário de Aprovação de Produtos Químicos;;Produtos Químicos;EHS;Patrícia Tozzi;0;25/11/2021;25/11/2021;17/02/2026;15/05/2026;Sim;EHS;Gestão de Produtos Químicos
351;DOC.EHS.036;Tabela de Incompatibilidade Química;;Produtos Químicos;EHS;Patrícia Tozzi;0;25/11/2021;25/11/2021;17/02/2026;15/05/2026;Sim;EHS;Gestão de Produtos Químicos
352;DOC.EHS.037;Lista de Produtos Químicos Aprovados;;Produtos Químicos;EHS;Patrícia Tozzi;0;25/11/2021;25/11/2021;17/02/2026;15/05/2026;Sim;EHS;Gestão de Produtos Químicos
353;DOC.EHS.038;Inventário de Produtos Químicos;;Produtos Químicos;EHS;Patrícia Tozzi;0;25/11/2021;25/11/2021;17/02/2026;15/05/2026;Sim;EHS;Gestão de Produtos Químicos
354;DOC.EHS.039;Gestão de Produtos Químicos;;Produtos Químicos;EHS;Patrícia Tozzi;0;25/11/2021;25/11/2021;17/02/2026;15/05/2026;Sim;EHS;Gestão de Produtos Químicos
355;DOC.EHS.040;Bloqueio e Etiquetagem - LOTO;;LOTO - Bloqueio e Etiquetagem;EHS;Rodrigo Braga;0;28/12/2021;28/12/2021;09/06/2026;08/09/2026;Sim;EHS;LOTO
356;DOC.EHS.041;Análise de Riscos;;Análise de Riscos;EHS;Rodrigo Braga;0;28/12/2021;28/12/2021;09/06/2026;08/09/2026;Sim;EHS;#Análise de Riscos
357;DOC.EHS.042;Plano de Atendimento a Emergência - PAE;;PAE - Plano de Atendimento a Emergência;EHS;Rodrigo Braga;1;28/12/2021;28/12/2021;09/06/2026;08/09/2026;Sim;EHS;Treinamento PAE
358;DOC.EHS.043;Trabalhos Perigosos;;Trabalhos Perigosos;EHS;Rodrigo Braga;0;28/12/2021;23/02/2022;27/07/2026;26/10/2026;Sim;EHS;TRABALHOS PERIGOSOS
359;DOC.EHS.044;Comunicação de Acidentes;;Comunicações de Acidentes;EHS;Rodrigo Braga;0;28/12/2021;28/12/2021;09/06/2026;08/09/2026;Sim;EHS;Prevenção e Report de Acidentes + Comunicação e Investigação de Acidentes
360;DOC.EHS.045;Segurança em Máquinas e Equipamentos - EMS;;EMS - Segurança em Máquinas e Equipamentos;EHS;Rodrigo Braga;0;28/12/2021;10/02/2022;09/02/2026;10/05/2026;Sim;EHS;Proteção em Máquinas e Equipamentos
361;DOC.EHS.046;Checklist - LOTO;;LOTO - Bloqueio e Etiquetagem;EHS;Rodrigo Braga;0;10/03/2023;08/11/2023;07/11/2025;05/02/2026;Sim;EHS;#LOTO
362;DOC.EHS.047;Instrução de Bloqueio e Etiquetagem - LOTO;;LOTO - Bloqueio e Etiquetagem;EHS;Rodrigo Braga;0;10/03/2023;08/11/2023;07/11/2025;05/02/2026;Sim;EHS;#LOTO
363;DOC.EHS.048;Guia Classificação de Resíduos MTR;;Gestão de Resíduos;EHS;Ryan Alves da Silva;1;06/05/2024;06/05/2024;06/05/2026;05/08/2026;Sim;EHS;#Guia Classificação de Resíduos MTR
364;DOC.EHS.049;EPI's EQC;;EPI's;EHS;Caroline Oliveira;0;15/12/2023;15/12/2023;14/12/2025;14/03/2026;Sim;EHS;#EPI - Importância do Uso Correto dos Equipamentos
365;DOC.EHS.050;EPI's SPIN;;EPI's;EHS;Caroline Oliveira;0;15/12/2023;15/12/2023;14/12/2025;14/03/2026;Sim;EHS;#EPI - Importância do Uso Correto dos Equipamentos
366;DOC.EHS.051;EPI's Serviços Técnicos e STL;;EPI's;EHS;Caroline Oliveira;0;15/12/2023;15/12/2023;14/12/2025;14/03/2026;Sim;EHS;#EPI - Importância do Uso Correto dos Equipamentos
367;DOC.EHS.052;Ordem de Serviços - Área Administrativa;;Ordens de Serviços;EHS;Guilherme Rosa;0;31/01/2024;20/03/2024;09/06/2026;08/09/2026;Sim;;
368;DOC.EHS.053;Ordem de Serviços - Teleatendimento;;Ordens de Serviços;EHS;Guilherme Rosa;0;31/01/2024;20/03/2024;09/06/2026;08/09/2026;Sim;;
369;DOC.EHS.054;Ordem de Serviços - Surfaçagem;;Ordens de Serviços;EHS;Guilherme Rosa;0;31/01/2024;22/08/2024;21/08/2026;19/11/2026;Sim;;
370;DOC.EHS.055;Ordem de Serviços - Manutenção Industrial;;Ordens de Serviços;EHS;Guilherme Rosa;0;31/01/2024;20/03/2024;09/06/2026;08/09/2026;Sim;;
371;DOC.EHS.056;Ordem de Serviços - Setor Limpeza (Serviços Gerais);;Ordens de Serviços;EHS;Guilherme Rosa;0;31/01/2024;20/03/2024;09/06/2026;08/09/2026;Sim;;
372;DOC.EHS.057;Ordem de Serviços - Estoque;;Ordens de Serviços;EHS;Guilherme Rosa;0;31/01/2024;20/03/2024;09/06/2026;08/09/2026;Sim;;
373;DOC.EHS.058;Ordem de Serviços - Produção (Coating);;Ordens de Serviços;EHS;Guilherme Rosa;0;31/01/2024;20/03/2024;09/06/2026;08/09/2026;Sim;;
374;DOC.EHS.059;Ordem de Serviços - Manutenção Predial;;Ordens de Serviços;EHS;Guilherme Rosa;0;31/01/2024;08/10/2024;08/10/2025;06/01/2026;Sim;;
375;DOC.EHS.060;Ordem de Serviços - Produção (Coloração);;Ordens de Serviços;EHS;Guilherme Rosa;1;08/04/2024;08/10/2024;08/10/2025;06/01/2026;Sim;;
376;DOC.EHS.061;Ordem de Serviços - Produção (SPIN);;Ordens de Serviços;EHS;Guilherme Rosa;0;31/01/2024;08/10/2024;08/10/2025;06/01/2026;Sim;;
377;DOC.EHS.062;Ordem de Serviços - Serviços Técnicos e STL;;Ordens de Serviços;EHS;Guilherme Rosa;0;31/01/2024;12/03/2024;20/05/2026;20/08/2026;Sim;;
378;DOC.EHS.063;Ordem de Serviços - Produção (Montagem);;Ordens de Serviços;EHS;Guilherme Rosa;0;31/01/2024;12/03/2024;20/05/2026;20/08/2026;Sim;;
379;GEQC.01001;EQC Global - Manual da Qualidade;;EQC;EQC Global;Jessika Menacho;9;06/10/2025;07/10/2025;;;Não;;
380;GEQC.01002;EQC Global - Garantir a Competência do Pessoal;;EQC;EQC Global;Jessika Menacho;8;06/10/2025;07/10/2025;;;Não;;
381;GEQC.01003;EQC Global - Garantir Equipamentos EQC e Calibração;;EQC;EQC Global;Jessika Menacho;6;06/10/2025;07/10/2025;;;Não;;
382;GEQC.01004;EQC Global - Garantir a Qualidade dos Produtos Externos e Serviços;;EQC;EQC Global;Jessika Menacho;4;06/10/2025;07/10/2025;;;Não;;
383;GEQC.01005;EQC Global - Pedidos de revisão e contratos;;EQC;EQC Global;Jessika Menacho;5;06/10/2025;07/10/2025;;;Não;;
384;GEQC.01006;EQC Global - Avaliação do Método - Garantia da Validade dos Resultados Apresentados;;EQC;EQC Global;Jessika Menacho;7;06/10/2025;07/10/2025;;;Não;;
385;GEQC.01007;EQC Global - Manuseio de Itens de Teste;;EQC;EQC Global;Jessika Menacho;5;06/10/2025;07/10/2025;;;Não;;
386;GEQC.01008;EQC Global - Controle de Documentos e Registros;;EQC;EQC Global;Jessika Menacho;10;06/10/2025;07/10/2025;;;Não;;
387;GEQC.01009;EQC Global - Trabalho Não Conforme e Reclamação do Cliente;;EQC;EQC Global;Jessika Menacho;10;06/10/2025;07/10/2025;;;Não;;
388;GEQC.01010;EQC Global - Auditoria Interna e Revisão da Gestão;;EQC;EQC Global;Jessika Menacho;8;06/10/2025;07/10/2025;;;Não;;
389;GEQC.01011;EQC Global - Estimando a Incerteza da Medição e Regras de Decisão;;EQC;EQC Global;Jessika Menacho;4;06/10/2025;07/10/2025;;;Não;;
390;GEQC.02011;EQC Global - Modo de instrução de operação Cary 60 Test;;EQC;EQC Global;Jessika Menacho;9;10/10/2025;10/10/2025;;;Não;;
391;GEQC.03001;EQC Global - Modo de instrução de verificação Cary 60 Test;;EQC;EQC Global;Jessika Menacho;9;10/10/2025;10/10/2025;;;Não;;
392;FOR.002;Auditoria 5S de Limpeza e Organização;;07-MELHORIA CONTÍNUA;Formulário;Taís Flores;2;12/05/2022;23/05/2022;18/10/2025;19/01/2026;Sim;QUALIDADE;5S
393;FOR.006;Inspeção e Testes de Recebimento de Insumos;;Estoque / Expedição;Formulário;Lucineide Pereira;7;28/05/2024;03/06/2024;03/06/2026;02/09/2026;Sim;HMC;Primer e Vernizes
394;FOR.007;Controle de Troca de Lentes com Defeito de Fábrica;;Estoque / Expedição;Formulário;Lucineide Pereira;3;04/08/2023;31/01/2024;25/05/2026;25/05/2026;Sim;;
395;FOR.020;Inspeçao de Parametros 380;FOR-2.A38.12 -;00-Controle do Processo HMC;Formulário;Vagner Domingos;1;11/03/2019;11/03/2019;;;Não;HMC;"Antirreflexo:
Ajustes de Processo"
396;FOR.021;Inspeçao de Parâmetros 1200;FOR-2.A12.10 -;00-Controle do Processo HMC;Formulário;Vagner Domingos;1;11/03/2019;11/03/2019;;;Sim;HMC;"Antirreflexo:
Ajustes de Processo"
397;FOR.022;CONTROLE DE MANUTENÇÃO PREVENTIVA FOG ID;FOR-2.FOG.12 -;FOG-ID;Formulário;Vagner Domingos;1;11/03/2019;11/03/2019;;;Não;MAN. HMC;FOG ID
398;FOR.025;Inspeção dos Parâmetros - CTA e CCM;FOR-2.HCE.02 -;00-Controle do Processo HMC;Formulário;Vagner Domingos;2;11/03/2019;11/03/2019;;;Não;HMC;0
399;FOR.027;CONTROLE DE MANUTENÇÃO PREVENTIVA INKJET X302;FOR-2.IKJ.08 -;INKJET;Formulário;Vagner Domingos;1;11/03/2019;11/03/2019;;;Sim;;
400;FOR.028;Planilha de Controle Pré Inspeção;FOR-2.PRE.21 -;00-Controle do Processo HMC;Formulário;Vagner Domingos;2;11/03/2019;11/03/2019;;;Não;HMC;0
401;FOR.031;CONTROLE DA CALIBRAÇÃO DIÁRIA;FOR-14.MON.01 -;Calibração - Sincronização;Formulário;Vagner Domingos;1;11/03/2019;11/03/2019;;;Não;MONTAGEM;CALIBRAÇÃO
402;FOR.033;Lista de Presença de Treinamento;;Treinamento;Formulário;Taís Flores;7;05/12/2023;05/02/2024;20/05/2026;20/08/2026;Sim;QUALIDADE;Treinamentos
403;FOR.050;CRIZAL - Tratamento Não é Crizal;FOR-2.QLD.09 -;Laudos;Formulário;Vagner Domingos;1;11/03/2019;11/03/2019;;;Não;;
404;FOR.051;CRIZAL- Autenticidade de Tratamento;FOR-2.QLD.10 -;Laudos;Formulário;Vagner Domingos;1;11/03/2019;11/03/2019;;;Não;;
405;FOR.055;Lentes com Arranhões Fora do Padrão Não Podem Receber Tratamento;FOR-2.QLD.14 -;Laudos;Formulário;Vagner Domingos;1;11/03/2019;11/03/2019;;;Não;;
406;FOR.060;PRODUTO NÃO FABRICADO PELA ESSILOR;FOR-2.QLD.19 -;Laudos;Formulário;Vagner Domingos;1;11/03/2019;11/03/2019;;;Não;;
407;FOR.062;Retirada da Marcação Amarela;FOR-2.QLD.21 -;Laudos;Formulário;Vagner Domingos;1;11/03/2019;11/03/2019;;;Não;;
408;FOR.064;TRIO EASY CLEAN - Autenticidade de Tratamento;FOR-2.QLD.23 -;Laudos;Formulário;Vagner Domingos;1;11/03/2019;11/03/2019;;;Não;;
409;FOR.065;TRIO EASY CLEAN - Retratamento em Lentes Danificadas;FOR-2.QLD.24 -;Laudos;Formulário;Vagner Domingos;1;11/03/2019;11/03/2019;;;Não;;
410;FOR.066;Laudo Mau Uso (Genérico);FOR-2.QLD.26 -;Laudos;Formulário;Vagner Domingos;1;11/03/2019;11/03/2019;;;Não;;
411;FOR.071;Formulário RNC - Relatório de Não Conformidade;;Qualidade;Formulário;Taís Flores;5;25/08/2023;30/08/2023;28/08/2026;27/11/2026;Sim;QUALIDADE;QUALIDADE
412;FOR.080;Formulário Surfaçagem - PCP Latam Português - Lab Geral;;00-Controle de Processo e DSPC;Formulário;Nathália Brandão;15;06/03/2025;11/03/2025;11/03/2026;09/06/2026;Sim;SURFAÇAGEM;PCP
413;FOR.081;Formulário HMC - PCP Latam Português - Lab Geral;;00-Controle do Processo HMC;Formulário;Nathália Brandão;6;10/02/2025;20/03/2025;20/03/2026;18/06/2026;Sim;HMC;PCP
414;FOR.085;Análise da Pinça do Gerador;Orinigal DO-ENG02.567-V3;00-Controle de Processo e DSPC;Formulário;Taís Flores;3;18/11/2020;24/03/2021;11/08/2026;10/11/2026;Sim;SURFAÇAGEM;Corte
415;FOR.086;Análise da pinça do Laser;;00-Controle de Processo e DSPC;Formulário;Taís Flores;3;18/11/2020;24/03/2021;11/08/2026;10/11/2026;Sim;MAN. SURF.;0
416;FOR.087;Análise da pinça do Microscópio;;00-Controle de Processo e DSPC;Formulário;Taís Flores;4;18/11/2020;24/03/2021;10/08/2026;09/11/2026;Sim;SURFAÇAGEM;PROCESSOS
417;FOR.088;Análise da pinça do CLBS2;;00-Controle de Processo e DSPC;Formulário;Taís Flores;1;18/11/2020;24/03/2021;18/08/2026;16/11/2026;Sim;SURFAÇAGEM;Blocagem
418;FOR.090;Formulário de Limpeza - SatisLoh 1200;;1200;Formulário;Deyved Silva;1;05/03/2024;16/04/2024;16/04/2026;15/07/2026;Sim;HMC;Antirreflexo
419;FOR.091;Formulário de Limpeza - Boxer;;Boxer PRO;Formulário;Humberto Serra - Lab Rio;0;23/12/2020;24/05/2021;07/10/2025;07/12/2025;Sim;;
420;FOR.092;Controle de Treinamento;Para utilização, deve-se clicar em Obter Cópia.;Treinamento;Formulário;Taís Flores;2;13/10/2023;05/02/2024;20/05/2026;20/08/2026;Sim;QUALIDADE;Treinamentos
421;FOR.093;Mapa de Gestão dos Resíduos;;Gestão de Resíduos;Formulário;Aleksander Oliveira;1;22/09/2023;25/09/2023;24/09/2025;23/12/2025;Sim;;
422;FOR.094;Controle de Saída de Resíduos;Anexo 4;Gestão de Resíduos;Formulário;Aleksander Oliveira;0;09/04/2021;12/04/2021;13/10/2025;29/12/2025;Sim;;
423;FOR.095;Contratação - Transportador;Anexo 5;Gestão de Resíduos;Formulário;Aleksander Oliveira;0;09/04/2021;12/04/2021;13/10/2025;29/12/2025;Sim;;
424;FOR.096;Contratação - Receptor;Anexo 6;Gestão de Resíduos;Formulário;Aleksander Oliveira;0;09/04/2021;12/04/2021;13/10/2025;29/12/2025;Sim;;
425;FOR.097;Inspeção de Veículos;Anexo 7;Gestão de Resíduos;Formulário;Aleksander Oliveira;0;09/04/2021;12/04/2021;13/10/2025;29/12/2025;Sim;;
426;FOR.098;Prestadores de Serviço;Anexo 8;Gestão de Resíduos;Formulário;Aleksander Oliveira;0;09/04/2021;12/04/2021;13/10/2025;29/12/2025;Sim;;
427;FOR.099;Formulário de Qualificação De Fornecedores e/ou Prestadores De Serviços;;Gestão de Resíduos;Formulário;Aleksander Oliveira;0;09/04/2021;22/07/2021;13/10/2025;29/12/2025;Sim;;
428;FOR.100;Avaliação de Aspecto e Impacto Ambiental;Aspecto e Impacto Ambiental;Aspecto e Impacto Ambiental;Formulário;Patrícia Tozzi;0;19/04/2021;20/04/2021;13/10/2025;29/12/2025;Sim;;
429;FOR.101;Formulário de Limpeza - Syrus;;Syrus 3C;Formulário;Deyved Silva;1;05/03/2024;16/04/2024;16/04/2026;15/07/2026;Sim;;
430;FOR.104;ALTIUS DRIVING TOOL- Máquina CCM;Ferramenta para ajuste e controle dos parâmetros do verniz.;00-Controle do Processo HMC;Formulário;Taís Flores;4;23/04/2021;05/05/2021;19/05/2026;18/08/2026;Sim;HMC;0
431;FOR.106;Formulário 8D - Método para Solução de Problemas;;Solução de Problemas;Formulário;Lucineide Pereira;2;29/08/2023;14/05/2024;14/05/2026;13/08/2026;Sim;;
432;FOR.107;Formulário Montagem - PCP Latam - Lab Geral;;00 - Controle de Processo;Formulário;Nathália Brandão;8;30/09/2024;30/09/2024;30/09/2025;22/12/2026;Sim;MONTAGEM;PCP
433;FOR.109;Matriz de Habilidade;Matriz de Habilidade por setor;Treinamento;Formulário;Taís Flores;5;12/09/2023;13/09/2023;20/05/2026;20/08/2026;Sim;QUALIDADE;Treinamentos
434;FOR.114;Formulário A3  - Método para Solução de Problemas;;Solução de Problemas;Formulário;Lucineide Pereira;2;19/09/2024;30/05/2025;30/05/2026;28/08/2026;Sim;;
435;FOR.116;Testes HC - Monitoramento Primer e Verniz;Documento para monitoramento de primer e verniz para mithril 1.5 e 1.6;Testes HC;Formulário;Leonardo Pennetta;11;23/10/2025;31/10/2025;31/10/2026;29/01/2027;Sim;HMC;Teste de Qualidade HC
436;FOR.118;Nomeação RD;;Qualidade;Formulário;Taís Flores;1;29/09/2022;29/09/2022;29/09/2025;28/12/2025;Sim;QUALIDADE;QUALIDADE
437;FOR.120;Formulário - Permissão de Trabalho;;Prestadores de Serviço;Formulário;Patrícia Tozzi;0;26/07/2021;27/07/2021;13/10/2025;29/12/2025;Sim;;
438;FOR.121;Modelo Recibo de EPI;;EPI's;Formulário;Rodrigo Braga;1;17/02/2023;17/03/2023;20/05/2026;20/08/2026;Sim;EHS;#EPI - Importância do Uso Correto dos Equipamentos
439;FOR.122;Controle de Umidade e Temperatura: Estoque;;Estoque / Expedição;Formulário;Taís Flores;0;24/08/2021;10/09/2021;10/09/2025;09/12/2025;Sim;QUALIDADE;ESTOQUE
440;FOR.123;Agenda de Auditoria;;Qualidade;Formulário;Nathália Brandão;1;15/12/2022;22/12/2022;09/06/2026;08/09/2026;Sim;QUALIDADE;AUDITORIA
441;FOR.124;Etiquetas de Validação de Primer e Verniz;;Estoque / Expedição;Formulário;Nathália Brandão;4;24/07/2024;24/07/2024;24/07/2026;23/10/2026;Sim;HMC;Primer e Vernizes
442;FOR.125;Etiqueta Composição Quimica - Primer e Verniz - EHS;;Estoque / Expedição;Formulário;Nathália Brandão;3;03/09/2024;08/10/2024;08/10/2025;06/01/2026;Sim;HMC;Primer e Vernizes
443;FOR.126;Análise de Modos de Falhas e Efeitos (FMEA);;Qualidade;Formulário;Nathália Brandão;6;24/10/2024;26/11/2024;26/11/2025;24/02/2026;Sim;QUALIDADE;QUALIDADE
444;FOR.127;Avaliação e Seleção de Fornecedor;;Qualidade;Formulário;Nathália Brandão;7;14/12/2023;27/02/2024;20/05/2026;26/08/2026;Sim;QUALIDADE;FORNECEDOR
445;FOR.128;Controle de Higienização dos Bebedouros;;Higienização;Formulário;Aleksander Oliveira;0;27/09/2021;07/12/2021;27/05/2026;27/08/2026;Sim;;
446;FOR.129;Formulário de Análise de Acidente e Incidente do Trabalho;;Programa de Proteção Respiratória;Formulário;Fabricio Cunha;0;28/09/2021;07/12/2021;20/05/2026;20/08/2026;Sim;;
447;FOR.130;Guia de Avaliação do Programa de Proteção Respiratória;;Programa de Proteção Respiratória;Formulário;Fabricio Cunha;0;28/09/2021;07/12/2021;20/05/2026;20/08/2026;Sim;;
448;FOR.131;Registro de Ensaio de Vedação Qualitativo;;Programa de Proteção Respiratória;Formulário;Fabricio Cunha;0;28/09/2021;07/12/2021;20/05/2026;20/08/2026;Sim;;
449;FOR.132;Controle de Utilização do UV 400;;04-COLORAÇÃO;Formulário;Taís Flores;0;28/09/2021;03/11/2021;07/07/2026;06/10/2026;Sim;COLORAÇÃO;COLORAÇÃO
450;FOR.133;Planejamento de Treinamento;;Treinamento;Formulário;Nathália Brandão;1;14/12/2023;31/01/2024;20/05/2026;20/08/2026;Sim;QUALIDADE;Treinamentos
451;FOR.134;Plano de Ação;;Solução de Problemas;Formulário;William Karasiaki;2;03/05/2023;03/05/2023;20/07/2026;19/10/2026;Sim;;
452;FOR.135;Relatório de Revisão Gerencial;;Qualidade;Formulário;Nathália Brandão;3;04/05/2023;05/05/2023;04/05/2026;03/08/2026;Sim;QUALIDADE;QUALIDADE
453;FOR.136;Reavaliação de Fornecedor;;Qualidade;Formulário;Nathália Brandão;6;14/12/2023;27/02/2024;20/05/2026;20/08/2026;Sim;QUALIDADE;FORNECEDOR
454;FOR.137;Relatório de Gestão de Mudança;;Qualidade;Formulário;Taís Flores;5;18/03/2024;20/03/2024;09/06/2026;08/09/2026;Sim;QUALIDADE;QUALIDADE
455;FOR.139;Controle de Calibração e Verificação;;00.Geral;Formulário;Lucineide Pereira;1;23/05/2023;27/06/2023;26/06/2026;25/09/2026;Sim;QUALIDADE;CALIBRAÇÃO
456;FOR.140;Relatório de Auditoria Interna;;Qualidade;Formulário;Taís Flores;1;15/12/2022;22/12/2022;09/06/2026;08/09/2026;Sim;QUALIDADE;AUDITORIA
457;FOR.141;Auto Avaliação;;Treinamento;Formulário;Lucineide Pereira;2;20/04/2022;26/04/2022;20/05/2026;19/08/2026;Sim;QUALIDADE;Treinamentos
458;FOR.142;Avaliação de Eficácia do Treinamento;;Treinamento;Formulário;Lucineide Pereira;1;16/02/2022;21/02/2022;20/05/2026;20/08/2026;Sim;QUALIDADE;Treinamentos
459;FOR.143;Formulário de Check List da Auditoria ISO 13485;;Qualidade;Formulário;Nathália Brandão;1;18/11/2022;05/12/2022;02/05/2026;02/08/2026;Sim;QUALIDADE;AUDITORIA
460;FOR.145;Formulário GMR KPIs - Acompanhamento Semanal;;Acompanhamento de Resultados;Formulário;Lucineide Pereira;0;28/12/2021;28/12/2021;28/12/2022;06/12/2025;Sim;;
461;FOR.147;Formulário - Workplace Risk Assessment;;Análise de Riscos;Formulário;Rodrigo Braga;0;28/12/2021;28/12/2021;09/06/2026;08/09/2026;Sim;;
462;FOR.148;Monitoramento Anual de Desempenho de Fornecedor;;Qualidade;Formulário;Nathália Brandão;5;28/06/2023;03/07/2023;02/07/2026;01/10/2026;Sim;QUALIDADE;FORNECEDOR
463;FOR.149;Formulário SPIN - Português - Lab Geral;;05-SPIN;Formulário;Nathália Brandão;2;10/04/2025;12/05/2025;12/05/2026;10/08/2026;Sim;SPIN;SPIN
464;FOR.150;Plano de Manutenção Preventiva - Laboratório Industrial;;00-Geral;Formulário;Lucas Silva;2;14/02/2025;20/03/2025;20/03/2026;18/06/2026;Sim;;
465;FOR.151;Análise Crítica do Certificado de Calibração;;00.Geral;Formulário;Nathália Brandão;1;02/06/2023;27/06/2023;26/06/2026;25/09/2026;Sim;;
466;FOR.152;Etiqueta de Calibração;;00.Geral;Formulário;Taís Flores;1;10/08/2023;15/08/2023;14/08/2026;12/11/2026;Sim;;
467;FOR.153;Formulário de Calibração do Lensômetro;;Lensômetro;Formulário;Lucas Silva;1;14/04/2022;27/06/2023;26/06/2026;25/09/2026;Sim;;
468;FOR.155;Controle de Temperatura de Armazenamento: Primers e Vernizes;;Estoque / Expedição;Formulário;Lucineide Pereira;2;27/05/2024;03/06/2024;03/06/2026;02/09/2026;Sim;HMC;Primer e Vernizes
469;FOR.157;Controle do Kit de Calibração do SMR;;Testes AR;Formulário;Taís Flores;0;27/05/2022;18/10/2022;18/10/2025;19/01/2026;Sim;HMC;"Antirreflexo:
Ajustes de Processo"
470;FOR.159;Validação de Software;;Qualidade;Formulário;Nathália Brandão;1;16/11/2023;07/03/2024;29/05/2026;28/08/2026;Sim;QUALIDADE;TI
471;FOR.161;Requisição de Compras;;Compras;Formulário;Benicio Souza;3;20/03/2024;24/07/2024;24/07/2026;23/10/2026;Sim;;
472;FOR.162;Controle de Temperatura (DataLogger) de Armazenamento - Primers e Vernizes - Repro;;Repro;Formulário;Laura Vaz;1;28/05/2024;03/06/2024;03/06/2026;02/09/2026;Sim;;
473;FOR.164;Controle Anual dos Registros;;Solução de Problemas;Formulário;Taís Flores;0;26/01/2023;30/01/2023;30/01/2026;29/04/2026;Sim;;
474;FOR.166;Carta de Esclarecimento;;Laudos;Formulário;Taís Flores;0;21/03/2023;21/03/2023;09/06/2026;08/09/2026;Sim;;
475;FOR.167;Cronograma de Auditoria;Documento inicial;Qualidade;Formulário;Taís Flores;0;11/05/2023;18/05/2023;17/05/2026;17/08/2026;Sim;;
476;FOR.169;Avaliação do Auditor Interno de QMS;;Qualidade;Formulário;Taís Flores;0;12/05/2023;18/05/2023;18/05/2026;17/08/2026;Sim;QUALIDADE;AUDITORIA
477;FOR.170;Interpolação e Correção;;00.Geral;Formulário;Taís Flores;0;05/06/2023;27/06/2023;26/06/2026;25/09/2026;Sim;;
478;FOR.171;Alterações de Aquisição - Português;Documento inicial;Qualidade;Formulário;Taís Flores;0;05/06/2023;02/08/2023;18/10/2025;19/01/2026;Sim;;
479;FOR.172;Alterações de Aquisição - Inglês;Documento inicial;Qualidade;Formulário;Taís Flores;0;05/06/2023;02/08/2023;18/10/2025;19/01/2026;Sim;;
480;FOR.173;Checklist de Envio de Equipamento;;00.Geral;Formulário;Renan Barbosa;1;21/08/2023;21/08/2023;20/08/2026;18/11/2026;Sim;;
481;FOR.174;Reembolso - Quebra de Armação - Technopark;;Technopark;Formulário;Fabrina Souza;1;25/10/2024;28/10/2024;28/10/2025;26/01/2026;Sim;;
482;FOR.175;Plano de Manutenção Preventiva - Básico;"- Alterações de período das trocas de peças em comparação ao Plano Brasil que é utilizado pelas unidades de grande produção;  - Responsabilidade das tarefas alterada visto a necessidade de entrega pelas unidades;  - Atualização de atividades eguindo o PCP e Manual do fabricante para todos os equipamentos.";00-Geral;Formulário;Lucas Silva;0;15/06/2023;27/06/2023;26/06/2026;25/09/2026;Sim;;
483;FOR.177;Requisição de Serviços - digiTOP;;digiTOP;Formulário;Nickolle Rodrigues;2;26/03/2024;02/04/2024;01/07/2026;30/09/2026;Sim;;
484;FOR.179;Controle da Entrega de Produtos recebidos aos colaboradores - Grown;;Grown;Formulário;Sonia Lima;0;18/07/2023;11/09/2023;10/09/2025;09/12/2025;Sim;;
485;FOR.180;Auditoria de Produto - Qualidade Intrínseca;;Auditoria de Produto;Formulário;Lucineide Pereira;1;18/11/2024;22/11/2024;22/11/2025;20/02/2026;Sim;QUALIDADE;AUDITORIA DE PRODUTO
486;FOR.181;Auditoria de Produto - GIB&BIG;;Auditoria de Produto;Formulário;Lucineide Pereira;1;18/11/2024;22/11/2024;22/11/2025;20/02/2026;Sim;QUALIDADE;AUDITORIA DE PRODUTO
487;FOR.182;Etiquetas de Cartões - Quadro PCP;;07-MELHORIA CONTÍNUA;Formulário;Gabriely Gonçalves;0;01/09/2023;21/09/2023;20/09/2025;19/12/2025;Sim;;
488;FOR.183;Tabela Hora Hora;;07-MELHORIA CONTÍNUA;Formulário;Gabriely Gonçalves;0;11/09/2023;03/10/2023;02/10/2025;31/12/2025;Sim;;
489;FOR.185;Etiquetas de Envio de Testes para o EQC;;08-EQC;Formulário;Lucineide Pereira;2;19/09/2024;26/09/2024;26/09/2025;25/12/2025;Sim;;
490;FOR.188;Carta de Esclarecimento - Autenticidade de Tratamento;;Laudos;Formulário;Taís Flores;0;03/10/2023;26/11/2024;26/11/2025;24/02/2026;Sim;;
491;FOR.191;Formulário de Testes - Lentes Stellest;;00-Geral Testes;Formulário;Renan Barbosa;0;10/10/2023;28/12/2023;27/12/2025;27/03/2026;Sim;SURFAÇAGEM;QUALIDADE
492;FOR.192;Retrabalho CF - Lab Geral;;00-Controle do Processo HMC;Formulário;Nathália Brandão;3;24/02/2025;30/05/2025;30/05/2026;28/08/2026;Sim;;
493;FOR.193;Rendimento HC - Lab Geral;;00-Controle do Processo HMC;Formulário;Nathália Brandão;3;24/02/2025;30/05/2025;30/05/2026;28/08/2026;Sim;;
494;FOR.194;Carta de Esclarecimento – Proteção/Bloqueio Luzes Ultravioleta e Azul Nocivas;;Laudos;Formulário;Nathália Brandão;0;16/11/2023;18/03/2024;09/06/2026;08/09/2026;Sim;;
495;FOR.195;Identificação de Quebras - Grown;;Grown;Formulário;Priscila Souza;1;09/02/2024;19/02/2024;18/02/2026;19/05/2026;Sim;;
496;FOR.196;Controle de Quebra Geral;Formulário para controle de quebra geral (todos os setores);Acompanhamento de Resultados;Formulário;Victor Olivares;0;07/02/2024;08/02/2024;07/02/2026;08/05/2026;Sim;;
497;FOR.197;Expedição de Vernizes - Envios;;Caxias CD;Formulário;Miguel Soares Lima;0;08/02/2024;19/02/2024;20/05/2026;20/08/2026;Sim;;
498;FOR.198;Retorno de serviço - Visolab;;Visolab;Formulário;Jaldo Reis;0;15/02/2024;21/02/2024;20/02/2026;21/05/2026;Sim;;
499;FOR.199;Acompanhamento de Cliente Detrator - Pesquisa de Satisfação;;Pesquisa de Satisfação;Formulário;Rafael Medeiros;1;28/03/2024;26/09/2024;26/09/2025;25/12/2025;Sim;;
500;FOR.200;Validação de Armação;;00 - Controle de Processo;Formulário;Nickolle Rodrigues;0;29/04/2024;29/04/2024;29/04/2026;28/07/2026;Sim;;
501;FOR.201;Carta de Esclarecimento - Parecer Técnico;;Laudos;Formulário;Nathália Brandão;0;14/05/2024;26/11/2024;26/11/2025;24/02/2026;Sim;;
502;FOR.203;Agrupamento de Malotes dos Correios - Tecnolens;;Tecnolens;Formulário;Vinicius Silva;2;02/09/2024;03/09/2024;03/09/2025;02/12/2025;Sim;Expedição e/ou Faturamento;Faturamento
503;FOR.204;Gestão à Vista - Acompanhamento de Trocas de Insumos e Limpeza das Máquinas - Tecnolens;;Tecnolens;Formulário;Vinicius Silva;0;28/06/2024;28/06/2024;29/06/2026;28/09/2026;Sim;QUALIDADE;LIMPEZA
504;FOR.205;Alerta de Qualidade (AQ);Objetivo do documento é ser usado na operação como forma de alerta e orientação aos operadores, quanto a problemas de qualidade que possa vir a acontecer sejam problemas internos ou externos de  clientes.;Solução de Problemas;Formulário;Nathália Brandão;0;01/08/2024;12/08/2024;12/08/2026;10/11/2026;Sim;;
505;FOR.206;Verificação Lux - Caixa Preta;;Verificação Lux;Formulário;Nathália Brandão;0;16/08/2024;27/08/2024;27/08/2026;25/11/2026;Sim;;
506;FOR.207;Verificação Lux - Lâmpada Waldmann;;Verificação Lux;Formulário;Nathália Brandão;0;16/08/2024;27/08/2024;27/08/2026;25/11/2026;Sim;;
507;FOR.208;Retrabalho Diário - Tecnolens;;Tecnolens;Formulário;Ramon Gonçalves;0;03/09/2024;03/09/2024;03/09/2025;02/12/2025;Sim;QUALIDADE;0
508;FOR.209;Automatic Calibration (Calibração Inspetor Referência);;Inspetor Referência;Formulário;Lucineide Pereira;0;09/09/2024;26/09/2024;26/09/2025;25/12/2025;Sim;;
509;FOR.210;Identification Mapping lenses (Calibração Inspetor Referência);;Inspetor Referência;Formulário;Lucineide Pereira;0;09/09/2024;26/09/2024;26/09/2025;25/12/2025;Sim;;
510;FOR.211;Carta de Esclarecimento - Lentes sem marcação FOG-ID;Carta de Esclarecimento para clientes relacionada a lentes sem marcação FOG-ID;Laudos;Formulário;Jessika Menacho;0;13/09/2024;18/09/2024;18/09/2025;17/12/2025;Sim;;
511;FOR.212;Envio de Material para Cliente - Technopark;;Technopark;Formulário;Fabrina Souza;0;25/10/2024;01/11/2024;01/11/2025;30/01/2026;Sim;;
512;FOR.213;Controle de Entrada de Materiais na Expedição - Technopark;;Technopark;Formulário;Fabrina Souza;0;25/10/2024;01/11/2024;01/11/2025;30/01/2026;Sim;;
513;FOR.214;Aprovação de Perdas por Extravio e Testes de Qualidade - Technopark;Formulário de Aprovação de Perdas por Extravio e Testes de Qualidade;Technopark;Formulário;Fabrina Souza;0;20/02/2025;21/02/2025;21/02/2026;22/05/2026;Sim;;
514;FOR.216;Gestão à Vista - Quebras individuais do Operador - Tecnolens;;Tecnolens;Formulário;Vinicius Silva;0;06/03/2025;13/03/2025;13/03/2026;11/06/2026;Sim;QUALIDADE;0
515;FOR.217;CheckList Genérico - Tecnolens;;Tecnolens;Formulário;Vinicius Silva;0;06/03/2025;13/03/2025;13/03/2026;11/06/2026;Sim;QUALIDADE;0
516;FOR.218;Start-Stop da Fábrica - Technopark;;Technopark;Formulário;Fabrina Souza;0;15/04/2025;25/08/2025;25/08/2026;23/11/2026;Sim;;
517;FOR.219;Controle de Documentos EHS - Grown;;Grown;Formulário;Natalia Silva;0;30/05/2025;03/06/2025;03/06/2026;01/09/2026;Sim;;
518;FOR.220;Calculadora Regeneração de Soda Cáustica;;Testes HC;Formulário;Leonardo Pennetta;3;23/10/2025;31/10/2025;31/10/2026;29/01/2027;Sim;;
519;FOR.221;Calculadora Regeneração  A1100;;Testes HC;Formulário;Leonardo Pennetta;1;15/08/2025;28/08/2025;28/08/2026;26/11/2026;Sim;;
520;FOR.223;Gestão à Vista - Troca de PADS - Tecnolens;;00-Geral;Formulário;Vinicius Silva;0;06/08/2025;12/09/2025;12/09/2026;11/12/2026;Sim;SURFAÇAGEM;Polimento
521;FOR.224;Gestão à Vista - Troca de Membranas - Toroflex - Tecnolens;;Toroflex;Formulário;Vinicius Silva;0;06/08/2025;12/09/2025;12/09/2026;11/12/2026;Sim;SURFAÇAGEM;Polimento
522;FOR.225;Reposição de Estoque - Tecnolens;;Tecnolens;Formulário;Vinicius Silva;0;06/08/2025;04/09/2025;04/09/2026;03/12/2026;Sim;Estoque;Reposição de Estoque
523;FOR.226;Regeneração Raptex;;Testes HC;Formulário;Leonardo Pennetta;1;19/08/2025;19/08/2025;19/08/2026;17/11/2026;Sim;;
524;FOR.227;Lista de Softwares - Tecnolens;Formulário para listar os softwares a serem submetidos à validação de Software da Tecnolens.;Tecnolens;Formulário;Vinicius Silva;0;04/09/2025;12/09/2025;12/09/2026;11/12/2026;Sim;QUALIDADE;TI
525;FOR.228;Relatório de Condição de ativo_Intenção de transferência Interna;;Português;Formulário;Victor Cardoso;4;16/09/2025;16/09/2025;16/09/2026;15/12/2026;Sim;;
526;FOR.229;Solicitação de Atualização do Plano de Manutenção Preventiva;;Português;Formulário;Victor Cardoso;1;15/09/2025;23/09/2025;23/09/2026;22/12/2026;Sim;;
527;FOR.230;Solicitud de Actualización del Plan de Mantenimiento Preventivo;;Español;Formulário;Victor Cardoso;0;09/09/2025;09/09/2025;09/09/2026;08/12/2026;Sim;;
528;FOR.233;Plano de Manutenção Preventiva Ceditop;;Ceditop;Formulário;Leticia Santos;0;01/10/2025;01/10/2025;01/10/2026;30/12/2026;Sim;;
529;FOR.234;Registro de Entrada ao EQC;;EQC;Formulário;Jessika Menacho;1;07/10/2025;07/10/2025;07/10/2026;05/01/2027;Sim;;
530;FOR.246;Regeneração: Químicos HC (Mithril 1.6);;00-Controle do Processo HMC;Formulário;Jessika Menacho;1;27/10/2025;31/10/2025;31/10/2026;29/01/2027;Sim;;
531;MAQ.002;Manual da Qualidade;Manual da Qualidade das unidades EssilorLuxotica do Brasil;Qualidade;Manual da Qualidade;Nathália Brandão;10;02/09/2024;04/09/2024;04/09/2025;03/12/2025;Sim;QUALIDADE;QUALIDADE
532;MAN.001;Manejo_PRAPLA_90_901_260;;01-Manual do Fabricante;Manual Máquina;Vagner Domingos;0;23/12/2019;23/12/2019;;;Não;;
533;MAN.002;Manual de Operação CB-Bond-E;;01-Manual do Fabricante;Manual Máquina;Vagner Domingos;0;23/12/2019;23/12/2019;;;Não;;
534;MAN.003;CLBS1 Notice;;01-Manual do Fabricante;Manual Máquina;Vagner Domingos;0;23/12/2019;23/12/2019;;;Não;;
535;MAN.004;CLBS2 Notice Spanish;;01-Manual do Fabricante;Manual Máquina;Vagner Domingos;0;23/12/2019;23/12/2019;;;Não;;
536;MAN.005;Maintenance Only HSC Master V1.1 Operating Manual;;01-Manual do Fabricante;Manual Máquina;José Roberto;0;23/12/2019;23/12/2019;;;Não;;
537;MAN.006;BA_HSC Smart A_PT_V1.2;;01-Manual do Fabricante;Manual Máquina;José Roberto;0;23/12/2019;23/12/2019;;;Não;;
538;MAN.007;Manual de Operação HSC sprint_PT_V10_2010;;01-Manual do Fabricante;Manual Máquina;José Roberto;0;23/12/2019;23/12/2019;;;Não;;
539;MAN.008;HSC101;;01-Manual do Fabricante;Manual Máquina;José Roberto;0;23/12/2019;23/12/2019;;;Não;;
540;MAN.009;Manual VFT- Compact;;01-Manual do Fabricante;Manual Máquina;José Roberto;0;23/12/2019;23/12/2019;;;Não;;
541;MAN.010;Maintenance_VFTcompact;;01-Manual do Fabricante;Manual Máquina;José Roberto;0;23/12/2019;23/12/2019;;;Não;;
542;MAN.011;Manejo_VFT Compact Pro;;01-Manual do Fabricante;Manual Máquina;José Roberto;0;23/12/2019;23/12/2019;;;Não;;
543;MAN.012;Operating_VFT Compact;;01-Manual do Fabricante;Manual Máquina;José Roberto;0;23/12/2019;23/12/2019;;;Não;;
544;MAN.013;Servicio_VFT CompactPro;;01-Manual do Fabricante;Manual Máquina;José Roberto;0;23/12/2019;23/12/2019;;;Não;;
545;MAN.014;Software_VFT Compact;;01-Manual do Fabricante;Manual Máquina;José Roberto;0;23/12/2019;23/12/2019;;;Não;;
546;MAN.015;Spare_Parts_VFT Compact;;01-Manual do Fabricante;Manual Máquina;José Roberto;0;23/12/2019;23/12/2019;;;Não;;
547;MAN.016;Transport_VFT Compact;;01-Manual do Fabricante;Manual Máquina;José Roberto;0;23/12/2019;23/12/2019;;;Não;;
548;MAN.017;Mantenimiento_VFT Macro;;01-Manual do Fabricante;Manual Máquina;Vagner Domingos;0;23/12/2019;23/12/2019;;;Não;;
549;MAN.018;Mantenimiento_VFT Micro;;01-Manual do Fabricante;Manual Máquina;Vagner Domingos;0;23/12/2019;23/12/2019;;;Não;;
550;MAN.019;Mantenimiento_VFT Orbit;;01-Manual do Fabricante;Manual Máquina;Vagner Domingos;0;23/12/2019;23/12/2019;;;Não;;
551;MAN.020;Maintenance_VFT Orbit 2;;01-Manual do Fabricante;Manual Máquina;Vagner Domingos;0;23/12/2019;23/12/2019;;;Não;;
552;MAN.021;Maintenance_VFT Ultra;;01-Manual do Fabricante;Manual Máquina;Vagner Domingos;0;23/12/2019;23/12/2019;;;Não;;
553;MAN.022;BA_CCL Cmark EN;;01-Manual do Fabricante;Manual Máquina;José Roberto;0;23/12/2019;23/12/2019;;;Não;;
554;MAN.023;Auto Manual Maintenance;;01-Manual do Fabricante;Manual Máquina;José Roberto;0;23/12/2019;23/12/2019;;;Não;;
555;MAN.024;Auto Manual;;01-Manual do Fabricante;Manual Máquina;José Roberto;0;23/12/2019;23/12/2019;;;Não;;
556;MAN.025;LensMark-III-Manual;;01-Manual do Fabricante;Manual Máquina;José Roberto;0;23/12/2019;23/12/2019;;;Não;;
557;MAN.026;Periodic Maintenance;;01-Manual do Fabricante;Manual Máquina;José Roberto;0;23/12/2019;23/12/2019;;;Não;;
558;MAN.027;Manual de Operação CCP-Swift;;01-Manual do Fabricante;Manual Máquina;José Roberto;0;23/12/2019;23/12/2019;;;Não;;
559;MAN.028;Mantenimiento_EssilorDLP;;01-Manual do Fabricante;Manual Máquina;José Roberto;0;23/12/2019;23/12/2019;;;Não;;
560;MAN.029;Maintenance_DuoFLEX;;01-Manual do Fabricante;Manual Máquina;José Roberto;0;23/12/2019;23/12/2019;;;Não;;
561;MAN.030;Operating_DuoFLEX;;01-Manual do Fabricante;Manual Máquina;José Roberto;0;23/12/2019;23/12/2019;;;Não;;
562;MAN.031;Satisloh Duo Flex;;01-Manual do Fabricante;Manual Máquina;José Roberto;0;23/12/2019;23/12/2019;;;Não;;
563;MAN.032;Maintenance_MultiFLEX;;01-Manual do Fabricante;Manual Máquina;José Roberto;0;23/12/2019;23/12/2019;;;Não;;
564;MAN.033;Mantenimiento_Toroflex;;01-Manual do Fabricante;Manual Máquina;Vagner Domingos;0;23/12/2019;23/12/2019;;;Não;;
565;MAN.034;D20 -2 Technical manual indice A2 Luxottica;;01-Manual do Fabricante;Manual Máquina;Taís Flores;0;04/02/2021;04/02/2021;;;Não;;
566;MAN.035;ART Blocker A - Probe Station Calibration;;01-Manual do Fabricante;Manual Máquina;José Roberto;0;27/09/2023;27/09/2023;26/09/2025;25/12/2025;Sim;;
567;MAN.036;ART Blocker A - Video Calibration;;01-Manual do Fabricante;Manual Máquina;José Roberto;0;27/09/2023;27/09/2023;26/09/2025;25/12/2025;Sim;;
568;MAN.037;ART Blocker A - Dosing Unit Adjustment;;01-Manual do Fabricante;Manual Máquina;José Roberto;0;27/09/2023;27/09/2023;26/09/2025;25/12/2025;Sim;;
569;MAN.038;ART Blocker A - Glue Position;;01-Manual do Fabricante;Manual Máquina;José Roberto;0;01/05/2019;01/05/2019;27/09/2025;27/12/2025;Sim;;
570;MAN.039;ART Blocker A - Control of The Loading Force;;01-Manual do Fabricante;Manual Máquina;José Roberto;0;01/03/2021;01/03/2021;27/09/2025;27/12/2025;Sim;;
571;MAN.040;ART Blocker - Productivity Increase;;01-Manual do Fabricante;Manual Máquina;José Roberto;0;01/06/2017;01/06/2017;27/09/2025;27/12/2025;Sim;;
572;MAN.041;ART Blocker A - VCA Labels;;01-Manual do Fabricante;Manual Máquina;José Roberto;0;05/07/2019;05/07/2019;27/09/2025;27/12/2025;Sim;;
573;MAN.042;ART Blocker - Remplacement de la Colle;;01-Manual do Fabricante;Manual Máquina;José Roberto;0;01/01/2019;01/01/2019;27/09/2025;27/12/2025;Sim;;
574;MAN.043;ART Blocker A - Parameters;;01-Manual do Fabricante;Manual Máquina;José Roberto;0;01/03/2022;01/03/2022;27/09/2025;27/12/2025;Sim;;
575;MAN.044;ART Blocker A - Maintenance;;01-Manual do Fabricante;Manual Máquina;José Roberto;0;27/09/2023;27/09/2023;26/09/2025;25/12/2025;Sim;;
576;MAN.045;ART Blocker A - OPC Configurator;;01-Manual do Fabricante;Manual Máquina;José Roberto;0;01/06/2020;01/06/2020;;;Não;;
577;MAN.046;ART Blocker - Installation Requirements;;01-Manual do Fabricante;Manual Máquina;José Roberto;1;06/11/2013;06/11/2013;27/09/2025;27/12/2025;Sim;;
578;MAN.047;VFT Orbit 2 - Surface Quality Issue;;01-Manual do Fabricante;Manual Máquina;José Roberto;0;01/03/2021;01/03/2021;;;Não;;
579;MAN.048;VFT Orbit 2 - All Format Generator;;01-Manual do Fabricante;Manual Máquina;José Roberto;0;28/09/2023;28/09/2023;27/09/2025;26/12/2025;Sim;;
580;MAN.049;ART Deblocker - Alinhamento de Máquinas, Calibração e Ensino de Eixos;;01-Manual do Fabricante;Manual Máquina;José Roberto;1;17/12/2020;17/12/2020;22/11/2025;22/02/2026;Sim;;
581;MAN.050;ART Deblocker - Block Piece Controller;;01-Manual do Fabricante;Manual Máquina;José Roberto;0;22/11/2023;22/11/2023;21/11/2025;19/02/2026;Sim;;
582;MAN.051;ART Deblocker - Clamping Force Rapid Test;;01-Manual do Fabricante;Manual Máquina;José Roberto;0;01/10/2022;01/10/2022;23/09/2025;20/12/2025;Sim;;
583;MAN.052;ART Deblocker - Maintenance;;01-Manual do Fabricante;Manual Máquina;José Roberto;0;05/02/2020;05/02/2020;22/11/2025;21/02/2026;Sim;;
584;MAN.053;ART Deblocker - Instructions de Montage et de Service pour Installations de Réfrigération;;01-Manual do Fabricante;Manual Máquina;José Roberto;1;24/09/2018;24/09/2018;24/09/2025;23/12/2025;Sim;;
585;MAN.054;ART Deblocker - Machine Settings;;01-Manual do Fabricante;Manual Máquina;José Roberto;0;01/01/2018;01/01/2018;22/11/2025;21/02/2026;Sim;;
586;MAN.055;ART Deblocker - Maintenance Operations;;01-Manual do Fabricante;Manual Máquina;José Roberto;0;10/02/2021;10/02/2021;22/11/2025;21/02/2026;Sim;;
587;MAN.056;ART Deblocker - Mapa;;01-Manual do Fabricante;Manual Máquina;José Roberto;0;22/11/2023;22/11/2023;21/11/2025;19/02/2026;Sim;;
588;MAN.057;ART Deblocker - Nozzle jet Control for Essilor;;01-Manual do Fabricante;Manual Máquina;José Roberto;0;22/11/2023;22/11/2023;21/11/2025;19/02/2026;Sim;;
589;MAN.058;ART Deblocker - Parameters;;01-Manual do Fabricante;Manual Máquina;José Roberto;0;01/12/2021;01/12/2021;01/12/2025;01/03/2026;Sim;;
590;MAN.059;ART Deblocker M - Maintenance;;01-Manual do Fabricante;Manual Máquina;José Roberto;0;22/11/2023;22/11/2023;21/11/2025;19/02/2026;Sim;;
591;MAN.060;AutoMapper - User Manual;;01-Manual do Fabricante;Manual Máquina;José Roberto;1;01/11/2014;01/11/2014;22/11/2025;21/02/2026;Sim;;
592;MAN.061;Fitadeira - Automatic Surface Tape Applicator (ASTA);;01-Manual do Fabricante;Manual Máquina;José Roberto;2;18/02/2003;18/02/2003;23/11/2025;24/02/2026;Sim;;
593;MAN.062;Fitadeira - Maintenance for the ASTA;;01-Manual do Fabricante;Manual Máquina;José Roberto;0;23/11/2023;23/11/2023;22/11/2025;20/02/2026;Sim;;
594;MAN.063;Flash UV - Family Wavelenght 266 nm;;01-Manual do Fabricante;Manual Máquina;José Roberto;0;23/11/2023;23/11/2023;22/11/2025;20/02/2026;Sim;;
595;MAN.064;PRA - Adjust the Blocking Height;;01-Manual do Fabricante;Manual Máquina;José Roberto;0;23/11/2023;23/11/2023;22/11/2025;20/02/2026;Sim;;
596;MAN.065;CB Bond E - Manual de Operação;;01-Manual do Fabricante;Manual Máquina;Marcelo Bastos;0;19/09/2024;19/09/2024;19/09/2025;18/12/2025;Sim;;
597;MAN.066;CCL C Mark - Manual de Operação;;01-Manual do Fabricante;Manual Máquina;Marcelo Bastos;0;19/09/2024;19/09/2024;19/09/2025;18/12/2025;Sim;;
598;MAN.067;CCP Swiff - Manual de Operação;;01-Manual do Fabricante;Manual Máquina;Marcelo Bastos;0;19/09/2024;19/09/2024;19/09/2025;18/12/2025;Sim;;
599;MAN.068;High Speed Cutting Machine HSC Sprint - Manual de Utilização;;01-Manual do Fabricante;Manual Máquina;Marcelo Bastos;1;19/09/2024;19/09/2024;19/09/2025;18/12/2025;Sim;;
600;PCP.043;PCP - Finishing español;;Espanhol;Parâmetros e Controle de Processos;Edgar Casallas;8;04/07/2024;08/07/2024;08/07/2026;07/10/2026;Sim;;
601;PCP.045;PCP - Finishing português;;Português;Parâmetros e Controle de Processos;Edgar Casallas;8;04/07/2024;08/07/2024;08/07/2026;07/10/2026;Sim;;
602;PCP.048;PCP Mithril 1.6 D645;;01-PCP;Parâmetros e Controle de Processos;Leonardo Pennetta;10;20/03/2025;12/05/2025;12/05/2026;10/08/2026;Sim;;
603;PCP.049;PCP Surfacing Process Rx;;PCP;Parâmetros e Controle de Processos;Alessandro Barros;15;05/03/2025;13/03/2025;13/03/2026;11/06/2026;Sim;;
604;PCP.054;PCP Mithril 1.6 Rx SCL Machines;;01-PCP;Parâmetros e Controle de Processos;Leonardo Pennetta;9;17/04/2024;12/05/2025;12/05/2026;10/08/2026;Sim;;
605;PCP.055;PCP Mithril 1.6 Rx D Machines;;01-PCP;Parâmetros e Controle de Processos;Leonardo Pennetta;22;20/03/2025;12/05/2025;12/05/2026;10/08/2026;Sim;;
606;PCP.056;PCP - Finishing - Inglês;;Inglês;Parâmetros e Controle de Processos;Edgar Casallas;8;04/07/2024;08/07/2024;08/07/2026;07/10/2026;Sim;;
607;PCP.057;PCP Mithril 1.5 CCM;;01-PCP;Parâmetros e Controle de Processos;Carlos Anselme;1;19/04/2024;25/11/2024;25/11/2025;23/02/2026;Sim;;
608;PCP.058;PCP - Spin MRIII;;PCP;Parâmetros e Controle de Processos;Leonardo Pennetta;0;10/04/2025;12/05/2025;12/05/2026;10/08/2026;Sim;;
609;GQS-POL.001;POLÍTICA DE CONFORMIDADE;"Elaborada por	Christine NGUY Verificado por	John MACNAMARA - Christian MIEGE Aprovado por	Grant Drew ALLEN";Políticas;Políticas de Qualidade;Taís Flores;1;01/01/2019;01/04/2019;30/03/2026;28/06/2026;Sim;;
610;GQS-POL.002;POLÍTICA DE GESTÃO DE REIVINDICAÇÕES DE PRODUTOS E SERVIÇOS;"Elaborada por	P. Quarante (Legal/CMM) Verificado por	M.P. Ferrachat (Global SGP), F. Arrouy (GMT), T. Villette (R&D), S. Kabous (R&D Quality), G. Martin (GE&Dev. Quality), S. Menager (IPD) Aprovado por	A Lunshof (VP Group Legal), N. Gorny (CR&DO), A. RIveline (CMO), P. Poncin (VP Global Operations), G. Allen (VP Global Quality)";Políticas;Políticas de Qualidade;Taís Flores;1;02/04/2018;03/09/2018;27/05/2026;26/08/2026;Sim;;
611;GQS-POL.003;POLÍTICA DE GESTÃO DE RISCOS;"Elaborada por	Anthony SANCHEZ Verificado por	Guillaume MARTIN, John MACNAMARA, Marta ALFARO  Aprovado por	Grant ALLEN";Políticas;Políticas de Qualidade;Taís Flores;1;01/10/2019;03/02/2020;01/02/2026;02/05/2026;Sim;;
612;GQS-POL.004;POLÍTICA DE GESTÃO DE MUDANÇAS;"Elaborada por	Anthony SANCHEZ Verificado por	Guillaume MARTIN, John MACNAMARA, Salah KABOUS, Annette HOSKIN Aprovado por	Grant ALLEN";Políticas;Políticas de Qualidade;Taís Flores;1;01/12/2020;01/02/2021;31/01/2026;01/05/2026;Sim;;
613;GQS-POL.005;GESTÃO DE DOCUMENTAÇÃO;"Elaborada por	Stéphanie Hureau Verificado por	Pascale Godin, Anthony Sanchez, Kurt Swank, Claude Zunino Aprovado por	Grant ALLEN";Políticas;Políticas de Qualidade;Taís Flores;1;14/06/2021;14/06/2021;13/06/2026;11/09/2026;Sim;;
614;GQS-POL.006;POLÍTICA DE DESIGN E DESENVOLVIMENTO;"Elaborada por	Salah KABOUS, Michel JULLIAN Verificado por	Guillaume MARTIN, John MACNAMARA, Sean KENNEDY Aprovado por	Grant ALLEN";Políticas;Políticas de Qualidade;Taís Flores;1;01/06/2020;03/08/2020;02/08/2026;31/10/2026;Sim;;
615;GQS-POL.007;POLÍTICA DE VALIDAÇÃO ONE;"Elaborada por	Lingarajan SUYAMBULINGAM Verificado por	Guillaume MARTIN, Salah KABBOUS, Mahesh SWAMINATHAN, Marta ALFARO, Clément  LAOTHIANE Aprovado por	Grant ALLEN";Políticas;Políticas de Qualidade;Taís Flores;2;02/03/2020;01/02/2021;31/01/2026;01/05/2026;Sim;;
616;GQS-POL.008;POLÍTICA DE ESPECIFICAÇÕES;"Elaborada por	Véronique CHARRUEY Verificado por	Salah KABOUS, Christine NGUY, Guillaume MARTIN, John MACNAMARA Aprovado por	Grant ALLEN";Políticas;Políticas de Qualidade;Taís Flores;1;02/09/2019;14/06/2021;13/06/2026;11/09/2026;Sim;;
617;GQS-POL.009;POLÍTICA DE GESTÃO DE MÉTODOS DE TESTE;"Elaborada por	Olivier Pophillat  Verificado por	L-J.Lam, Pornsawan Chujaroen, Salah Kabous, Mahesh SWAMINATHAN Aprovado por	Grant Allen";Políticas;Políticas de Qualidade;Taís Flores;2;01/07/2020;01/12/2020;30/11/2025;28/02/2026;Sim;;
618;GQS-POL.010;POLÍTICA DE FABRICAÇÃO;Política, qualidade, fabricação, validação, produção;Políticas;Políticas de Qualidade;Taís Flores;1;03/02/2020;03/02/2020;01/02/2026;02/05/2026;Sim;;
619;GQS-POL.011;IDENTIFICAÇÃO, RASTREABILIDADE e RECALL;"Elaborada por	Stéphane THURIER - François BURTEAUX Verificado por	Marta ALFARO – John MACNAMARA – Jérémie COULON Aprovado por	Grant ALLEN";Políticas;Políticas de Qualidade;Taís Flores;1;04/02/2019;01/07/2019;29/06/2026;27/09/2026;Sim;;
620;GQS-POL.012;POLÍTICA DE PRESERVAÇÃO DE PRODUTOS;"Elaborada por	Stéphanie HUREAU Verificado por	Christine NGUY Aprovado por	Grant ALLEN";Políticas;Políticas de Qualidade;Taís Flores;1;01/04/2020;01/04/2020;31/03/2026;29/06/2026;Sim;;
621;GQS-POL.013;POLÍTICA DE GESTÃO DE FORNECEDORES;"Elaborada por	Lingarajan SUYAMBULINGAM Verificado por	Stéphanie HUREAU Aprovado por	Grant ALLEN";Políticas;Políticas de Qualidade;Taís Flores;1;02/03/2020;01/04/2020;31/03/2026;29/06/2026;Sim;;
622;GQS-POL.014;POLÍTICA DE FEEDBACK DE CLIENTES;"Elaborada por	Pierre CASTERA Verificado por	Stéphanie HUREAU Aprovado por	Grant ALLEN";Políticas;Políticas de Qualidade;Taís Flores;1;01/04/2020;01/04/2020;31/03/2026;29/06/2026;Sim;;
623;GQS-POL.015;NÃO CONFORMIDADE - POLÍTICA DE AÇÕES CORRETIVAS E PREVENTIVAS;"Elaborada por	Claude ZUNINO Verificado por	John MACNAMARA; Marta ALFARO; Pat COMER; Alina TIAN Aprovado por	Grant ALLEN";Políticas;Políticas de Qualidade;Taís Flores;1;01/10/2019;01/11/2019;30/10/2025;28/01/2026;Sim;;
624;GQS-POL.016;POLÍTICA DE TREINAMENTO;"Elaborada por	Seán Kennedy Verificado por	Tsun Sean Lim, Sommalay Vilayleck, Anthony Sanchez  Aprovado por	Grant Allen";Políticas;Políticas de Qualidade;Taís Flores;1;02/12/2019;03/02/2020;01/02/2026;02/05/2026;Sim;;
625;GQS-POL.017;Política de Auditoria da Qualidade;Elaborado por TSUN SHEAN LIM  Verificado por: Stéphanie HUREAU, Christine NGUY Aprovado por Grant ALLEN;Políticas;Políticas de Qualidade;Taís Flores;1;02/12/2019;03/02/2020;01/02/2026;02/05/2026;Sim;;
626;GQS-POL.018;ANÁLISE POR PARTE DA ADMINISTRAÇÃO;"Elaborada por	Christine NGUY Verificado por	Christian MIEGE - Marianne ESTEVE Aprovado por	Grant ALLEN";Políticas;Políticas de Qualidade;Taís Flores;1;01/01/2019;01/04/2019;30/03/2026;28/06/2026;Sim;;
627;PSQ.001;Apostila Padrão Cosmético;;Produtos e Informações;Procedimento do Sistema da Qualidade;Miguel Soares Lima;14;03/07/2024;30/08/2024;31/08/2026;30/11/2026;Sim;QUALIDADE;Conferência Cosmética
628;PSQ.017;Controle de Documentos e Registros;;Qualidade;Procedimento do Sistema da Qualidade;Taís Flores;3;11/04/2024;11/04/2024;19/06/2026;18/09/2026;Sim;QUALIDADE;QUALIDADE
629;PSQ.018;Realização de Produto;;Qualidade;Procedimento do Sistema da Qualidade;Taís Flores;2;21/03/2023;18/07/2023;17/07/2026;16/10/2026;Sim;QUALIDADE;QUALIDADE
630;PSQ.019;Preservação de Insumo e Produto;;Qualidade;Procedimento do Sistema da Qualidade;Taís Flores;2;19/05/2023;07/06/2023;05/06/2026;04/09/2026;Sim;QUALIDADE;PRODUTO
631;PSQ.020;Gestão de Fornecedores;;Qualidade;Procedimento do Sistema da Qualidade;Nathália Brandão;7;24/10/2024;22/11/2024;22/11/2025;20/02/2026;Sim;QUALIDADE;FORNECEDOR
632;PSQ.022;Não Conformidade - Ações Corretivas e Preventivas;;Qualidade;Procedimento do Sistema da Qualidade;Taís Flores;5;24/08/2023;29/08/2023;28/08/2026;26/11/2026;Sim;QUALIDADE;QUALIDADE
633;PSQ.023;Treinamentos;;Qualidade;Procedimento do Sistema da Qualidade;Dayanna Duarte;3;31/08/2023;05/09/2023;20/05/2026;08/09/2026;Sim;QUALIDADE;QUALIDADE
634;PSQ.024;Auditoria;;Qualidade;Procedimento do Sistema da Qualidade;Taís Flores;3;12/05/2023;18/05/2023;18/05/2026;17/08/2026;Sim;QUALIDADE;AUDITORIA
635;PSQ.025;Revisão Gerencial;;Qualidade;Procedimento do Sistema da Qualidade;Nathália Brandão;1;03/05/2023;03/05/2023;01/05/2026;31/07/2026;Sim;QUALIDADE;GERENCIAL
636;PSQ.026;Identificação e Rastreabilidade;;Qualidade;Procedimento do Sistema da Qualidade;Taís Flores;1;06/06/2023;26/06/2023;25/06/2026;24/09/2026;Sim;QUALIDADE;PRODUTO
637;PSQ.027;Procedimento de Validação;em construção;Qualidade;Procedimento do Sistema da Qualidade;Taís Flores;2;06/06/2022;10/06/2022;08/09/2025;09/12/2025;Sim;QUALIDADE;PRODUTO
638;PSQ.028;Gestão de Riscos;;Qualidade;Procedimento do Sistema da Qualidade;Nathália Brandão;5;24/10/2024;21/11/2024;21/11/2025;19/02/2026;Sim;QUALIDADE;QUALIDADE
639;PSQ.029;Procedimento de Gestão de Mudança;;Qualidade;Procedimento do Sistema da Qualidade;Taís Flores;3;19/03/2024;20/03/2024;09/06/2026;08/09/2026;Sim;QUALIDADE;QUALIDADE
640;PSQ.030;Procedimento Feedback de Clientes;;Qualidade;Procedimento do Sistema da Qualidade;Lucineide Pereira;1;14/03/2022;15/03/2022;13/10/2023;17/08/2026;Sim;QUALIDADE;VENDAS
641;PSQ.031;Procedimento de Gerenciamento de Claim de Produtos e Serviços;;Qualidade;Procedimento do Sistema da Qualidade;Nathália Brandão;0;17/11/2021;03/03/2022;26/05/2026;25/08/2026;Sim;QUALIDADE;CLAIM
642;PSQ.032;Monitoramento de Equipamento de Medição;;Qualidade;Procedimento do Sistema da Qualidade;Taís Flores;7;19/06/2024;20/06/2024;19/06/2026;18/09/2026;Sim;QUALIDADE;CALIBRAÇÃO
643;PSQ.033;Procedimento de Manutenção;;Qualidade;Procedimento do Sistema da Qualidade;Lucas Silva;1;15/06/2023;26/06/2023;25/06/2026;24/09/2026;Sim;QUALIDADE;MANUTENÇÃO
644;DOC.029;Controle de Cópias Físicas;;11-APRENDIZAGEM QUALIEX;Procedimento Operacional Padrão;Taís Flores;5;25/01/2023;30/01/2023;30/01/2026;25/04/2026;Sim;QUALIDADE;QUALIEX
645;POP.076;Preparação de Químicos - DSX e SP;;00-Geral AR;Procedimento Operacional Padrão;Aluney Junior;7;16/10/2023;28/02/2024;27/02/2026;28/05/2026;Sim;HMC;Antirreflexo
646;POP.080;ACOMPANHAMENTO DO PROCESSO;POP-2.A38.03;380;Procedimento Operacional Padrão;Vagner Domingos;2;22/02/2019;22/02/2019;03/07/2026;02/10/2026;Sim;HMC;Antirreflexo
647;POP.087;Manual Operacional - Satisloh MC 380;;380;Procedimento Operacional Padrão;Francisco Glauber;3;18/05/2023;17/07/2023;16/07/2026;15/10/2026;Sim;HMC;Antirreflexo
648;POP.088;Limpeza e Manutenção - Satisloh MC 380;;380;Procedimento Operacional Padrão;Francisco Glauber;5;18/05/2023;18/03/2024;18/03/2025;18/09/2026;Sim;HMC;Antirreflexo
649;POP.089;Fluxo do AR;FL-2.A12.04;00-Geral AR;Procedimento Operacional Padrão;Vagner Domingos;2;22/02/2019;22/02/2019;;;Não;HMC;Antirreflexo
650;POP.1000;Manual Operacional - Certificação e Faturamento da Expedição - Visolab;;Visolab;Procedimento Operacional Padrão;Jaldo Reis;0;01/12/2023;22/01/2024;21/01/2026;21/04/2026;Sim;;
651;POP.1001;Manual Operacional - Produtos e Insumos Não Conforme - Visolab;;Visolab;Procedimento Operacional Padrão;Evany Rabelo;2;11/06/2025;23/06/2025;23/06/2026;21/09/2026;Sim;;
652;POP.1002;Manual Operacional - Rastreabilidade de pedidos - Visolab;;Visolab;Procedimento Operacional Padrão;Jaldo Reis;1;16/04/2024;17/04/2024;17/04/2026;16/07/2026;Sim;;
653;POP.1003;Manual Operacional - Casamento de Armação - Visolab;;Visolab;Procedimento Operacional Padrão;Jaldo Reis;1;17/04/2024;18/04/2024;17/04/2026;17/07/2026;Sim;;
654;POP.1004;Manual Operacional - Rastreabilidade de Produtos - Laboratório Sumaré;;Sumaré Laboratório;Procedimento Operacional Padrão;Denise Miranda;0;15/12/2023;18/12/2023;17/12/2025;17/03/2026;Sim;;
655;POP.1005;Calibração Operacional - ProMapper;;ProMapper;Procedimento Operacional Padrão;Renan Barbosa;0;18/12/2023;18/12/2023;17/12/2025;17/03/2026;Sim;SURFAÇAGEM;Conferência
656;POP.1006;Monitoramento de Realimentação do Cliente - Sumaré Laboratório;;Sumaré Laboratório;Procedimento Operacional Padrão;Rafael Medeiros;0;18/12/2023;18/12/2023;17/12/2025;17/03/2026;Sim;;
657;POP.1007;Manual Operacional - Focovision SPV-3;;Focovision;Procedimento Operacional Padrão;Renan Barbosa;0;03/01/2024;04/01/2024;03/01/2026;03/04/2026;Sim;;
658;POP.1012;Monitoramento de Realimentação do Cliente - Visolab;;Visolab;Procedimento Operacional Padrão;Jaldo Reis;1;19/08/2024;19/08/2024;19/08/2026;17/11/2026;Sim;;
659;POP.1013;Verificação ProMapper - Lentes Mineral;;ProMapper;Procedimento Operacional Padrão;Pauline Gomez;0;29/01/2024;02/02/2024;01/02/2026;02/05/2026;Sim;SURFAÇAGEM;Conferência
660;POP.1014;Manual Operacional - Lapidação de Lentes - Repro;;Repro;Procedimento Operacional Padrão;Laura Vaz;0;31/01/2024;18/03/2024;20/05/2026;20/08/2026;Sim;;
661;POP.1015;Manual Operacional - Liberação de Lentes Prontas e Blocos do Estoque - Visolab;;Visolab;Procedimento Operacional Padrão;Jaldo Reis;1;15/08/2024;15/08/2024;14/08/2026;12/11/2026;Sim;;
662;POP.1016;Manual Operacional - Aprovação e Cancelamento de Pedidos - Visolab;;Visolab;Procedimento Operacional Padrão;Jaldo Reis;0;31/01/2024;09/02/2024;08/02/2026;09/05/2026;Sim;;
663;POP.1017;Manual Operacional - Spin Coat Tool;;05-SPIN;Procedimento Operacional Padrão;Jaldo Reis;0;31/01/2024;18/03/2024;18/03/2025;18/09/2026;Sim;;
664;POP.1018;Manual Operacional - Abertura de Perdas Interna da Produção - Grown;;Grown;Procedimento Operacional Padrão;Priscila Souza;2;16/05/2025;16/06/2025;16/06/2026;14/09/2026;Sim;;
665;POP.1019;Teste de Viscosidade - Automático com Brookfield DVPLUS;;Testes HC;Procedimento Operacional Padrão;Jessika Menacho;0;31/01/2024;02/02/2024;01/02/2025;12/02/2026;Sim;;
666;POP.1020;Manual Operacional - Estoque Atacado - Grown;;Grown;Procedimento Operacional Padrão;João Sales;0;02/02/2024;19/02/2024;18/02/2026;19/05/2026;Sim;;
667;POP.1021;Manual Operacional - Recebimento e Armazenamento - Grown;;Grown;Procedimento Operacional Padrão;João Sales;0;02/02/2024;19/02/2024;18/02/2026;19/05/2026;Sim;;
668;POP.1024;Manual Operacional - Abertura da requisição de quebra - Visolab;;Visolab;Procedimento Operacional Padrão;Jaldo Reis;0;21/02/2024;21/02/2024;20/02/2026;21/05/2026;Sim;;
669;POP.1025;Manual Operacional - Consultoria - Visolab;;Visolab;Procedimento Operacional Padrão;Jaldo Reis;0;26/02/2024;01/04/2024;30/06/2026;29/09/2026;Sim;;
670;POP.1028;Manual Operacional - Emissão de Carta de Correção - Sumaré CD;;Sumaré CD;Procedimento Operacional Padrão;Erika Fagundes;1;14/05/2025;15/05/2025;15/05/2026;13/08/2026;Sim;;
671;POP.1029;Manual Operacional - Entrada de pedidos na Montagem - Optilab;;Optilab;Procedimento Operacional Padrão;Nickolle Rodrigues;1;23/04/2025;29/04/2025;29/04/2026;28/07/2026;Sim;;
672;POP.1030;Manual Operacional - Inspeção de Saída do HC - LabRio;;00-Geral HC;Procedimento Operacional Padrão;Renan Barbosa;0;27/02/2024;02/04/2024;09/06/2026;08/09/2026;Sim;;
673;POP.1031;Manual Operacional - Expedição de Vernizes e Primers - CD Caxias;;Caxias CD;Procedimento Operacional Padrão;Miguel Soares Lima;1;01/10/2024;01/10/2024;01/10/2025;30/12/2025;Sim;;
674;POP.1032;Manual Operacional - Produto Não Conforme - Sumaré CD;;Sumaré CD;Procedimento Operacional Padrão;Denise Miranda;1;18/02/2025;14/07/2025;14/07/2026;12/10/2026;Sim;;
675;POP.1033;Calibração Operacional - Focovision SPV-3;;Focovision;Procedimento Operacional Padrão;Renan Barbosa;0;01/03/2024;05/03/2024;09/06/2026;08/09/2026;Sim;;
676;POP.1035;Manual Operacional - Medidor e Descarte - Block Piece;;01-Preparação;Procedimento Operacional Padrão;Jesse Rodrigues;0;04/03/2024;05/03/2024;09/06/2026;08/09/2026;Sim;;
677;POP.1037;Manual Operacional - Etiqueta de Identificação da Nota Fiscal - Sumaré CD;;Sumaré CD;Procedimento Operacional Padrão;Denise Miranda;1;14/05/2025;15/05/2025;15/05/2026;13/08/2026;Sim;;
678;POP.1038;Manual Operacional - Entrada de Pedidos da Montagem - Grown;;Grown;Procedimento Operacional Padrão;Priscila Souza;0;11/03/2024;12/03/2024;22/05/2026;21/08/2026;Sim;;
679;POP.1039;Manual Operacional - Spin MiniII;;05-SPIN;Procedimento Operacional Padrão;Nickolle Rodrigues;0;11/03/2024;17/04/2024;17/04/2026;16/07/2026;Sim;;
680;POP.104;Produção para Cartão Vermelho;LUP-2.EST.01;04-Cura;Procedimento Operacional Padrão;Vagner Domingos;2;22/02/2019;22/02/2019;;;Não;HMC;0
681;POP.1040;Manutenção Preventiva - Promapper;;Português;Procedimento Operacional Padrão;Rodrigo Brandão;0;21/03/2024;09/04/2024;09/04/2026;08/07/2026;Sim;;
682;POP.1041;Limpeza e Manutenção - Porta Blocos;;00-Geral;Procedimento Operacional Padrão;Pauline Gomez;0;26/03/2024;08/04/2024;07/07/2026;06/10/2026;Sim;SURFAÇAGEM;Blocagem
683;POP.1042;Limpieza y Mantenimiento - Chapetas de Bloqueadora;;00-General;Procedimento Operacional Padrão;Pauline Gomez;0;26/03/2024;08/04/2024;07/07/2026;06/10/2026;Sim;;
684;POP.1044;Manual Operacional - Inspeção de Porta Bloco;;00-Geral;Procedimento Operacional Padrão;Pauline Gomez;0;26/03/2024;10/07/2024;10/07/2026;09/10/2026;Sim;SURFAÇAGEM;Blocagem
685;POP.1046;Manual Operacional - Reenvio de XML - Faturamento - Sumaré CD;;Sumaré CD;Procedimento Operacional Padrão;Denise Miranda;1;15/05/2025;15/05/2025;15/05/2026;13/08/2026;Sim;;
686;POP.1047;Manual Operacional - Fluxo de Pedidos - Grown;;Grown;Procedimento Operacional Padrão;Rodrigo Silva;1;05/02/2025;12/02/2025;12/02/2026;13/05/2026;Sim;;
687;POP.1048;Manual Operacional - Fluxo dos Pedidos HMC - Grown;;Grown;Procedimento Operacional Padrão;Marcia Alves;2;05/02/2025;12/02/2025;12/02/2026;13/05/2026;Sim;;
688;POP.1049;Manual Operacional - Extração de Relatório no Hodie para Controle de NF - Sumaré CD;;Sumaré CD;Procedimento Operacional Padrão;Denise Miranda;1;15/05/2025;15/05/2025;15/05/2026;13/08/2026;Sim;;
689;POP.105;Manual Operacional - Estufa Memmert;Antiga referência POP-2.EST.03. Elaborado em 22/02/2019;04-Cura;Procedimento Operacional Padrão;Taís Flores;7;18/03/2022;21/03/2022;19/06/2026;18/09/2026;Sim;HMC;Forno / Estufa
690;POP.1050;Manual Operacional - Casamento de Nota Fiscal x Produto Faturado - Sumaré CD;;Sumaré CD;Procedimento Operacional Padrão;Denise Miranda;1;07/07/2025;14/07/2025;14/07/2026;12/10/2026;Sim;;
691;POP.1051;Manual Operacional - Lente de Gabarito para Polimento;;00-Geral;Procedimento Operacional Padrão;Renato Dias;0;05/04/2024;05/04/2024;06/04/2026;06/07/2026;Sim;;
692;POP.1052;Manual Operacional - Backup de Máquinas Satisloh;;00-Geral SURFACE;Procedimento Operacional Padrão;José Roberto;0;08/04/2024;10/07/2024;10/07/2026;09/10/2026;Sim;;
693;POP.1053;Manual Operacional - Cortesia Voucher PPE - Grown;;Grown;Procedimento Operacional Padrão;Ronald Witzke;0;10/04/2024;12/04/2024;13/04/2026;13/07/2026;Sim;;
694;POP.1054;Manual Operacional - Procedimento de Testes Para Novos Blocos - Grown;;Grown;Procedimento Operacional Padrão;Michel Vieira;0;10/04/2024;12/04/2024;13/04/2026;13/07/2026;Sim;;
695;POP.1057;Manual Operacional - Comunicação com o Cliente - Visolab;;Visolab;Procedimento Operacional Padrão;Jaldo Reis;0;18/04/2024;18/04/2024;17/04/2026;17/07/2026;Sim;;
696;POP.1058;Manual Operacional - Inspeção de Saída do HC - Visolab;;00-Geral HC;Procedimento Operacional Padrão;Jaldo Reis;0;19/04/2024;19/04/2024;20/04/2026;20/07/2026;Sim;;
697;POP.1059;Manual Operacional - Aplicação de Tratamento em Blocos - Visolab;;Visolab;Procedimento Operacional Padrão;Jaldo Reis;0;19/04/2024;19/04/2024;20/04/2026;20/07/2026;Sim;;
698;POP.106;Limpeza e Manutenção - Estufa Memmert;Referência antiga POP-2.EST.04. Elaborado em 22/02/2019;04-Cura;Procedimento Operacional Padrão;Lucineide Pereira;5;18/03/2022;21/03/2022;21/03/2025;18/09/2026;Sim;HMC;Forno / Estufa
699;POP.1060;Manual Operacional - Indicadores do Engeman - Visolab;;Visolab;Procedimento Operacional Padrão;Jaldo Reis;0;19/04/2024;19/04/2024;20/04/2026;20/07/2026;Sim;;
700;POP.1061;Manual Operacional - Faturamento da Expedição - Lab Rio;;LabRio;Procedimento Operacional Padrão;Samira Amaro;0;22/04/2024;08/05/2024;08/05/2026;07/08/2026;Sim;;
701;POP.1064;Manual Operacional - Emissão Minutas de Embarque - Sumaré CD;;Sumaré CD;Procedimento Operacional Padrão;Denise Miranda;1;08/07/2025;14/07/2025;14/07/2026;12/10/2026;Sim;;
702;POP.1065;Manual Operacional - Emissão de Romaneio na Plataforma Hodie - Sumaré CD;;Sumaré CD;Procedimento Operacional Padrão;Denise Miranda;1;14/05/2025;15/05/2025;15/05/2026;13/08/2026;Sim;;
703;POP.1066;Manual Operacional - Operação do Varilux XR - Visolab;;Visolab;Procedimento Operacional Padrão;Jaldo Reis;0;17/05/2024;05/06/2024;05/06/2026;04/09/2026;Sim;;
704;POP.1067;Calibración Operativa - Angulo de Prisma - PRA;;PRA;Procedimento Operacional Padrão;Pauline Gomez;0;22/05/2024;10/07/2024;10/07/2026;09/10/2026;Sim;;
705;POP.1068;Manual Operacional - Compra de Matéria-Prima - Grown;;Grown;Procedimento Operacional Padrão;João Sales;0;03/06/2024;06/06/2024;05/06/2026;04/09/2026;Sim;;
706;POP.1069;Calibración Operativa - Perpendicularidad - VFT Orbti 1;;VFT Orbit 1;Procedimento Operacional Padrão;Pauline Gomez;2;23/08/2024;19/09/2024;19/09/2025;18/12/2025;Sim;;
707;POP.107;Controle de Parâmetros -  Estufa Memmert;;04-Cura;Procedimento Operacional Padrão;Marília Novais;4;06/10/2022;03/10/2023;02/10/2025;31/12/2025;Sim;HMC;Forno / Estufa
708;POP.1070;Manual Operacional - Abertura de chamados no Engeman - Visolab;;Visolab;Procedimento Operacional Padrão;Jaldo Reis;0;18/06/2024;01/07/2024;01/07/2026;30/09/2026;Sim;;
709;POP.1071;Manual Operacional - Blocadora Weco C6;;Outros;Procedimento Operacional Padrão;Evany Rabelo;0;21/06/2024;11/11/2025;11/11/2026;09/02/2027;Sim;;
710;POP.1072;Manual Operacional - Produto Não Conforme - Repro;;Repro;Procedimento Operacional Padrão;Laura Vaz;1;21/11/2025;24/11/2025;24/11/2026;22/02/2027;Sim;;
711;POP.1073;Manual Operacional - Compra e Recebimento de Blocos e Lentes - Tecnolens;;Tecnolens;Procedimento Operacional Padrão;Vinicius Silva;0;19/07/2024;23/07/2024;23/07/2026;22/10/2026;Sim;RECEBIMENTO;"Recebimento
Blocos e Lentes"
712;POP.1075;Manual Operacional - Estoque de Blocos (FIFO) - Grown;Descrever o processo de armazenagem de blocos visando seguir a classificação do Padrão de Qualidade de Referência (PQR) seguindo a Metodologia FIFO para laboratório Grown Optical.;Grown;Procedimento Operacional Padrão;Rubens Paixão;1;24/10/2025;07/11/2025;07/11/2026;05/02/2027;Sim;;
713;POP.1076;Manual Operacional - Embalagem dos Serviços da Montagem - Grown;;Grown;Procedimento Operacional Padrão;Priscila Souza;0;25/07/2024;06/08/2024;06/08/2026;04/11/2026;Sim;;
714;POP.1078;Manual Operacional - Elaboração e Revisão de Documentos;;11-APRENDIZAGEM QUALIEX;Procedimento Operacional Padrão;Nathália Brandão;0;07/08/2024;27/08/2024;27/08/2026;25/11/2026;Sim;;
715;POP.1079;Manual Operacional Pré-Inspeção (Repro);;01-Pré-Inspeção - Preparação;Procedimento Operacional Padrão;Larissa Alves;0;07/08/2024;07/08/2024;07/08/2026;05/11/2026;Sim;;
716;POP.108;Manual Operacional - Forno Essemtec;;04-Cura;Procedimento Operacional Padrão;Taís Flores;3;23/09/2020;04/01/2021;27/10/2025;27/12/2025;Sim;HMC;Forno / Estufa
717;POP.1080;Manual Operacional Pré-Inspeção (Visolab);;01-Pré-Inspeção - Preparação;Procedimento Operacional Padrão;Jaldo Reis;0;08/08/2024;12/08/2024;12/08/2026;10/11/2026;Sim;;
718;POP.1081;Manual Operacional - Inspeção Final - Visolab;;09-Inspeção Final;Procedimento Operacional Padrão;Jaldo Reis;0;08/08/2024;12/08/2024;12/08/2026;10/11/2026;Sim;;
719;POP.1082;Manual Operacional - Embalagem de Lentes - Visolab;;Visolab;Procedimento Operacional Padrão;Jaldo Reis;0;15/08/2024;15/08/2024;14/08/2026;12/11/2026;Sim;;
720;POP.1083;Manual Operacional - Verificação Lux;;Verificação Lux;Procedimento Operacional Padrão;Nathália Brandão;0;16/08/2024;27/08/2024;27/08/2026;25/11/2026;Sim;QUALIDADE;CALIBRAÇÃO
721;POP.1084;Calibracion Operativa - Laser Flash UV;;Laser Flash UV;Procedimento Operacional Padrão;Nathália Brandão;0;03/09/2024;18/09/2024;18/09/2025;17/12/2025;Sim;;
722;POP.1085;Calibração Operacional - Laser Flash UV;;Laser Flash UV;Procedimento Operacional Padrão;Marcelo Bastos;0;05/09/2024;18/09/2024;18/09/2025;17/12/2025;Sim;;
723;POP.1086;Manual Operacional - Calibração do Inspetor Referência;;Inspetor Referência;Procedimento Operacional Padrão;Lucineide Pereira;0;09/09/2024;26/09/2024;26/09/2025;25/12/2026;Sim;;
724;POP.1087;Calibração Operacional - Perpendicularidade - VFT Orbit 1;;VFT Orbit 1;Procedimento Operacional Padrão;Robson Azevedo;0;16/09/2024;18/09/2024;18/09/2025;17/12/2025;Sim;;
725;POP.1088;Manual Operacional - Devolução - Sumaré CD;;Sumaré CD;Procedimento Operacional Padrão;Nathália Brandão;0;16/09/2024;16/09/2024;16/09/2025;15/12/2025;Sim;;
726;POP.1089;Manual Operacional - Triagem de Pedidos da Expedição e Faturamento do Sedex - Grown;;Grown;Procedimento Operacional Padrão;Luis Felipe;0;27/09/2024;14/10/2024;14/10/2025;12/01/2026;Sim;;
727;POP.109;Manual Operacional - Forno Dima;;04-Cura;Procedimento Operacional Padrão;Christiano Silva;4;17/05/2023;17/07/2023;16/07/2026;15/10/2026;Sim;HMC;0
728;POP.1090;Manual Operacional - Importação de Pedidos da Expedição - Grown;;Grown;Procedimento Operacional Padrão;Luis Felipe;0;27/09/2024;14/10/2024;14/10/2025;12/01/2026;Sim;;
729;POP.1091;Manual Operacional - Higienização da Câmara de Trabalho (VFT Orbit 1 e 2) - Technopark;;Technopark;Procedimento Operacional Padrão;Rodrigo Brandão;0;01/10/2024;21/10/2024;21/10/2025;19/01/2026;Sim;;
730;POP.1092;Manual Operacional - Pós-Vendas - Ceditop;;Ceditop;Procedimento Operacional Padrão;Giovana Sturmer;1;09/09/2025;27/09/2025;27/09/2026;26/12/2026;Sim;;
731;POP.1095;Manual Operacional - Chamado de Compras Opex - Repro;;Repro;Procedimento Operacional Padrão;Debora Rocha;0;25/10/2024;28/10/2024;28/10/2025;26/01/2026;Sim;;
732;POP.1096;Manual Operacional - Lançamento de Notas Fiscais (Garantia, Beneficiário e Simples remessa) - Grown;;Grown;Procedimento Operacional Padrão;Maisa Silva;0;29/10/2024;04/11/2024;04/11/2025;02/02/2026;Sim;;
733;POP.1097;Manual Operacional Pré-Inspeção (Grown);;01-Pré-Inspeção - Preparação;Procedimento Operacional Padrão;Bruno Cangussu;1;12/02/2025;12/02/2025;12/02/2026;13/05/2026;Sim;;
734;POP.1098;Manual Operacional - Detector de UV Martinato AM-221N;;04-COLORAÇÃO;Procedimento Operacional Padrão;Renan Barbosa;0;29/10/2024;08/11/2024;08/11/2025;06/02/2026;Sim;;
735;POP.1099;Manual Operacional - Estoque de Lentes Prontas (FIFO) - Grown;;Grown;Procedimento Operacional Padrão;Matheus Gomes;0;31/10/2024;04/11/2024;04/11/2025;02/02/2026;Sim;;
736;POP.1100;Calibração Operacional - VFT Orbit 2i;;VFT Orbit 2i;Procedimento Operacional Padrão;Robson Azevedo;0;31/10/2024;18/11/2024;18/11/2025;16/02/2026;Sim;;
737;POP.1102;Manual Operacional - Operação do Varilux XR - Grown;Descrever o procedimento para operação da produção do produto Varilux XR (G9) no laboratório Grown Optical.;Grown;Procedimento Operacional Padrão;Natalia Silva;1;11/03/2025;25/03/2025;25/03/2026;23/06/2026;Sim;;
738;POP.1103;Manual Operacional - Criação de Local de Estoques de Blocos e Lentes Prontas - Grown;;Grown;Procedimento Operacional Padrão;Rodrigo Silva;0;13/12/2024;13/01/2025;13/01/2026;13/04/2026;Sim;;
739;POP.1104;Manual Operacional - Ajuste de Saldo - Grown;;Grown;Procedimento Operacional Padrão;Rodrigo Silva;0;13/12/2024;13/01/2025;13/01/2026;13/04/2026;Sim;;
740;POP.1105;Manual Operacional – Conferência de Montagem com Gabarito – Repro;;Repro;Procedimento Operacional Padrão;Anderson Smaniotto;0;19/12/2024;26/12/2024;26/12/2025;26/03/2026;Sim;;
741;POP.1106;Manual Operacional - Inventário de Estoques - Grown;;Grown;Procedimento Operacional Padrão;Rodrigo Silva;0;24/12/2024;13/01/2025;13/01/2026;13/04/2026;Sim;;
742;POP.1107;Manual Operacional - Processos e Relatórios de Garantia - Visolab;;Visolab;Procedimento Operacional Padrão;Jaldo Reis;0;10/01/2025;17/02/2025;17/02/2026;18/05/2026;Sim;;
743;POP.1108;Manual Operacional - Fluxo de Entrada de Material na Expedição - Technopark;Fluxo de entrada de materiais para envio ao cliente vindos dos departamentos da Technopark;Technopark;Procedimento Operacional Padrão;Fabrina Souza;0;13/01/2025;21/02/2025;21/02/2026;22/05/2026;Sim;;
744;POP.1109;Manual Operacional - Ações Preventivas e Corretivas Laser Flash UV - Technopark;Ações preventivas e corretivas Laser Flash UV;Technopark;Procedimento Operacional Padrão;Fabrina Souza;1;19/08/2025;05/09/2025;05/09/2026;04/12/2026;Sim;;
745;POP.111;Limpeza do Forno DIMA;POP-2.FOR.06;04-Cura;Procedimento Operacional Padrão;Carlos Anselme;4;03/12/2019;10/12/2019;10/09/2025;10/12/2025;Sim;HMC;0
746;POP.1110;Manual Operacional - Aprovação de quebra - Technopark;Aprovação de Quebra;Technopark;Procedimento Operacional Padrão;Fabrina Souza;0;13/01/2025;21/02/2025;21/02/2026;22/05/2026;Sim;;
747;POP.1112;Manual Operacional – Limpeza de Pipeta - Repro;;Repro;Procedimento Operacional Padrão;Laura Vaz;0;31/01/2025;04/02/2025;04/02/2026;05/05/2026;Sim;;
748;POP.1113;Manual Operacional - Inventário de Estoque - digiTOP;;digiTOP;Procedimento Operacional Padrão;Nickolle Rodrigues;0;11/02/2025;14/02/2025;14/02/2026;15/05/2026;Sim;;
749;POP.1114;Calibração Operacional - Spin MRIII;;05-SPIN;Procedimento Operacional Padrão;Renan Barbosa;0;17/02/2025;20/02/2025;20/02/2026;21/05/2026;Sim;;
750;POP.1115;Manual Operacional - Mapa de Produção Industrial - Tecnolens;;Tecnolens;Procedimento Operacional Padrão;Vinicius Silva;0;19/02/2025;05/03/2025;05/03/2026;03/06/2026;Sim;QUALIDADE;TI
751;POP.1118;Manual Operacional - Montagem de Garra - SCL CDC1000;;01-Pré-Inspeção - Preparação;Procedimento Operacional Padrão;Larissa Alves;0;26/02/2025;09/07/2025;09/07/2026;07/10/2026;Sim;;
752;POP.1119;Manual Operacional - Certificação de Pedidos - Grown;Descrever o procedimento para o processo de certificação de pedidos do laboratório Grown Optical.;Grown;Procedimento Operacional Padrão;Luis Felipe;1;21/10/2025;05/11/2025;05/11/2026;03/02/2027;Sim;;
753;POP.112;Manutenção do Forno Dima;POP-2.FOR.07;04-Cura;Procedimento Operacional Padrão;Robson Soares;3;27/11/2019;13/12/2019;10/09/2025;10/12/2025;Sim;HMC;0
754;POP.1120;Requisição de Insumos - digiTOP;POP - Requisição de Insumos - digiTOP;digiTOP;Procedimento Operacional Padrão;Nickolle Rodrigues;0;13/03/2025;17/03/2025;17/03/2026;15/06/2026;Sim;;
755;POP.1121;Manual Operacional - Conferência Final da Surfaçagem - Grown;Descrever o procedimento de conferência final dos pedidos da surfaçagem do laboratório Grown Optical.;Grown;Procedimento Operacional Padrão;Silvio Silva;0;17/03/2025;08/05/2025;08/05/2026;06/08/2026;Sim;;
756;POP.1122;Manual Operacional - Armazenamento de blocos e lentes no estoque - Visolab;;Visolab;Procedimento Operacional Padrão;Jaldo Reis;0;18/03/2025;02/05/2025;02/05/2026;31/07/2026;Sim;;
757;POP.1124;Procedimento Ordem de Serviço - Fracttal;;00-Fracttal;Procedimento Operacional Padrão;Rodrigo Brandão;0;29/04/2025;09/06/2025;09/06/2026;07/09/2026;Sim;;
758;POP.1125;Manual Operacional - Lançamentos de Notas Fiscais (Tratamento Antirreflexo) - digiTOP;Lançamentos de Notas Fiscais (Tratamento Antirreflexo) - digiTOP;digiTOP;Procedimento Operacional Padrão;Nickolle Rodrigues;0;30/04/2025;07/05/2025;07/05/2026;05/08/2026;Sim;;
759;POP.1126;Manual Operacional - Inspeção Final - Grown;Descrever o procedimento de inspeção final e retrabalho das lentes no processo de produção do HMC pelo laboratório Grown Optical;09-Inspeção Final;Procedimento Operacional Padrão;Silvio Silva;0;30/04/2025;10/07/2025;10/07/2026;08/10/2026;Sim;;
760;POP.1127;Manual Operacional - Armazenagem - Sumaré CD;;Sumaré CD;Procedimento Operacional Padrão;Denise Miranda;1;16/05/2025;17/06/2025;17/06/2026;15/09/2026;Sim;;
761;POP.1128;Manual Operacional - Embalagem - Sumaré CD;;Sumaré CD;Procedimento Operacional Padrão;Denise Miranda;1;10/07/2025;14/07/2025;14/07/2026;12/10/2026;Sim;;
762;POP.1129;Manual Operacional - Etiqueta de Identificação Exportação - Sumaré CD;Novo arquivo no sistema - Fluxo Iniciado;Sumaré CD;Procedimento Operacional Padrão;Denise Miranda;0;14/05/2025;15/05/2025;15/05/2026;17/07/2026;Sim;;
763;POP.113;Limpeza e Manutenção - Forno Essemtec;;04-Cura;Procedimento Operacional Padrão;Marília Novais;4;02/09/2022;03/11/2022;19/01/2026;18/04/2026;Sim;HMC;Forno / Estufa
764;POP.1130;Serviços de Garantia - Visolab;;Visolab;Procedimento Operacional Padrão;Jaldo Reis;2;21/05/2025;29/05/2025;29/05/2026;27/08/2026;Sim;;
765;POP.1132;Limpieza del sistema de pulido centralizado;;00-General;Procedimento Operacional Padrão;Pauline Gomez;0;03/06/2025;10/06/2025;10/06/2026;08/09/2026;Sim;;
766;POP.1133;Limpeza do sistema de polimento centralizado;;00-Geral;Procedimento Operacional Padrão;Pauline Gomez;0;03/06/2025;10/06/2025;10/06/2026;08/09/2026;Sim;;
767;POP.1134;Manual Operacional - Bazel HC6 - Lab Rio;;LabRio;Procedimento Operacional Padrão;Jéssica de Aquino;0;04/06/2025;10/06/2025;10/06/2026;08/09/2026;Sim;;
768;POP.1135;Manual Operacional - Retrabalho Surfaçagem - Lab Rio;;LabRio;Procedimento Operacional Padrão;Jéssica de Aquino;0;04/06/2025;10/06/2025;10/06/2026;08/09/2026;Sim;;
769;POP.1136;Limpeza e Manutenção - Bazell HC6 - Lab Rio;;LabRio;Procedimento Operacional Padrão;Jéssica de Aquino;0;04/06/2025;10/06/2025;10/06/2026;08/09/2026;Sim;;
770;POP.1137;Limpeza e Manutenção - Slurry System - Lab Rio;;LabRio;Procedimento Operacional Padrão;Jéssica de Aquino;0;04/06/2025;10/06/2025;10/06/2026;08/09/2026;Sim;;
771;POP.1138;Limpeza e Manutenção da Derretedora de Alloy - Lab Rio;;LabRio;Procedimento Operacional Padrão;Jéssica de Aquino;0;04/06/2025;10/06/2025;10/06/2026;08/09/2026;Sim;;
772;POP.1139;Manual Operacional - Digitação para Pré-Produção Lab Rio;;LabRio;Procedimento Operacional Padrão;Vanessa Santana da Silva;0;04/06/2025;10/06/2025;10/06/2026;08/08/2026;Sim;;
773;POP.114;Controle de Parâmetros - Forno Essemtec;;04-Cura;Procedimento Operacional Padrão;Lucineide Pereira;2;27/11/2019;22/02/2022;10/08/2026;09/11/2026;Sim;HMC;Forno / Estufa
774;POP.1141;Manual Operacional - Conferência de Pedidos Manual - Sumaré CD;Emissão Inicial;Sumaré CD;Procedimento Operacional Padrão;Denise Miranda;0;17/06/2025;14/07/2025;14/07/2026;12/10/2026;Sim;;
775;POP.1142;Manual Operacional - Controle de Quantidade de Quebras - Grown;Descrever o processo padronizado para acompanhar a quantidade de quebras do laboratório Grown  Optical.;Grown;Procedimento Operacional Padrão;Rodrigo Silva;0;24/06/2025;29/08/2025;29/08/2026;27/11/2026;Sim;;
776;POP.1143;Manual Operacional – Lançamento de Notas Fiscais (Tratamento Antirreflexo) – Optilab;;Optilab;Procedimento Operacional Padrão;Nickolle Rodrigues;0;26/06/2025;09/07/2025;09/07/2026;07/10/2026;Sim;;
777;POP.1144;Manual Operacional - Conferência de Pedidos Automática - Sumaré CD;Emissão Inicial;Sumaré CD;Procedimento Operacional Padrão;Denise Miranda;0;07/07/2025;14/07/2025;14/07/2026;12/10/2026;Sim;;
778;POP.1145;Salvar Resultados dos Testes de HC - Lab Rio;;LabRio;Procedimento Operacional Padrão;Renan Barbosa;0;08/07/2025;14/07/2025;14/07/2026;12/10/2026;Sim;;
779;POP.1146;Remoção da Camada de Proteção do Antirreflexo (Blue Pad) - Lab Rio;;LabRio;Procedimento Operacional Padrão;Renan Barbosa;0;09/07/2025;14/07/2025;14/07/2026;12/10/2026;Sim;;
780;POP.1147;Simulação de Documento;;Backup;Procedimento Operacional Padrão;Jessika Menacho;0;10/07/2025;10/07/2025;10/07/2026;08/10/2026;Sim;;
781;POP.1148;Manual Operacional - Recebimento Matéria-Prima e Insumos - Sumaré Laboratório;Emissão Inicial;Sumaré Laboratório;Procedimento Operacional Padrão;Denise Miranda;0;18/07/2025;24/07/2025;24/07/2026;22/10/2026;Sim;;
782;POP.1150;Manual Operacional - Lançamento de Quebras e Defeito de Bloco - digiTOP;;digiTOP;Procedimento Operacional Padrão;Nickolle Rodrigues;0;02/08/2025;05/08/2025;05/08/2026;03/11/2026;Sim;;
783;POP.1151;Manual Operacional - Manutenção Iogun - Mark I;POP para orientação na Manutenção do Iogun Mark I;00-Geral AR;Procedimento Operacional Padrão;Alexander Mendes;0;05/08/2025;28/08/2025;28/08/2026;26/11/2026;Sim;;
784;POP.1154;POP.Manual Operacional-  Cálculo de Serviços- Ceditop;;Ceditop;Procedimento Operacional Padrão;Leticia Santos;0;11/08/2025;05/09/2025;05/09/2026;04/12/2026;Sim;;
785;POP.1156;Manual Operacional - Limpeza das Evaporadoras - Grown;;00-Geral AR;Procedimento Operacional Padrão;Bruno Cangussu;0;14/08/2025;29/08/2025;29/08/2026;27/11/2026;Sim;;
786;POP.1157;Manual Operacional - Retirada de Serviço no Balcão - Repro;;Repro;Procedimento Operacional Padrão;Debora Rocha;1;21/08/2025;27/08/2025;27/08/2026;25/11/2026;Sim;;
787;POP.1158;Expedição, Faturamento e Envio de Pedidos - Repro;;Repro;Procedimento Operacional Padrão;Debora Rocha;1;21/08/2025;27/08/2025;27/08/2026;25/11/2026;Sim;;
788;POP.1159;Manual Operacional - Quebras de Armação - Repro;;Repro;Procedimento Operacional Padrão;Laura Vaz;0;20/08/2025;29/08/2025;29/08/2026;27/11/2026;Sim;;
789;POP.1160;Manual Operacional - Reembolso de  Armação - Technopark;Manual Operacional , descevendo o procedimento como realizar a devolução do valor de custo da armação do cliente , em caso de extravios no transporte , ou danificação do produto devido manuseio incorreto (peça quebrada)  no laboratório.;Technopark;Procedimento Operacional Padrão;Rodrigo Lima;0;22/08/2025;30/10/2025;30/10/2026;28/01/2027;Sim;;
790;POP.1161;Perda e danificação de propriedade do Cliente - Tecnolens;Procedimento que visa descrever as ações necessárias em relação às propriedades dos clientes em caso de perdas e danificação;Tecnolens;Procedimento Operacional Padrão;Vinicius Silva;0;29/08/2025;12/09/2025;12/09/2026;11/12/2026;Sim;Atendimento;0
791;POP.1162;Reposição de Estoque - Tecnolens;Procedimento voltado para descrição da reposição de insumos;Tecnolens;Procedimento Operacional Padrão;Vinicius Silva;0;01/09/2025;12/09/2025;12/09/2026;11/12/2026;Sim;Estoque;Reposição de Estoque
792;POP.1178;Manual Operacional - Inventário de Estoque - Optilab;;Optilab;Procedimento Operacional Padrão;Nickolle Rodrigues;0;02/10/2025;13/10/2025;13/10/2026;11/01/2027;Sim;;
793;POP.1180;Manual Operacional – Inicio e Término de Separação do Estoque de Blocos - Grown;;Grown;Procedimento Operacional Padrão;Rubens Paixão;0;14/10/2025;28/10/2025;28/10/2026;26/01/2027;Sim;;
794;POP.119;Insumos para FOG-ID;DR-2.FOG.07 -;07-FOG;Procedimento Operacional Padrão;Vagner Domingos;3;22/02/2019;22/02/2019;;;Não;HMC;0
795;POP.1190;Manual Operacional - Recebimento de Mercadoria - Repro;;Repro;Procedimento Operacional Padrão;Debora Rocha;0;21/11/2025;26/11/2025;26/11/2026;24/02/2027;Sim;;
796;POP.1191;Manual Operacional - Armazenamento de Mercadoria - Repro;;Repro;Procedimento Operacional Padrão;Debora Rocha;0;21/11/2025;26/11/2025;26/11/2026;24/02/2027;Sim;;
797;POP.120;Materiais para FOG-ID;DR-2.FOG.08 -;07-FOG;Procedimento Operacional Padrão;Vagner Domingos;1;22/02/2019;22/02/2019;;;Não;HMC;0
798;POP.123;Padrão de Qualidade do FOG-ID;LUP-2.FOG.06 -;07-FOG;Procedimento Operacional Padrão;Vagner Domingos;1;22/02/2019;22/02/2019;11/11/2025;11/02/2026;Não;HMC;"Inspeção Final: 
Controle Final"
799;POP.125;Manual Operacional - 3DT FOG-ID;;07-FOG;Procedimento Operacional Padrão;Evellyn Santos;3;29/11/2023;28/12/2023;27/12/2025;27/03/2026;Sim;HMC;"Inspeção Final: 
Controle Final"
800;POP.132;Limpeza e Manutenção - CCM Mithril 1.5;;CCM;Procedimento Operacional Padrão;Christiano Silva;6;19/04/2024;25/04/2024;24/04/2026;24/07/2026;Sim;HMC;0
801;POP.138;Manual Operacional - CCM Mithril 1.5;manual operacional para utilização da CCM;CCM;Procedimento Operacional Padrão;Nathália Brandão;3;18/09/2019;23/02/2021;02/02/2026;02/05/2026;Sim;HMC;0
802;POP.142;Limpeza e Manutenção da D9-DP e  D9-PAC;POP-2.D09.04 -;D9 DP;Procedimento Operacional Padrão;Carlos Anselme;3;04/12/2019;19/12/2019;03/01/2026;02/05/2026;Sim;;
803;POP.146;Descontaminação do Sistema de Água DI - D13;;D13;Procedimento Operacional Padrão;Carlos Anselme;3;02/12/2019;04/12/2020;19/01/2026;19/04/2026;Sim;;
804;POP.148;Manual Operacional – D13 (Mithril 1.6);;D13;Procedimento Operacional Padrão;Felipe Costa;2;30/06/2023;27/10/2023;26/10/2025;24/01/2026;Sim;;
805;POP.149;Limpeza e Manutenção da D13;POP-2.D13.06 -;D13;Procedimento Operacional Padrão;Carlos Anselme;3;18/12/2019;19/12/2019;16/04/2026;15/07/2026;Sim;;
806;POP.150;Preparação de Químicos – D13 (Mithril 1.6);;D13;Procedimento Operacional Padrão;Felipe Costa;5;30/06/2023;15/07/2024;15/07/2026;14/10/2026;Sim;;
807;POP.152;Limpeza e Manutenção – D645 (Mithril 1.6);;D645;Procedimento Operacional Padrão;Christiano Silva;6;17/05/2023;31/01/2024;30/01/2025;12/02/2026;Sim;;
808;POP.155;Preparação de Químicos – D645 (Mithril 1.6);;D645;Procedimento Operacional Padrão;Christiano Silva;6;12/02/2025;30/05/2025;30/05/2026;28/08/2026;Sim;;
809;POP.156;Manual Operacional – D645 (Mithril 1.6);;D645;Procedimento Operacional Padrão;Christiano Silva;5;12/02/2025;30/05/2025;30/05/2026;28/08/2026;Sim;;
810;POP.157;Fluxo do HC;FL-2.HCE.00;00-Geral HC;Procedimento Operacional Padrão;Vagner Domingos;1;26/02/2019;26/02/2019;;;Não;HMC;Antirrisco: Destratamento e Verniz
811;POP.159;Manual Operacional - Jateamento CMV;;06-Jateamento;Procedimento Operacional Padrão;Renan Barbosa;5;19/09/2024;16/10/2024;16/10/2025;14/01/2026;Sim;HMC;Antirreflexo
812;POP.160;Limpeza e Manutenção - Jateamento CMV;;06-Jateamento;Procedimento Operacional Padrão;Renan Barbosa;4;01/06/2023;17/07/2023;16/07/2026;15/10/2026;Sim;HMC;Antirreflexo
813;POP.164;Limpeza e Manutenção - CTA Automática 25L;;CTA Automática;Procedimento Operacional Padrão;Marília Novais;5;23/09/2022;20/05/2024;20/05/2026;19/08/2026;Sim;;
814;POP.165;Manual Operacional - CTA Automática 25L;;CTA Automática;Procedimento Operacional Padrão;Marília Novais;4;02/09/2022;03/10/2023;02/10/2025;31/12/2025;Sim;;
815;POP.196;Retirada do Antirreflexo com Alkalisol BFA (Ingenchem);;00-Geral Destratamento;Procedimento Operacional Padrão;Solange Viana;4;27/04/2022;11/05/2022;10/08/2026;09/11/2026;Sim;HMC;Antirrisco: Destratamento e Verniz
816;POP.210;Materiais e Peças de Instalação HMC;DR-2.HMC.01 -;00-Geral HMC;Procedimento Operacional Padrão;Carlos Anselme;2;04/12/2019;20/09/2022;20/09/2025;19/01/2026;Não;HMC;0
817;POP.211;Matriz Troubleshooting HMC;DR-2.HMC.03 -;00-Troubleshooting;Procedimento Operacional Padrão;Fábio Silva;2;07/08/2019;13/12/2019;19/02/2026;20/05/2026;Não;HMC;0
818;POP.212;Padrão de Água;DR-2.HMC.04 -;00-Geral HC;Procedimento Operacional Padrão;Vagner Domingos;3;26/02/2019;26/02/2019;;;Não;HMC;"Antirrisco:
Prep. de Químicos e Manutenção"
819;POP.213;Troubleshooting HMC;POP 2.HMC.02-;00-Troubleshooting;Procedimento Operacional Padrão;Fábio Silva;2;07/08/2019;26/11/2019;17/02/2026;17/05/2026;Não;HMC;0
820;POP.214;Chiller;POP-2.MAN.01;Utilidades;Procedimento Operacional Padrão;Fábio Silva;3;07/08/2019;12/12/2019;20/07/2025;30/11/2025;Sim;MAN. HMC;CHILLER
821;POP.216;Manual Operacional Pré (MG);POP-2.PRE.12_;01-Pré-Inspeção - Preparação;Procedimento Operacional Padrão;Vagner Domingos;4;18/03/2020;19/08/2020;01/06/2024;02/09/2026;Sim;HMC;0
822;POP.241;Montagem de Garra (16 e 32 Lentes);;01-Pré-Inspeção - Preparação;Procedimento Operacional Padrão;Evellyn Santos;8;10/02/2025;30/05/2025;30/05/2026;28/08/2026;Sim;HMC;Antirrisco: Destratamento e Verniz
823;POP.242;Fluxo de Retonos Garantias e Laudos - Coatings;FL-2.QLD.01 -;Laudos;Procedimento Operacional Padrão;Vagner Domingos;1;27/02/2019;27/02/2019;10/08/2026;09/11/2026;Sim;;
824;POP.251;CRITÉRIOS PARA MONITORAMENTO DE PROCESSOS DO ORMA, MITHRIL 1.5, CRIZAL PREVENCIA SNO2 (Cx), CRIZAL FORTE UV DSX2 (Cc) (2);DR-2.CQE.43 -;00-Controle do Processo HMC;Procedimento Operacional Padrão;Vagner Domingos;2;27/02/2019;27/02/2019;;;Não;HMC;0
825;POP.253;Curva Teórica Crizal Prevencia M1.5;DR-2.CQE.45 -;00-Curvas de Antirreflexo;Procedimento Operacional Padrão;Dalson Souza;4;20/05/2022;20/09/2022;20/09/2025;19/12/2025;Sim;HMC;0
826;POP.254;CRITÉRIOS PARA MONITORAMENTO DE PROCESSOS DO ANTIRREFLEXO DO ORMA, MITHRIL 1.5, OPTIFOG UV;DR-2.CQE.48 -;00-Controle do Processo HMC;Procedimento Operacional Padrão;Vagner Domingos;1;27/02/2019;27/02/2019;;;Não;HMC;0
827;POP.255;CRITÉRIOS PARA MONITORAMENTO DE PROCESSOS DO ORMA, MITHRIL 1.5, TRIO EASY CLEAN UV;DR-2.CQE.49 -;00-Controle do Processo HMC;Procedimento Operacional Padrão;Vagner Domingos;1;27/02/2019;27/02/2019;;;Não;HMC;0
828;POP.256;Fluxo Testes Qualidade AR;;Testes AR;Procedimento Operacional Padrão;Lucineide Pereira;11;09/04/2024;11/04/2024;13/04/2026;13/07/2026;Sim;HMC;Teste de Qualidade AR
829;POP.257;Carregamento Crizal UV;LUP-2.A12.01;00-Geral AR;Procedimento Operacional Padrão;Vagner Domingos;1;27/02/2019;27/02/2019;;;Não;HMC;Antirreflexo
830;POP.258;Definições e Ordem de Grandeza do SMR;LUP-2.CQE.17_;Testes AR;Procedimento Operacional Padrão;Vagner Domingos;2;27/02/2019;27/02/2019;;;Não;HMC;Teste de Qualidade AR
831;POP.262;Teste da Borracha - NX 10;;Testes AR;Procedimento Operacional Padrão;Jessika Menacho;8;19/04/2021;15/10/2021;15/10/2022;09/11/2026;Sim;HMC;Teste de Qualidade AR
832;POP.263;Teste do Sal - RCO2;;Testes AR;Procedimento Operacional Padrão;Jessika Menacho;12;24/04/2025;30/05/2025;30/05/2026;28/08/2026;Sim;HMC;Teste de Qualidade AR
833;POP.264;Teste Caneta (Ink Test);;Testes AR;Procedimento Operacional Padrão;Lucineide Pereira;11;08/08/2023;11/08/2023;10/08/2026;09/11/2026;Sim;HMC;Teste de Qualidade AR
834;POP.266;Teste Bola de Plasma;;Testes AR;Procedimento Operacional Padrão;Lucineide Pereira;11;09/08/2023;11/08/2023;10/08/2026;09/11/2026;Sim;HMC;Teste de Qualidade AR
835;POP.267;Calibração do SMR (Sistema de Medição por Reflexão);;Testes AR;Procedimento Operacional Padrão;Taís Flores;9;13/07/2023;13/09/2023;12/09/2025;11/12/2025;Sim;HMC;Teste de Qualidade AR
836;POP.268;Medição e Calibração do SMR-UV;;Testes AR;Procedimento Operacional Padrão;Jessika Menacho;8;24/04/2025;30/05/2025;30/05/2026;28/08/2026;Sim;HMC;Teste de Qualidade AR
837;POP.269;Fluxo de Testes de Qualidade HC;;Testes HC;Procedimento Operacional Padrão;Nathália Brandão;5;07/03/2024;12/03/2024;20/05/2026;20/08/2026;Sim;HMC;Teste de Qualidade HC
838;POP.270;Problemas e Soluções para Parâmetros do Verniz;LUP-2.HCE.05 -;00-Troubleshooting;Procedimento Operacional Padrão;Vagner Domingos;3;27/02/2019;27/02/2019;;;Não;HMC;0
839;POP.272;Teste de Viscosidade (Viscosímetro Manual);POP-2.CQE.02 -  Teste de Viscosidade;Testes HC;Procedimento Operacional Padrão;Lucineide Pereira;5;21/05/2019;30/05/2019;;;Não;HMC;0
840;POP.273;Teste de Medição de Espessura;POP-2.CQE.03 -;Testes HC;Procedimento Operacional Padrão;Priscila Mourão;6;25/06/2019;03/07/2019;30/06/2026;29/09/2026;Sim;HMC;Teste de Qualidade HC
841;POP.274;Teste de Extrato Seco - Mithril 1.5 - Sartorius;POP-2.CQE.22 -;Testes HC;Procedimento Operacional Padrão;Jessika Menacho;6;22/04/2025;15/05/2025;15/05/2026;13/08/2026;Não;HMC;Teste de Qualidade HC
842;POP.275;Teste de Adesão - Mithril 1.5, 1.6 e UV-NV / UV-XBT;;Testes HC;Procedimento Operacional Padrão;Jessika Menacho;6;24/04/2025;30/05/2025;30/05/2026;28/08/2026;Sim;HMC;Teste de Qualidade HC
843;POP.276;Adição de Primer e Verniz;POP-2.CQE.27;00-Geral HC;Procedimento Operacional Padrão;Vagner Domingos;2;27/02/2019;27/02/2019;;;Não;HMC;0
844;POP.283;Teste de Concentração de Soda 10% com densímetro;documentação inicial POP-2.CQE.59;Testes HC;Procedimento Operacional Padrão;Taís Flores;3;30/06/2021;13/04/2022;13/10/2025;13/01/2026;Sim;HMC;0
845;POP.285;Teste de Viscosidade - Automático com Brookfield LVDVE;;Testes HC;Procedimento Operacional Padrão;Jessika Menacho;5;06/04/2023;18/08/2023;17/08/2025;12/02/2026;Sim;HMC;0
846;POP.293;Teste de Concentração da Soda 10%;POP 2.CQE 14 -;Testes HC;Procedimento Operacional Padrão;Carlos Anselme;5;04/12/2019;04/12/2020;21/04/2026;21/07/2026;Sim;HMC;0
847;POP.295;Preparação de Químicos - Solução Indicadora de pH;POP 2.CQE.13 -;00-Geral Testes;Procedimento Operacional Padrão;Lucineide Pereira;6;09/11/2021;21/02/2022;20/08/2026;18/11/2026;Sim;HMC;0
848;POP.296;Teste de Concentração do Citrikleen + Novastrip;POP 2.CQE.16 -;Testes HC;Procedimento Operacional Padrão;Carlos Anselme;4;11/12/2019;13/12/2019;17/10/2025;19/01/2026;Sim;HMC;0
849;POP.297;Teste de Concentração da Soda 10%;POP-2.CQE.15;Testes HC;Procedimento Operacional Padrão;Fábio Silva;5;11/12/2019;30/12/2019;01/10/2025;02/12/2025;Sim;HMC;0
850;POP.300;Preparação do Removedor de Marcação Amarela (RMA);POP-2.CQE.54;00-Geral Destratamento;Procedimento Operacional Padrão;Aluysio Rougemont;6;04/12/2019;13/12/2019;10/10/2025;19/01/2026;Sim;HMC;0
851;POP.301;Preparação da Solução Detergente Tropical Strip;POP-2.CQE.55;00-Geral Destratamento;Procedimento Operacional Padrão;Aluysio Rougemont;5;04/12/2019;13/12/2019;03/11/2025;31/01/2026;Sim;HMC;"Antirrisco:
Prep. de Químicos e Manutenção"
852;POP.306;Calibração Diária de Sincronização;FL-14.FAC.01 -;Calibração - Sincronização;Procedimento Operacional Padrão;Vagner Domingos;2;28/02/2019;28/02/2019;;;Não;MONTAGEM;0
853;POP.307;Calibração Diária de Conferência;POP-14.FAC.02 -;Calibração - Sincronização;Procedimento Operacional Padrão;Vagner Domingos;2;28/02/2019;28/02/2019;;;Não;MONTAGEM;0
854;POP.308;Sincronização da Facetadora;POP-14.FAC.03 -;Calibração - Sincronização;Procedimento Operacional Padrão;Vagner Domingos;1;28/02/2019;28/02/2019;;;Não;MONTAGEM;0
855;POP.309;Manual Operacional - Conferência da Montagem;;Montagem e Inspeção;Procedimento Operacional Padrão;Nathália Brandão;4;30/06/2022;06/09/2022;06/09/2025;05/12/2025;Sim;MONTAGEM;Conferência
856;POP.310;Sincronização do Leitor;POP-14.LEI.01 -;Calibração - Sincronização;Procedimento Operacional Padrão;Vagner Domingos;2;28/02/2019;28/02/2019;;;Não;MONTAGEM;0
857;POP.351;Procedimento do Teste do RMA e Tropical Strip;Este documento foi elaborado em necessidade do novo produto para destratamento de lente;Testes HC;Procedimento Operacional Padrão;Solange Viana;3;04/12/2019;13/12/2019;01/11/2025;03/02/2026;Não;HMC;Teste de Qualidade HC
858;POP.364;Inspeção de Recebimento dos Verniz e Primer;;Estoque / Expedição;Procedimento Operacional Padrão;Lucineide Pereira;7;12/09/2024;26/11/2024;26/11/2025;24/02/2026;Sim;Estoque;Primer e Vernizes
859;POP.378;O que é Minilab;POP-11.101.01 -;Minilab;Procedimento Operacional Padrão;Vagner Domingos;1;14/03/2019;14/03/2019;;;Não;;
860;POP.379;Minilab - Consulta Tempo de Produção;POP-11.203.01 -;Minilab;Procedimento Operacional Padrão;Vagner Domingos;1;14/03/2019;14/03/2019;;;Não;;
861;POP.380;Pedidos Digitados Opticlick x Minilab;POP-11.301.02 -;Minilab;Procedimento Operacional Padrão;Vagner Domingos;1;14/03/2019;14/03/2019;;;Não;;
862;POP.381;Minilab - Demanda;POP-11.301.01 -;Minilab;Procedimento Operacional Padrão;Vagner Domingos;1;14/03/2019;14/03/2019;;;Não;;
863;POP.382;Pedidos Retornados;POP-11.301.03 -;Minilab;Procedimento Operacional Padrão;Vagner Domingos;1;14/03/2019;14/03/2019;;;Não;;
864;POP.383;Consulta Quebra Detalhado;POP-11.301.04 -;Minilab;Procedimento Operacional Padrão;Vagner Domingos;1;14/03/2019;14/03/2019;;;Não;;
865;POP.384;Tempo por Status;POP-11.301.05 -;Minilab;Procedimento Operacional Padrão;Vagner Domingos;1;14/03/2019;14/03/2019;;;Não;;
866;POP.385;Minilab - Pedidos de Cálculo;POP-11.301.06 -;Minilab;Procedimento Operacional Padrão;Vagner Domingos;1;14/03/2019;14/03/2019;;;Não;;
867;POP.386;Retorno de Pedidos;POP-11.301.07 -;Minilab;Procedimento Operacional Padrão;Vagner Domingos;1;14/03/2019;14/03/2019;;;Não;;
868;POP.387;Minilab - Faturamento por Mês;POP-11.301.08 -;Minilab;Procedimento Operacional Padrão;Vagner Domingos;1;14/03/2019;14/03/2019;;;Não;;
869;POP.388;Produtividade por Operador;POP-11.301.09 -;Minilab;Procedimento Operacional Padrão;Vagner Domingos;1;14/03/2019;14/03/2019;;;Não;;
870;POP.389;Minilab - Compromisso do dia;POP-11.301.10 -;Minilab;Procedimento Operacional Padrão;Vagner Domingos;1;14/03/2019;14/03/2019;;;Não;;
871;POP.390;Minilab - Troca de Senha;POP-11.401.01 -;Minilab;Procedimento Operacional Padrão;Vagner Domingos;1;14/03/2019;14/03/2019;;;Não;;
872;POP.391;Minilab - Permissão Status;POP-11.401.02 -;Minilab;Procedimento Operacional Padrão;Vagner Domingos;1;14/03/2019;14/03/2019;;;Não;;
873;POP.392;Minilab - Calendário;POP-11.401.03 -;Minilab;Procedimento Operacional Padrão;Vagner Domingos;1;14/03/2019;14/03/2019;;;Não;;
874;POP.393;Minilab - Rota de Pedidos;POP-11.401.04 -;Minilab;Procedimento Operacional Padrão;Vagner Domingos;1;14/03/2019;14/03/2019;;;Não;;
875;POP.394;Minilab - Usuário;POP-11.401.05 -;Minilab;Procedimento Operacional Padrão;Vagner Domingos;1;14/03/2019;14/03/2019;;;Não;;
876;POP.395;Minilab - Frete;POP-11.401.06;Minilab;Procedimento Operacional Padrão;Vagner Domingos;1;14/03/2019;14/03/2019;;;Não;;
877;POP.396;Minilab - Entrada de Bandeja;POP-11.501.02 -;Minilab;Procedimento Operacional Padrão;Vagner Domingos;1;14/03/2019;14/03/2019;;;Não;;
878;POP.397;Minilab - Fim de Quebra;POP-11.501.03 -;Minilab;Procedimento Operacional Padrão;Vagner Domingos;1;14/03/2019;14/03/2019;;;Não;;
879;POP.398;Minilab - Registro Reposição Quebra;POP-11.501.04 -;Minilab;Procedimento Operacional Padrão;Vagner Domingos;1;14/03/2019;14/03/2019;;;Não;;
880;POP.399;Minilab - Consulta Quebra;POP-11.501.05 -;Minilab;Procedimento Operacional Padrão;Vagner Domingos;1;14/03/2019;14/03/2019;;;Não;;
881;POP.400;Minilab - Alterar Status;POP-11-501.01 -;Minilab;Procedimento Operacional Padrão;Vagner Domingos;1;14/03/2019;14/03/2019;;;Não;;
882;POP.401;Minilab - Cadastro de Lançamento AR;POP-11.601.02 -;Minilab;Procedimento Operacional Padrão;Vagner Domingos;1;14/03/2019;14/03/2019;;;Não;;
883;POP.402;Minilab - Item;POP-11.601.05 -;Minilab;Procedimento Operacional Padrão;Vagner Domingos;1;14/03/2019;14/03/2019;;;Não;;
884;POP.403;Minilab - Lançamento de Produto;POP-11-601.06 -;Minilab;Procedimento Operacional Padrão;Vagner Domingos;2;14/03/2019;14/03/2019;;;Não;;
885;POP.404;Minilab - Cadastro de DC;POP-11.602.01 -;Minilab;Procedimento Operacional Padrão;Vagner Domingos;1;14/03/2019;14/03/2019;;;Não;;
886;POP.405;GARANTIAS;POP-12.SAC.01 -;SAC;Procedimento Operacional Padrão;Vagner Domingos;4;14/03/2019;14/03/2019;;;Não;Atendimento;Garantia
887;POP.406;SALESFORCE – ATENDIMENTO AO CONSUMIDOR;POP-12.SAC.02 -;SAC;Procedimento Operacional Padrão;Vagner Domingos;1;14/03/2019;14/03/2019;;;Não;;
888;POP.407;SALESFORCE - CRIANDO TAREFAS;POP-12.SAC.03 -;SAC;Procedimento Operacional Padrão;Vagner Domingos;1;14/03/2019;14/03/2019;;;Não;;
889;POP.408;SALESFORCE - ATENDIMENTO ÓTICAS;POP-12.SAC.04 -;SAC;Procedimento Operacional Padrão;Vagner Domingos;1;14/03/2019;14/03/2019;;;Não;;
890;POP.409;CÉLULA QUALIDADE;POP-12.SAC.05 -;SAC;Procedimento Operacional Padrão;Vagner Domingos;1;14/03/2019;14/03/2019;;;Não;;
891;POP.410;SALESFORCE - ATENDIMENTO 0800 E CONSUMIDOR;POP-12.SAC.06 -;SAC;Procedimento Operacional Padrão;Vagner Domingos;1;14/03/2019;14/03/2019;;;Não;;
892;POP.411;CÉLULA TÉCNICA;POP-12.SAC.07 -;SAC;Procedimento Operacional Padrão;Vagner Domingos;1;14/03/2019;14/03/2019;;;Não;;
893;POP.414;Instruções para Conferência Óptica de Lentes Progressivas (DF);LUP-1.CNF.05 -;09-Inspeção Final;Procedimento Operacional Padrão;Priscila Mourão;1;15/03/2019;15/03/2019;;;Sim;HMC;0
894;POP.422;Dicas de Atendimento;;SAC;Procedimento Operacional Padrão;Cristiano Silva da Silva;1;22/03/2019;25/03/2019;;;Não;Atendimento;ATENDIMENTO
895;POP.425;Preparo Acido Cítrico 20L;;00-Geral Destratamento;Procedimento Operacional Padrão;Vagner Domingos;0;25/03/2019;27/03/2019;;;Não;HMC;"Antirrisco:
Prep. de Químicos e Manutenção"
896;POP.427;Manual Operacional Pré-Inspeção (CE);;01-Pré-Inspeção - Preparação;Procedimento Operacional Padrão;Francisco Glauber;1;05/07/2022;26/08/2025;26/08/2026;24/11/2026;Sim;HMC;0
897;POP.429;Manual Operacional - Pré-Inspeção (SP);;01-Pré-Inspeção - Preparação;Procedimento Operacional Padrão;Solange Viana;6;08/07/2025;01/08/2025;01/08/2026;30/10/2026;Sim;HMC;0
898;POP.430;Teste de Medição de Espessura – SMR Thickness (New SMR Flame);Medição de espessura para 1.5 e 1.6;Testes HC;Procedimento Operacional Padrão;Jessika Menacho;3;23/04/2025;30/05/2025;30/05/2026;28/08/2026;Sim;HMC;Teste de Qualidade HC
899;POP.431;Teste de Extrato Seco - SARTORIUS MA35;;Testes HC;Procedimento Operacional Padrão;Jessika Menacho;3;22/04/2025;30/05/2025;30/05/2026;28/08/2026;Sim;HMC;Teste de Qualidade HC
900;POP.441;Confecção Lentes Referência de Potência_Essilor Version;;Lens Mark;Procedimento Operacional Padrão;Renato Dias;0;18/07/2019;17/12/2019;13/10/2025;19/01/2026;Sim;SURFAÇAGEM;Laser
901;POP.442;Confecção Lentes Referência de Potência_SL Version;Pop alterado conforme solicitação;Lens Mark;Procedimento Operacional Padrão;Renato Dias;0;18/07/2019;17/12/2019;01/06/2022;29/04/2026;Sim;SURFAÇAGEM;0
902;POP.444;Manual Operacional - Inspeção Final - RS;;09-Inspeção Final;Procedimento Operacional Padrão;Christiano Silva;2;13/06/2023;21/08/2023;20/08/2026;18/11/2026;Sim;HMC;0
903;POP.446;Tempo de Estabilização e Normalização_Versão Essilor;Nome alterado conforme solicitado;Lens Mark;Procedimento Operacional Padrão;Renato Dias;0;24/07/2019;30/10/2019;13/10/2025;13/01/2026;Sim;SURFAÇAGEM;Laser
904;POP.447;Teste de homogeneidade;;Lens Mark;Procedimento Operacional Padrão;Renato Dias;0;24/07/2019;18/09/2019;23/09/2025;23/12/2025;Sim;MAN. SURF.;0
905;POP.448;Teste de Segurança do Laser;;Lens Mark;Procedimento Operacional Padrão;Renato Dias;0;24/07/2019;18/09/2019;19/08/2026;17/11/2026;Sim;SURFAÇAGEM;Laser
906;POP.450;Carregamento Logos LensMark III;;Lens Mark;Procedimento Operacional Padrão;Marcelo Bastos;0;26/07/2019;18/09/2019;13/10/2025;19/01/2026;Sim;SURFAÇAGEM;Laser
907;POP.453;Manual Operacional - Acesso ao Sistema AR SPC;;00-Controle do Processo HMC;Procedimento Operacional Padrão;Dalson Souza;2;09/03/2022;20/09/2022;20/09/2025;05/01/2026;Sim;HMC;"Antirreflexo:
Ajustes de Processo"
908;POP.454;Manual Inspeção HC (PR);;00-Geral HC;Procedimento Operacional Padrão;Leandra Martins;0;08/08/2019;02/09/2019;05/05/2025;18/12/2025;Sim;;
909;POP.455;Troubleshooting iCLBS;;03-CLBS;Procedimento Operacional Padrão;José Roberto;1;19/08/2020;23/08/2023;21/08/2026;19/11/2026;Não;SURFAÇAGEM;Blocagem
910;POP.458;Procedimento Instalação SPC Mapper V3;;00-Controle de Processo e DSPC;Procedimento Operacional Padrão;José Roberto;1;16/12/2019;17/12/2019;23/09/2025;23/12/2025;Sim;STL;STL
911;POP.459;Troubleshooting CLBS;;03-CLBS;Procedimento Operacional Padrão;José Roberto;0;09/08/2019;15/12/2019;19/02/2026;20/05/2026;Sim;SURFAÇAGEM;Blocagem
912;POP.460;Manual Operacional - CLBS2;;03-CLBS;Procedimento Operacional Padrão;Nathália Brandão;1;01/11/2021;05/11/2021;05/08/2026;06/11/2026;Sim;SURFAÇAGEM;Blocagem
913;POP.461;Manual Operacional - CLBS 1 e iCLBS 1;;03-CLBS;Procedimento Operacional Padrão;Rogério Nogueira;1;24/11/2021;18/02/2022;18/08/2026;16/11/2026;Sim;SURFAÇAGEM;Blocagem
914;POP.464;Manutenção CLBS;;03-CLBS;Procedimento Operacional Padrão;José Roberto;0;12/08/2019;15/12/2019;07/07/2025;30/11/2025;Sim;SURFAÇAGEM;Blocagem
915;POP.466;Calibração Condutivímetro;;00-Geral Testes;Procedimento Operacional Padrão;Ana Carolina Americo;0;22/08/2019;22/08/2019;22/08/2021;;Sim;HMC;0
916;POP.467;Calibração pHmetro;;00-Geral Testes;Procedimento Operacional Padrão;Ana Carolina Americo;0;22/08/2019;22/08/2019;22/08/2021;;Sim;HMC;0
917;POP.469;Curva Teórica Crizal Prevencia M1.6;;00-Curvas de Antirreflexo;Procedimento Operacional Padrão;Alvaro Christofoli;1;02/09/2022;10/10/2023;09/10/2025;07/01/2026;Sim;HMC;"Antirreflexo:
Ajustes de Processo"
918;POP.473;Manual Operacional - Inspeção Final - CE;;09-Inspeção Final;Procedimento Operacional Padrão;Francisco Glauber;1;22/04/2022;10/05/2022;22/05/2026;22/08/2026;Sim;HMC;0
919;POP.474;Manual Operacional - Conferência Óptica (Decide);;DECIDE;Procedimento Operacional Padrão;Renan Barbosa;4;12/08/2024;14/08/2024;14/08/2026;12/11/2026;Sim;SURFAÇAGEM;Conferência
920;POP.475;Troubleshooting DSPC;;00-Controle de Processo e DSPC;Procedimento Operacional Padrão;Renato Dias;0;05/09/2019;15/12/2019;19/02/2026;20/05/2026;Não;SURFAÇAGEM;Preparação
921;POP.476;Manual Operacional - Inspeção Final - SP;;09-Inspeção Final;Procedimento Operacional Padrão;Solange Viana;5;03/12/2024;09/01/2025;09/01/2026;09/04/2026;Sim;HMC;0
922;POP.478;Calibração LensMark III;.;Lens Mark;Procedimento Operacional Padrão;Patricia França;0;13/09/2019;15/12/2019;13/10/2025;19/01/2026;Sim;SURFAÇAGEM;Laser
923;POP.479;Determinação Concentração da Soda com Refratômetro Digital;;Testes HC;Procedimento Operacional Padrão;Ana Carolina Americo;0;16/09/2019;19/09/2019;01/11/2025;03/02/2026;Sim;HMC;Teste de Qualidade HC
924;POP.482;Calibración Automática VFT Macro;;VFT Macro;Procedimento Operacional Padrão;Diego Galindo;0;25/09/2019;26/12/2019;13/10/2025;19/01/2026;Sim;;
925;POP.483;Calibração Operacional - VFT Macro;;VFT Macro;Procedimento Operacional Padrão;Diego Galindo;1;18/08/2023;23/08/2023;21/08/2026;19/11/2026;Sim;SURFAÇAGEM;CORTE
926;POP.491;Calibração Operacional - Toroflex;;Toroflex;Procedimento Operacional Padrão;Alessandro Barros;1;15/09/2023;12/10/2023;11/10/2025;09/01/2026;Sim;SURFAÇAGEM;Polimento
927;POP.495;Manual Operacional Pré-Inspeção (RS);Tem como objetivo orientar na inspeção de lentes que chegam ao Coating, descrevendo as etapas até o destratamento.;01-Pré-Inspeção - Preparação;Procedimento Operacional Padrão;Christiano Silva;3;12/04/2023;17/07/2023;16/07/2026;15/10/2026;Sim;HMC;0
928;POP.497;Calibração Fitadeira Semi-Auto;;Optic D-79364;Procedimento Operacional Padrão;Marcelo Bastos;0;07/11/2019;15/12/2019;13/10/2025;19/01/2026;Sim;SURFAÇAGEM;Fitagem
929;POP.498;Controle de Posicionamento da Pinça;;00-Controle de Processo e DSPC;Procedimento Operacional Padrão;José Roberto;4;19/05/2022;10/07/2024;10/07/2026;09/10/2026;Sim;SURFAÇAGEM;CORTE
930;POP.499;Limpeza dos Sensores de Vácuo máquinas de AR;;Antirreflexo;Procedimento Operacional Padrão;Ana Carolina Americo;0;29/11/2019;09/12/2019;01/12/2025;01/03/2026;Sim;MAN. HMC;DLX 1200
931;POP.503;Código de Barras para DSPC;;00-Controle de Processo e DSPC;Procedimento Operacional Padrão;José Roberto;0;06/12/2019;15/12/2019;17/08/2026;16/11/2026;Sim;SURFAÇAGEM;Preparação
932;POP.505;Procedimento DSPC nas Máquinas Schneider;;00-Controle de Processo e DSPC;Procedimento Operacional Padrão;Robson Azevedo;0;10/12/2019;15/12/2019;15/10/2025;18/01/2026;Sim;;
933;POP.506;Ajuste Eixo B para CPP – VFT'S;;00-Controle de Processo e DSPC;Procedimento Operacional Padrão;Robson Azevedo;0;11/12/2019;15/12/2019;01/12/2025;01/03/2026;Sim;SURFAÇAGEM;CORTE
934;POP.507;Manual Operacional - D9 PAC Mithril 1.6;;D9 PAC;Procedimento Operacional Padrão;Fernando Maciel;1;10/11/2022;03/03/2023;02/03/2026;31/05/2026;Sim;;
935;POP.513;Calibração Operacional - PRA;;PRA;Procedimento Operacional Padrão;Robson Azevedo;3;14/02/2025;11/03/2025;11/03/2026;09/06/2026;Sim;SURFAÇAGEM;Blocagem
936;POP.514;Control Diario DSPC - Línea Schneider;;00-Control de Proceso y DSPC;Procedimento Operacional Padrão;Rômulo Cursino;1;16/12/2019;23/12/2019;19/08/2026;17/11/2026;Sim;;
937;POP.516;Operação Refratômetro Manual_Digital;;00-Controle de Processo e DSPC;Procedimento Operacional Padrão;Robson Azevedo;2;19/05/2022;26/03/2024;19/06/2026;18/09/2026;Sim;SURFAÇAGEM;CORTE
938;POP.518;Calibração Operacional - DLP;;DLP;Procedimento Operacional Padrão;Renato Dias;6;29/08/2023;01/02/2024;31/01/2026;30/04/2026;Sim;SURFAÇAGEM;Polimento
939;POP.520;MP´s Surfacing Area V3_BR;;Português;Procedimento Operacional Padrão;José Roberto;1;18/12/2019;23/12/2019;10/08/2026;09/11/2026;Sim;MAN. SURF.;0
940;POP.521;MP´s Surfacing Area V3_ES;;Español;Procedimento Operacional Padrão;José Roberto;1;18/12/2019;23/12/2019;13/08/2026;11/11/2026;Sim;;
941;POP.522;Calibração Automática HSC Smart;;HSC Smart;Procedimento Operacional Padrão;Robson Azevedo;1;19/12/2019;23/12/2019;13/10/2025;19/01/2026;Sim;SURFAÇAGEM;0
942;POP.527;Calibración Operativa - VFT Orbit 1;;VFT Orbit 1;Procedimento Operacional Padrão;Pauline Gomez;6;18/07/2024;05/08/2024;05/08/2026;03/11/2026;Sim;;
943;POP.528;Calibración Operativa - VFT Ultra;;VFT Ultra;Procedimento Operacional Padrão;Marcelo Bastos;2;10/10/2023;01/02/2024;31/01/2026;30/04/2026;Sim;;
944;POP.530;Calibracão Máquina HSC Smart;;HSC Smart;Procedimento Operacional Padrão;Marcelo Bastos;1;20/12/2019;23/12/2019;01/02/2026;01/05/2026;Sim;;
945;POP.532;POP Calibración y Operación Encintadora Manual;;01-Cinta;Procedimento Operacional Padrão;Diego Galindo;1;20/12/2019;26/12/2019;07/07/2025;30/11/2025;Não;;
946;POP.534;Calibración Operativa - Duoflex;;Duoflex;Procedimento Operacional Padrão;Pauline Gomez;2;10/10/2023;01/02/2024;31/01/2026;30/04/2026;Sim;;
947;POP.547;Manutenção Preventiva - Diff Pump;;Antirreflexo;Procedimento Operacional Padrão;Nathália Brandão;2;11/03/2022;18/03/2022;09/09/2025;09/12/2025;Sim;MAN. HMC;Bomba Difusora
948;POP.548;Satis 1200DLX - Bombas - PtBr;;Antirreflexo;Procedimento Operacional Padrão;Dalson Souza;1;28/01/2020;15/10/2020;26/05/2026;25/08/2026;Sim;MAN. HMC;DLX 1200
949;POP.549;Satis 1200DLF - Bombas - PtBr;;Antirreflexo;Procedimento Operacional Padrão;Dalson Souza;1;28/01/2020;15/10/2020;20/07/2026;19/10/2026;Sim;MAN. HMC;DLX 1200
950;POP.551;Loader Orbit II Español;;VFT Orbit 2;Procedimento Operacional Padrão;Tommy CHONGO;1;29/01/2020;02/12/2020;17/08/2026;16/11/2026;Sim;;
951;POP.554;Preparação de Químicos – CDC1000/CDS1000 Mithril 1.6;;CDC1000/CDS1000;Procedimento Operacional Padrão;Marcelo Capeletto;4;23/07/2025;05/08/2025;05/08/2026;03/11/2026;Sim;HMC;Antirrisco: Destratamento e Verniz
952;POP.555;Manual Operacional – CDC1000 (Mithril 1.6);;CDC1000/CDS1000;Procedimento Operacional Padrão;Laura Vaz;2;23/06/2022;03/11/2022;03/11/2025;01/02/2026;Sim;HMC;Antirrisco: Destratamento e Verniz
953;POP.556;Limpeza e Manutenção – CDC1000/CDS1000 Mithril 1.6;;CDC1000/CDS1000;Procedimento Operacional Padrão;Jeferson Lourenço;3;17/08/2023;05/08/2025;05/08/2026;03/11/2026;Sim;HMC;Antirrisco: Destratamento e Verniz
954;POP.560;Biseladora KAPPA o GAMMA;;Biseladora;Procedimento Operacional Padrão;Victor Olivares;1;03/04/2020;15/07/2020;08/09/2025;08/12/2025;Sim;;
955;POP.562;Biseladora PRO E600;;Biseladora;Procedimento Operacional Padrão;Victor Olivares;0;15/07/2020;15/07/2020;08/09/2025;08/12/2025;Sim;;
956;POP.564;Bloqueo 3B;;3B Blocker;Procedimento Operacional Padrão;Victor Olivares;0;15/07/2020;15/07/2020;29/04/2026;29/07/2026;Sim;;
957;POP.568;Inspeccion final Focovision  SPF;;Montado e Inspeccion;Procedimento Operacional Padrão;Victor Olivares;0;15/07/2020;15/07/2020;08/09/2025;08/12/2025;Sim;;
958;POP.573;Traceado & Bloqueo KAPPA;;Biseladora;Procedimento Operacional Padrão;Victor Olivares;0;15/07/2020;15/07/2020;26/06/2026;25/09/2026;Sim;;
959;POP.574;Traceado E-TESS;;TESS;Procedimento Operacional Padrão;Victor Olivares;0;15/07/2020;15/07/2020;08/09/2025;08/12/2025;Sim;MONTAGEM;Leitura no Tracer
960;POP.576;Traceado TESS;;TESS;Procedimento Operacional Padrão;Victor Olivares;0;15/07/2020;15/07/2020;08/09/2025;08/12/2025;Sim;MONTAGEM;Leitura no Tracer
961;POP.577;Traceado, bloqueo y biselado Mr. Blue;;Biseladora;Procedimento Operacional Padrão;Victor Olivares;0;15/07/2020;15/07/2020;08/09/2025;08/12/2025;Sim;;
962;POP.578;Traceado, Bloqueo y biselado Mr. Orange;;Biseladora;Procedimento Operacional Padrão;Victor Olivares;0;15/07/2020;15/07/2020;08/09/2025;08/12/2025;Sim;;
963;POP.580;Limpeza de las lentes optifog;;00-General AR;Procedimento Operacional Padrão;Martin Becker;1;17/07/2020;30/07/2020;30/06/2026;29/09/2026;Sim;;
964;POP.582;Preparación DSX y SP;;00-General AR;Procedimento Operacional Padrão;Martin Becker;1;17/07/2020;30/07/2020;03/11/2025;03/02/2026;Sim;;
965;POP.584;Lentes de Teste Espessura - Máquinas D;Instruçoes para posicionamento das lentes no teste de espessuras;Testes HC;Procedimento Operacional Padrão;Dalson Souza;2;19/08/2020;21/08/2020;04/05/2026;03/08/2026;Sim;HMC;0
966;POP.586;Medición_y_Calibración_del_SMR-UV;Este documento esta ASSOCIADO ao POP.268 na versão em Português.  A versão em Espanhol é apenas tradução, desta forma, qualquer alteração, os dois arquivos deverão ser revisados instantaneamente.;Teste de AR;Procedimento Operacional Padrão;Martin Becker;4;03/08/2020;15/10/2020;13/10/2025;05/01/2026;Sim;;
967;POP.587;Test de Sal - RCO2;Este documento esta ASSOCIADO ao POP.263 na versão em Português. A versão em Espanhol é apenas tradução, desta forma, qualquer alteração, os dois arquivos deverão ser revisados instantaneamente.;Teste de AR;Procedimento Operacional Padrão;Martin Becker;9;05/08/2020;20/04/2021;05/05/2025;05/01/2026;Sim;;
968;POP.588;Teste de la Goma - NX 10;Este documento esta ASSOCIADO ao POP.262 na versão em Português. A versão em Espanhol é apenas tradução, desta forma, qualquer alteração, os dois arquivos deverão ser revisados instantaneamente.;Teste de AR;Procedimento Operacional Padrão;Martin Becker;7;05/08/2020;20/04/2021;05/05/2025;05/01/2026;Sim;;
969;POP.589;Test Bola de Plasma;Este documento esta ASSOCIADO ao POP.266 na versão em Português. A versão em Espanhol é apenas tradução, desta forma, qualquer alteração, os dois arquivos deverão ser revisados instantaneamente.;Teste de AR;Procedimento Operacional Padrão;Martin Becker;9;05/08/2020;20/04/2021;05/05/2025;05/01/2026;Sim;;
970;POP.590;Desprendimento da Cola da Fita na Lente;;00-Troubleshooting;Procedimento Operacional Padrão;Fábio Silva;0;05/08/2020;15/10/2020;13/10/2025;19/01/2026;Sim;;
971;POP.591;Test de Marcador (Ink_Test);;Teste de AR;Procedimento Operacional Padrão;Martin Becker;9;12/08/2020;21/05/2021;25/08/2025;30/11/2025;Não;;
972;POP.594;Manual Operacional - Controle Final (Coating BH);;09-Inspeção Final;Procedimento Operacional Padrão;Elizete Silva;0;12/08/2020;03/12/2020;09/06/2026;08/09/2026;Sim;HMC;0
973;POP.595;Teste de Adesão Maquina SCL;;Testes HC;Procedimento Operacional Padrão;Dalson Souza;0;14/08/2020;17/08/2020;18/12/2025;18/03/2026;Sim;HMC;Teste de Qualidade HC
974;POP.596;Lentes de Teste Espessura SCL;;Testes HC;Procedimento Operacional Padrão;Dalson Souza;0;14/08/2020;17/08/2020;18/12/2025;18/03/2026;Sim;HMC;Teste de Qualidade HC
975;POP.598;Procedimento Control de Posicionamiento de la Pinza;;00-Control de Proceso y DSPC;Procedimento Operacional Padrão;José Roberto;1;18/11/2020;24/03/2021;07/07/2025;30/11/2025;Não;;
976;POP.599;Calibração da força do Clamping;;Português;Procedimento Operacional Padrão;Renato Dias;0;20/08/2020;03/09/2020;08/09/2025;09/12/2025;Sim;MAN. SURF.;Blocadora
977;POP.600;Controle de Refrigeração dos Eixos do Gerador VFT;;VFT Orbit 1;Procedimento Operacional Padrão;José Roberto;0;20/08/2020;03/09/2020;13/10/2025;19/01/2026;Sim;SURFAÇAGEM;CORTE
978;POP.602;Checar a vazão de fluxo do líquido polidor  DLP;;DLP;Procedimento Operacional Padrão;José Roberto;0;20/08/2020;03/09/2020;31/07/2026;30/10/2026;Sim;SURFAÇAGEM;Polimento
979;POP.606;Calibración Operativa - DLP;;DLP;Procedimento Operacional Padrão;Renato Dias;5;22/09/2023;12/10/2023;11/10/2025;09/01/2026;Sim;;
980;POP.607;Calibración del Grabado Mecánico_VFTs_Ultra__Compact_y_Micro;Tradução do POP.440 em português;Mechnical Engraving;Procedimento Operacional Padrão;Marcelo Bastos;1;24/08/2020;03/09/2020;01/02/2026;29/05/2026;Sim;;
981;POP.609;Calibração Operacional - VFT Orbit 2;;VFT Orbit 2;Procedimento Operacional Padrão;Robson Azevedo;2;01/02/2024;02/02/2024;01/02/2026;02/05/2026;Sim;SURFAÇAGEM;CORTE
982;POP.610;Calibração Duoflex;;Duoflex;Procedimento Operacional Padrão;Robson Azevedo;0;24/08/2020;03/09/2020;01/02/2026;01/05/2026;Sim;SURFAÇAGEM;0
983;POP.611;Calibración Operativa - CCP Swift;;CCP Swfit;Procedimento Operacional Padrão;Pauline Gomez;1;10/10/2023;01/02/2024;31/01/2026;30/04/2026;Sim;;
984;POP.613;Calibração da Posição do Clamping;;Português;Procedimento Operacional Padrão;Renato Dias;0;24/08/2020;03/09/2020;08/09/2025;09/12/2025;Sim;MAN. SURF.;Blocadora
985;POP.615;Calibración Operativa - Toroflex;;Toroflex;Procedimento Operacional Padrão;Alessandro Barros;1;11/10/2023;11/03/2025;11/03/2026;09/06/2026;Sim;;
986;POP.616;Calibración Operativa - CCL CMARK;;CCL Mark;Procedimento Operacional Padrão;Robson Azevedo;1;11/10/2023;27/11/2025;27/11/2026;25/02/2027;Sim;;
987;POP.617;Confeccao Lentes Referencia de Potencia Essilor;;Lensmark;Procedimento Operacional Padrão;Pauline Gomez;0;28/08/2020;03/09/2020;25/08/2026;24/11/2026;Não;SURFAÇAGEM;Laser
988;POP.618;Controle do Líquido Refrigerante e Posicionamento dos Bicos;;VFT Orbit 1;Procedimento Operacional Padrão;Renato Dias;0;28/08/2020;03/09/2020;13/10/2025;19/01/2026;Sim;SURFAÇAGEM;Polimento
989;POP.620;Flujo Teste de Calidad AR;;Teste de AR;Procedimento Operacional Padrão;Martin Becker;8;28/08/2020;07/12/2020;30/06/2026;29/09/2026;Sim;;
990;POP.625;Calibração manual VFT Macro;;VFT Macro;Procedimento Operacional Padrão;Alessandro Barros;1;28/08/2020;03/09/2020;01/02/2026;01/05/2026;Sim;SURFAÇAGEM;CORTE
991;POP.626;Calibração Operacional - VFT Orbit 1;Documento contendo o método de calibração do gerador VFT Orbit 1;VFT Orbit 1;Procedimento Operacional Padrão;Robson Azevedo;6;17/07/2024;30/07/2024;30/07/2026;29/10/2026;Sim;SURFAÇAGEM;CORTE
992;POP.627;Calibração Operacional - VFT Ultra;;VFT Ultra;Procedimento Operacional Padrão;Renato Dias;2;15/03/2024;26/03/2024;19/06/2026;18/09/2026;Sim;SURFAÇAGEM;CORTE
993;POP.628;Calibración Operativa - LensMark III;;Lensmark;Procedimento Operacional Padrão;Marcelo Bastos;1;11/10/2023;01/02/2024;31/01/2026;30/04/2026;Sim;;
994;POP.629;Calibración PRA ES V1;;PRA;Procedimento Operacional Padrão;Diego Galindo;1;31/08/2020;24/03/2021;01/02/2026;01/05/2026;Sim;;
995;POP.631;Confeccion Lentes Referencia de Potencia CCL CMARK ES;;CCL Mark;Procedimento Operacional Padrão;Diego Galindo;0;31/08/2020;03/09/2020;17/08/2026;16/11/2026;Sim;;
996;POP.632;Calibración Maquina HSC MASTER ES;;HSC Master;Procedimento Operacional Padrão;Diego Galindo;1;31/08/2020;02/09/2020;01/02/2026;01/05/2026;Sim;;
997;POP.633;Calibración Operativa - CB Bond ES;;CB Bond;Procedimento Operacional Padrão;Pauline Gomez;1;10/10/2023;01/02/2024;31/01/2026;01/05/2026;Sim;;
998;POP.634;Calibración Operativa - VFT Orbit 2 (automática);;VFT Orbit 2;Procedimento Operacional Padrão;José Roberto;1;10/10/2023;13/03/2025;13/03/2026;11/06/2026;Sim;;
999;POP.637;Test de Adherencia Maquina SCL;;Teste de HC;Procedimento Operacional Padrão;Martin Becker;0;11/09/2020;21/05/2021;07/07/2025;30/11/2025;Não;;
1000;POP.638;Lentes de Test Espesor SCL;;Teste de HC;Procedimento Operacional Padrão;Martin Becker;0;11/09/2020;21/05/2021;05/05/2025;05/01/2026;Sim;;
1001;POP.641;Modelo de Procedimento Operacional Padrão;Modelo para criação de documentos;Modelos de Documentos;Procedimento Operacional Padrão;Taís Flores;7;29/08/2022;05/09/2022;05/09/2025;31/01/2026;Sim;QUALIDADE;QUALIEX
1002;POP.643;Manutenção Preventiva - Forno Essemtec;Informações que constavam no procedimento POP.113-Limpeza e mantenção Forno Essemtec. Aguardando definição da equipe de manutenção para revisão deste procedimento.;Forno;Procedimento Operacional Padrão;Lucas Silva;1;07/07/2022;31/10/2023;30/10/2025;28/01/2026;Sim;MAN. HMC;Forno / Estufa
1003;POP.646;Manual Operacional - DSPC Confecção e Verificação da Lente;;00-Controle de Processo e DSPC;Procedimento Operacional Padrão;José Roberto;0;06/11/2020;24/11/2020;24/04/2025;05/01/2026;Sim;SURFAÇAGEM;Preparação
1004;POP.647;Manual Operacional - PRA e PRA iCLBS;;PRA;Procedimento Operacional Padrão;Humberto Serra - Lab Rio;1;03/09/2021;13/09/2021;17/09/2025;30/11/2025;Sim;SURFAÇAGEM;Blocagem
1005;POP.649;Qualiex - Usuários Português_Rev01;Treinamento para utilização do Módulo Docs;11-APRENDIZAGEM QUALIEX;Procedimento Operacional Padrão;Taís Flores;1;18/11/2020;18/11/2020;;;Sim;QUALIDADE;QUALIEX
1006;POP.650;Qualiex - Usuários Español_Rev01;Capacitación para usar el Módulo de Docs;11-APRENDIZAGEM QUALIEX;Procedimento Operacional Padrão;Taís Flores;1;18/11/2020;18/11/2020;;;Sim;;
1007;POP.651;Limpeza e Manutenção - VFT Orbit 1 e 2;;00-Geral Gerador;Procedimento Operacional Padrão;Felipe Barros;1;29/07/2022;01/02/2024;31/01/2026;01/05/2026;Sim;SURFAÇAGEM;CORTE
1008;POP.652;Limpeza e Manutenção - Toroflex;;Toroflex;Procedimento Operacional Padrão;Elisa Peres;0;19/11/2020;17/12/2020;13/10/2025;19/01/2026;Sim;SURFAÇAGEM;Polimento
1009;POP.653;Calibración Operativa - Lensômetros (Essilor y Nidek);;00-Control de Proceso y DSPC;Procedimento Operacional Padrão;Alessandro Barros;2;11/10/2023;10/05/2024;11/05/2026;10/08/2026;Sim;;
1010;POP.655;Limpeza e Manutenção - DLP;;DLP;Procedimento Operacional Padrão;Humberto Serra - Lab Rio;0;23/11/2020;17/12/2020;02/09/2025;02/12/2025;Sim;SURFAÇAGEM;Polimento
1011;POP.656;Manual Operacional - Toroflex;;Toroflex;Procedimento Operacional Padrão;Rogério Nogueira;2;21/01/2022;24/01/2022;31/08/2025;30/11/2025;Sim;SURFAÇAGEM;Polimento
1012;POP.657;Manual Operacional - DLP;;DLP;Procedimento Operacional Padrão;Rogério Nogueira;2;05/03/2024;26/03/2024;19/06/2026;18/09/2026;Sim;SURFAÇAGEM;Polimento
1013;POP.658;Procedimento Abertura de chamados - Fracttal;;00-Fracttal;Procedimento Operacional Padrão;Lucas Silva;0;09/12/2020;03/05/2021;09/08/2025;10/11/2026;Não;;
1014;POP.663;Manual Operacional - Fita Semiautomática Optic D-79364;;Optic D-79364;Procedimento Operacional Padrão;Renan Barbosa;2;25/07/2022;23/08/2023;21/08/2026;19/11/2026;Sim;SURFAÇAGEM;Fitagem
1015;POP.664;Limpeza e Manutenção - SatisLoh 1200;Incluido neste procedimento:  - POP.092 Limpeza do EBG e Troca do Filamento   - POP.091Limpeza do Ion Gun:  Preferencialmente utilizar álcool isopropilico (IPA);1200;Procedimento Operacional Padrão;Taís Flores;0;22/12/2020;23/02/2021;10/10/2025;10/01/2026;Sim;HMC;Antirreflexo
1016;POP.665;Manual Operacional - SatisLoh 1200;;1200;Procedimento Operacional Padrão;Lucineide Pereira;0;22/12/2020;23/02/2021;13/10/2025;13/01/2026;Sim;HMC;Antirreflexo
1017;POP.666;Limpeza e Manutenção - PRA e PRA iCLBS;;PRA;Procedimento Operacional Padrão;Humberto Serra - Lab Rio;0;23/12/2020;23/12/2020;09/06/2026;08/09/2026;Não;SURFAÇAGEM;Blocagem
1018;POP.668;Manual Operacional - Preparação / Pré-inspeção (Lab Rio);Procedimento de Preparação das lentes para entrada no HMC;01-Pré-Inspeção - Preparação;Procedimento Operacional Padrão;Renan Barbosa;1;13/04/2022;10/05/2022;10/11/2025;31/01/2026;Sim;HMC;0
1019;POP.669;Manual Operacional - VFT Orbit 1;;VFT Orbit 1;Procedimento Operacional Padrão;Rogério Nogueira;1;21/01/2022;09/02/2022;13/10/2025;19/01/2026;Sim;SURFAÇAGEM;CORTE
1020;POP.670;Limpeza e Manutenção - Boxer PRO;;Boxer PRO;Procedimento Operacional Padrão;Deyved Silva;1;25/07/2022;08/08/2022;10/08/2026;09/11/2026;Sim;;
1021;POP.672;Manual Operacional - Boxer PRO;;Boxer PRO;Procedimento Operacional Padrão;Deyved Silva;2;31/08/2023;26/11/2024;26/11/2025;24/02/2026;Sim;;
1022;POP.674;Preparação de Químicos - D9DP - Mithril 1.6;;D9 DP;Procedimento Operacional Padrão;Maria Riclecia da Silva;0;23/02/2021;04/05/2022;10/08/2026;09/11/2026;Sim;;
1023;POP.676;Manual Operacional - D9DP - Mithril 1.5 e 1.6;;D9 DP;Procedimento Operacional Padrão;Taís Flores;0;23/02/2021;05/05/2021;20/08/2026;18/11/2026;Sim;;
1024;POP.677;Limpeza e Manutenção - D6 (Destratadora);"Procedimento de Limpeza e Manutenção completo - Alterado o tópico ""materiais e equipamentos""; - Excluídos os procedimentos de limpeza da cuba com o raspador de plástico e com a manta abrasiva; - Pano descartável alterado para papel toalha; - Adicionado procedimento de troca do filtro do Citrikleen.";D6;Procedimento Operacional Padrão;Christiano Silva;0;09/03/2021;27/07/2021;07/10/2025;19/01/2026;Sim;;
1025;POP.678;Manual de instrucciones - Conferencia de Óptica y Cosmética (Decide);Documento espelhado no POP.474;07-Conferencia;Procedimento Operacional Padrão;Sergio Meza;2;22/03/2021;23/03/2021;03/07/2026;02/10/2026;Sim;;
1026;POP.680;Manual Operacional - Syrus;;Syrus 3C;Procedimento Operacional Padrão;Humberto Serra - Lab Rio;0;20/04/2021;24/05/2021;19/06/2026;18/09/2026;Sim;;
1027;POP.681;Limpeza e Manutenção - LensMark III;;Lens Mark;Procedimento Operacional Padrão;Evellyn Santos;1;18/04/2023;23/08/2023;21/08/2026;19/11/2026;Sim;SURFAÇAGEM;Laser
1028;POP.682;Manual Operacional - LensMark III;;Lens Mark;Procedimento Operacional Padrão;Renan Barbosa;2;02/04/2024;08/04/2024;08/07/2026;07/10/2026;Sim;SURFAÇAGEM;Laser
1029;POP.684;Limpeza e Manutenção - D20 Mithril 1.6;;D20;Procedimento Operacional Padrão;Maria Riclecia da Silva;1;07/11/2022;01/12/2022;01/12/2025;01/03/2026;Sim;;
1030;POP.685;Manual Operacional - D20 Mithril 1.6;;D20;Procedimento Operacional Padrão;Maria Riclecia da Silva;1;07/11/2022;03/03/2023;02/03/2026;31/05/2026;Sim;;
1031;POP.686;Preparação de Químicos - D20 Mithril 1.6;;D20;Procedimento Operacional Padrão;Deyved Silva;2;29/02/2024;12/03/2024;10/06/2026;09/09/2026;Sim;;
1032;POP.691;Manual Operacional - VFT Orbit 2;;VFT Orbit 2;Procedimento Operacional Padrão;Rogério Nogueira;1;21/01/2022;24/01/2022;31/08/2025;30/11/2025;Sim;SURFAÇAGEM;CORTE
1033;POP.692;Limpeza e Manutenção - Fita Semiautomatica Optic D-79364;;Optic D-79364;Procedimento Operacional Padrão;Elisa Peres;0;05/05/2021;14/10/2021;31/07/2026;30/10/2026;Sim;SURFAÇAGEM;Fitagem
1034;POP.693;Política de Devolução de Blocos e Lentes com Defeito de Fábrica;;Estoque / Expedição;Procedimento Operacional Padrão;Denise Miranda;4;04/08/2023;31/01/2024;25/05/2026;25/08/2026;Sim;Estoque;DEVOLUÇÃO
1035;POP.694;Preparação de Químicos - CTA Automática 25L;;CTA Automática;Procedimento Operacional Padrão;Nathália Brandão;0;11/05/2021;05/08/2021;21/08/2026;19/11/2026;Sim;;
1036;POP.695;Manual Operacional - Coloração (Phantom);;04-COLORAÇÃO;Procedimento Operacional Padrão;Aluysio Rougemont;0;14/05/2021;30/05/2022;01/09/2026;30/10/2026;Sim;COLORAÇÃO;COLORAÇÃO
1037;POP.696;Preparação de Químicos - Coloração;;04-COLORAÇÃO;Procedimento Operacional Padrão;Humberto Serra - Lab Rio;2;26/03/2024;17/04/2024;17/04/2026;16/07/2026;Sim;COLORAÇÃO;COLORAÇÃO
1038;POP.697;Controle de Parâmetros - Coloração;;04-COLORAÇÃO;Procedimento Operacional Padrão;Elisa Peres;0;14/05/2021;13/09/2021;15/07/2026;14/10/2026;Sim;COLORAÇÃO;COLORAÇÃO
1039;POP.698;Limpeza e Manutenção - Coloração;;04-COLORAÇÃO;Procedimento Operacional Padrão;Elisa Peres;0;14/05/2021;13/09/2021;13/09/2025;12/12/2025;Sim;COLORAÇÃO;COLORAÇÃO
1040;POP.701;Manual Operacional - D6 (Destratadora);;D6;Procedimento Operacional Padrão;Christiano Silva;0;01/06/2021;04/06/2021;20/07/2026;19/10/2026;Sim;;
1041;POP.703;Limpeza e Manutenção - EzFit;;EzFit;Procedimento Operacional Padrão;Edgar Casallas;1;22/06/2022;08/08/2022;09/06/2026;08/09/2026;Sim;MONTAGEM;0
1042;POP.704;Calibração Operacional - EzFit;;EzFit;Procedimento Operacional Padrão;Edgar Casallas;1;22/06/2022;30/06/2022;10/06/2026;09/09/2026;Sim;MONTAGEM;0
1043;POP.707;Curva Teórica Crizal EasyPro UV 35 M1.6;;00-Curvas de Antirreflexo;Procedimento Operacional Padrão;Dalson Souza;0;25/06/2021;21/02/2022;13/10/2025;13/01/2026;Sim;HMC;"Antirreflexo:
Ajustes de Processo"
1044;POP.708;Curva Teorica Crizal EasyPro UV 35 M1.5;;00-Curvas de Antirreflexo;Procedimento Operacional Padrão;Dalson Souza;0;25/06/2021;20/09/2022;20/10/2025;19/01/2026;Sim;HMC;0
1045;POP.710;Limpeza e Manutenção - PROB 300;;PROB300;Procedimento Operacional Padrão;Humberto Serra - Lab Rio;0;25/06/2021;07/10/2021;09/06/2025;09/09/2026;Sim;MONTAGEM;0
1046;POP.711;Manual Operacional - PROB 300;;PROB300;Procedimento Operacional Padrão;Humberto Serra - Lab Rio;0;25/06/2021;27/07/2021;09/06/2026;08/09/2026;Sim;MONTAGEM;0
1047;POP.712;Calibração Operacional - Densímetro;;Testes HC;Procedimento Operacional Padrão;Taís Flores;0;05/07/2021;01/10/2021;20/12/2025;16/02/2026;Sim;HMC;0
1048;POP.714;Limpeza e Manutenção - Leitor TESS;;TESS;Procedimento Operacional Padrão;Elisa Peres;0;22/07/2021;13/09/2021;08/09/2025;08/12/2025;Sim;MONTAGEM;Leitura no Tracer
1049;POP.717;Manual Operacional - Fita manual CM 9300;;CM 9300;Procedimento Operacional Padrão;Nathália Brandão;0;05/08/2021;07/10/2021;19/08/2026;17/11/2026;Sim;SURFAÇAGEM;Fitagem
1050;POP.718;Manual Operacional - Toroflex;;Toroflex;Procedimento Operacional Padrão;Pauline Gomez;0;18/08/2021;18/08/2022;18/08/2026;16/11/2026;Sim;SURFAÇAGEM;Polimento
1051;POP.719;Limpieza y Mantenimiento - Toroflex;;Toroflex;Procedimento Operacional Padrão;Pauline Gomez;0;18/08/2021;18/08/2022;18/08/2026;16/11/2026;Sim;;
1052;POP.720;Preparação de Químicos - D6 (Destratadora);;D6;Procedimento Operacional Padrão;Francisco Glauber;1;18/05/2023;07/11/2025;07/11/2026;05/02/2027;Sim;;
1053;POP.721;Preparação de Químicos - CCM Mithril 1.5;;CCM;Procedimento Operacional Padrão;Francisco Glauber;1;20/01/2023;24/03/2024;24/03/2026;22/06/2026;Sim;HMC;0
1054;POP.722;Fluxograma - Troca de Blocos com Defeitos;;Estoque / Expedição;Procedimento Operacional Padrão;Taís Flores;0;01/09/2021;13/09/2021;06/04/2026;08/07/2026;Sim;QUALIDADE;0
1055;POP.725;Limpeza e Manutenção - Bisphera;;MEI Bisphera;Procedimento Operacional Padrão;Edgar Casallas;1;19/05/2022;15/06/2022;15/06/2026;14/09/2026;Sim;MONTAGEM;Corte Armação MEI
1056;POP.726;Manual Operacional - FOG ID MK 200;;07-FOG;Procedimento Operacional Padrão;Lucineide Pereira;0;04/11/2021;05/11/2021;07/07/2026;06/10/2026;Sim;HMC;0
1057;POP.727;Manual Operacional - Extração de Defeito Cosmético (Decide);;DECIDE;Procedimento Operacional Padrão;José Roberto;0;04/11/2021;08/03/2022;10/08/2026;09/11/2026;Sim;SURFAÇAGEM;0
1058;POP.728;Manual Operacional - Desblocagem;;08-Desblocadora;Procedimento Operacional Padrão;Laura Vaz;2;22/05/2024;05/08/2024;05/08/2026;03/11/2026;Sim;SURFAÇAGEM;Desblocagem
1059;POP.729;Limpeza e Manutenção - Desblocagem;;08-Desblocadora;Procedimento Operacional Padrão;Nathália Brandão;0;02/12/2021;08/12/2021;07/08/2026;06/11/2026;Sim;SURFAÇAGEM;Desblocagem
1060;POP.730;Limpeza e Manutenção - Coloração;;04-COLORAÇÃO;Procedimento Operacional Padrão;Nathália Brandão;1;10/10/2022;03/03/2023;02/03/2026;31/05/2026;Sim;COLORAÇÃO;COLORAÇÃO
1061;POP.731;Limpeza e Manutenção - Syrus;;Syrus 3C;Procedimento Operacional Padrão;Renan Barbosa;0;18/11/2021;23/11/2021;07/07/2026;06/10/2026;Sim;;
1062;POP.732;Processo de Impressão e Certificação da Expedição - Lab Rio;;LabRio;Procedimento Operacional Padrão;Samira Amaro;1;22/04/2024;08/05/2024;08/05/2026;07/08/2026;Sim;;
1063;POP.733;Manual Operacional - Planejamento e Controle da Produção - Lab Rio;;LabRio;Procedimento Operacional Padrão;Renan Barbosa;1;05/05/2022;23/05/2022;21/08/2026;19/11/2026;Sim;;
1064;POP.734;Manual Operacional - Produto Não Conforme - Lab Rio;;LabRio;Procedimento Operacional Padrão;Renan Barbosa;1;15/06/2023;15/06/2023;15/06/2026;14/09/2026;Sim;;
1065;POP.735;Manual Operacional - Abastecimento de Lentes - LabRio;;LabRio;Procedimento Operacional Padrão;Maria Riclecia da Silva;2;12/06/2023;02/10/2023;01/10/2025;30/12/2025;Sim;;
1066;POP.736;Manual Operacional - Cancelamento de Pedido - Lab Rio;Acrescentadas informações sobre: - Materiais que usamos - Fotos mostrando como faturar crédito - Descarte de Lentes;LabRio;Procedimento Operacional Padrão;Evellyn Santos;2;10/07/2025;25/08/2025;25/08/2026;23/11/2026;Sim;;
1067;POP.737;Manual Operacional - Digitação de Pedido - Lab Rio;;LabRio;Procedimento Operacional Padrão;Evellyn Santos;1;16/10/2023;29/04/2024;15/05/2026;14/11/2026;Sim;;
1068;POP.738;Manual Operacional - Spin MRIII;;05-SPIN;Procedimento Operacional Padrão;Renan Barbosa;1;21/02/2025;21/02/2025;21/02/2026;22/05/2026;Sim;SPIN;SPIN
1069;POP.739;Limpeza e Manutenção - Spin MRIII;;05-SPIN;Procedimento Operacional Padrão;Renan Barbosa;1;21/02/2025;21/02/2025;21/02/2026;22/05/2026;Sim;SPIN;SPIN
1070;POP.740;Preparação de Químicos - Spin MRIII;;05-SPIN;Procedimento Operacional Padrão;Renan Barbosa;1;21/02/2025;21/02/2025;21/02/2026;22/05/2026;Sim;SPIN;SPIN
1071;POP.741;Controle de Parâmetros - Spin MRIII;;05-SPIN;Procedimento Operacional Padrão;Renan Barbosa;1;21/02/2025;21/02/2025;21/02/2026;22/05/2026;Sim;SPIN;SPIN
1072;POP.742;Manual Operacional - Coloração (manual);;04-COLORAÇÃO;Procedimento Operacional Padrão;Stephany Christine;1;20/06/2022;20/06/2022;15/12/2025;01/03/2026;Sim;COLORAÇÃO;COLORAÇÃO
1073;POP.743;Manual Operacional - Abertura de Perdas Interna da Produção - Technopark;;Technopark;Procedimento Operacional Padrão;Laura do Amaral Gurgel;1;25/08/2025;29/08/2025;29/08/2026;27/11/2026;Sim;;
1074;POP.744;Manual Operacional - Recebimento de Pedido no Relacionamento - LabRio;Informações acrescentadas: - Correção do cabeçalho - Inclusão de documentos complementares - Informações de Status de amostra recebida;LabRio;Procedimento Operacional Padrão;Vanessa Santana da Silva;2;10/07/2025;25/08/2025;25/08/2026;23/11/2026;Sim;;
1075;POP.745;Manual Operacional - Produto e Insumo Não Conforme - Technopark;;Technopark;Procedimento Operacional Padrão;Aline Franco;4;31/10/2023;03/11/2023;02/11/2025;31/01/2026;Sim;;
1076;POP.747;Monitoramento de Realimentação do Cliente - LabRio;;LabRio;Procedimento Operacional Padrão;Renan Barbosa;4;03/06/2024;03/06/2024;03/06/2026;02/09/2026;Sim;;
1077;POP.748;Manual Operacional - Inspeção Final - Technopark;;09-Inspeção Final;Procedimento Operacional Padrão;Guilherme Alves;0;01/04/2022;11/05/2022;19/01/2026;20/04/2026;Sim;HMC;0
1078;POP.749;Calibração Operacional - Lensômetros Digitais;;Lensômetro;Procedimento Operacional Padrão;Anderson Smaniotto;1;02/12/2024;23/12/2024;23/12/2025;23/03/2026;Sim;QUALIDADE;CALIBRAÇÃO
1079;POP.750;Manual Operacional - Sala de Armação - LabRio;;LabRio;Procedimento Operacional Padrão;Maria Riclecia da Silva;0;07/04/2022;13/04/2022;07/07/2026;06/10/2026;Sim;;
1080;POP.751;Limpieza y Mantenimiento - 4Racer;;4Racer;Procedimento Operacional Padrão;Edgar Casallas;0;14/04/2022;19/04/2022;11/06/2026;10/09/2026;Sim;;
1081;POP.752;Limpeza e Manutenção - 4Racer;;4Racer;Procedimento Operacional Padrão;Edgar Casallas;0;14/04/2022;02/06/2022;10/06/2026;09/09/2026;Sim;MONTAGEM;0
1082;POP.753;Calibración Operativa - 4Racer;;4Racer;Procedimento Operacional Padrão;Edgar Casallas;0;14/04/2022;09/05/2022;10/06/2026;09/09/2026;Sim;;
1083;POP.754;Control de Parámetros - 4Racer;;4Racer;Procedimento Operacional Padrão;Edgar Casallas;0;14/04/2022;09/05/2022;10/06/2026;09/09/2026;Sim;;
1084;POP.755;Calibração Operacional - 4Racer;;4Racer;Procedimento Operacional Padrão;Edgar Casallas;0;14/04/2022;19/04/2022;10/06/2026;09/09/2026;Sim;MONTAGEM;0
1085;POP.756;Controle de Parâmetros - 4Racer;;4Racer;Procedimento Operacional Padrão;Edgar Casallas;0;14/04/2022;09/05/2022;10/06/2026;09/09/2026;Sim;MONTAGEM;0
1086;POP.757;Manual Operacional - Sala de Armação - Technopark;;Technopark;Procedimento Operacional Padrão;Felipe Costa;1;19/06/2023;11/08/2023;10/08/2026;09/11/2026;Sim;;
1087;POP.758;Manual Operacional - Digitação, Alteração e Solicitação de Cancelamento de Pedido - Technopark;;Technopark;Procedimento Operacional Padrão;Felipe Costa;2;09/10/2023;03/11/2023;02/11/2025;31/01/2026;Sim;;
1088;POP.759;Calibração Operacional - Bisphera;;MEI Bisphera;Procedimento Operacional Padrão;Edgar Casallas;1;14/09/2022;17/02/2023;17/02/2026;17/05/2026;Sim;MONTAGEM;Corte Armação MEI
1089;POP.760;Controle de Parâmetros - Bisphera;;MEI Bisphera;Procedimento Operacional Padrão;Edgar Casallas;0;19/05/2022;15/06/2022;15/06/2026;14/09/2026;Sim;MONTAGEM;Corte Armação MEI
1090;POP.761;Limpieza y Mantenimiento - Bisphera;;MEI Bisphera;Procedimento Operacional Padrão;Edgar Casallas;0;19/05/2022;18/08/2022;18/08/2026;16/11/2026;Sim;;
1091;POP.762;Calibración Operativa - Bisphera;;MEI Bisphera;Procedimento Operacional Padrão;Edgar Casallas;1;14/09/2022;17/02/2023;17/02/2026;17/05/2026;Sim;;
1092;POP.763;Control de Parámetros - Bisphera;;MEI Bisphera;Procedimento Operacional Padrão;Edgar Casallas;0;19/05/2022;15/06/2022;15/06/2026;14/09/2026;Sim;;
1093;POP.764;Manual Operacional - Inspeção Final - Lab Rio;;09-Inspeção Final;Procedimento Operacional Padrão;Deyved Silva;0;27/05/2022;31/05/2022;08/06/2026;07/09/2026;Sim;HMC;0
1094;POP.765;Manual Operacional - Rastreabilidade de Pedidos - Lab Rio;;LabRio;Procedimento Operacional Padrão;Renan Barbosa;1;17/04/2025;23/04/2025;23/04/2026;22/07/2026;Sim;;
1095;POP.766;Manual Operacional - Abertura de Perdas Internas - LabRio;;LabRio;Procedimento Operacional Padrão;Maria Riclecia da Silva;0;17/06/2022;20/06/2022;22/09/2025;25/12/2025;Sim;;
1096;POP.769;Limpieza y Mantenimiento - EzFit;;EzFit;Procedimento Operacional Padrão;Edgar Casallas;0;22/06/2022;18/08/2022;10/06/2026;09/09/2026;Sim;;
1097;POP.770;Calibración Operativa - EzFit;;EzFit;Procedimento Operacional Padrão;Edgar Casallas;0;22/06/2022;30/06/2022;10/06/2026;09/09/2026;Sim;;
1098;POP.771;Limpeza e Manutenção - MEI 641;;MEI 641;Procedimento Operacional Padrão;Edgar Casallas;0;22/06/2022;08/08/2022;10/08/2026;09/11/2026;Sim;MONTAGEM;0
1099;POP.772;Calibração Operacional - MEI 641;;MEI 641;Procedimento Operacional Padrão;Edgar Casallas;0;22/06/2022;30/06/2022;30/06/2026;29/09/2026;Sim;MONTAGEM;0
1100;POP.773;Calibración Operativa - MEI 641;;MEI 641;Procedimento Operacional Padrão;Edgar Casallas;0;22/06/2022;30/06/2022;30/06/2026;29/09/2026;Sim;;
1101;POP.774;Limpieza y Mantenimiento - MEI 641;;MEI 641;Procedimento Operacional Padrão;Edgar Casallas;0;22/06/2022;18/08/2022;18/08/2026;16/11/2026;Sim;;
1102;POP.775;Manual Operacional - Bisphera;;MEI Bisphera;Procedimento Operacional Padrão;Nathália Brandão;0;22/06/2022;23/06/2022;23/06/2026;22/09/2026;Sim;MONTAGEM;Corte Armação MEI
1103;POP.776;Limpeza e Manutenção - LT1200;;LT 1200;Procedimento Operacional Padrão;Edgar Casallas;0;23/06/2022;17/02/2023;17/02/2026;17/05/2026;Sim;MONTAGEM;Leitura no Tracer
1104;POP.778;Limpieza y Mantenimiento - LT 1200;;LT 1200;Procedimento Operacional Padrão;Edgar Casallas;0;23/06/2022;17/02/2023;17/02/2026;17/05/2026;Sim;;
1105;POP.779;Calibración Operativa - LT 1200;;LT 1200;Procedimento Operacional Padrão;Edgar Casallas;1;30/06/2022;01/07/2022;10/06/2026;09/09/2026;Sim;;
1106;POP.780;Manual Operacional -  Clareamento de Lentes da Coloração;;04-COLORAÇÃO;Procedimento Operacional Padrão;Renan Barbosa;0;30/06/2022;18/01/2023;18/01/2026;17/04/2026;Sim;COLORAÇÃO;COLORAÇÃO
1107;POP.781;Manual Operacional - Análise Técnica Pré venda - Technopark;;Technopark;Procedimento Operacional Padrão;Guilherme Alves;1;26/03/2024;09/04/2024;09/04/2026;08/07/2026;Sim;;
1108;POP.782;Manual Operacional - Liberação de Lentes Prontas e Blocos do Estoque - Technopark;;Technopark;Procedimento Operacional Padrão;Felipe Costa;2;01/02/2024;09/04/2024;09/04/2026;08/07/2026;Sim;;
1109;POP.783;Manual Operacional - Processo de Certificação e Faturamento da Expedição - Technopark;;Technopark;Procedimento Operacional Padrão;Rodrigo Lima;2;01/02/2024;19/02/2024;18/02/2026;11/11/2026;Sim;;
1110;POP.784;Manual Operacional - Controle de Urgência da Produção - Technopark;;Technopark;Procedimento Operacional Padrão;Rodrigo Lima;3;11/09/2025;28/10/2025;28/10/2026;26/01/2027;Sim;;
1111;POP.785;Manual Operacional - Reembalagem de Serviços;;Controle de Qualidade;Procedimento Operacional Padrão;Leandro Augusto;0;30/09/2022;18/10/2022;18/10/2025;19/01/2026;Sim;QUALIDADE;0
1112;POP.786;Teste de Extrato Seco - OHAUS MB;;Testes HC;Procedimento Operacional Padrão;Jessika Menacho;1;12/02/2025;30/05/2025;30/05/2026;28/08/2026;Sim;;
1113;POP.787;Limpieza y Matenimiento - ES3.ES4;;ES3/ES4;Procedimento Operacional Padrão;Edgar Casallas;0;30/08/2022;31/08/2022;10/06/2026;09/09/2026;Sim;;
1114;POP.788;Calibración Operativa - ES3.ES4;;ES3/ES4;Procedimento Operacional Padrão;Edgar Casallas;0;30/08/2022;31/08/2022;10/06/2026;09/09/2026;Sim;;
1115;POP.789;Limpeza e Manutenção - ES3.ES4;;ES3/ES4;Procedimento Operacional Padrão;Edgar Casallas;0;30/08/2022;25/11/2022;25/11/2025;23/02/2026;Sim;;
1116;POP.790;Calibração Operacional - ES3.ES4;;ES3/ES4;Procedimento Operacional Padrão;Edgar Casallas;0;30/08/2022;25/11/2022;25/11/2025;23/02/2026;Sim;;
1117;POP.791;Limpeiza y Matenimiento - 3B Blocker;;3B Blocker;Procedimento Operacional Padrão;Edgar Casallas;0;05/09/2022;17/02/2023;17/02/2026;17/05/2026;Sim;;
1118;POP.792;Limpeza e Manutenção - 3B Blocker;;3B Blocker;Procedimento Operacional Padrão;Edgar Casallas;0;05/09/2022;17/02/2023;17/02/2026;17/05/2026;Sim;MONTAGEM;0
1119;POP.793;Manual Operacional - Envio de Testes para EQC;;08-EQC;Procedimento Operacional Padrão;Jessika Menacho;8;17/09/2025;17/09/2025;17/09/2026;16/12/2026;Sim;HMC;QUALIDADE
1120;POP.796;Limpeza e Manutenção - Bloqueadoras;;Outros;Procedimento Operacional Padrão;Edgar Casallas;0;14/09/2022;25/11/2022;25/11/2025;23/02/2026;Sim;MONTAGEM;0
1121;POP.797;Limpeiza y Matenimiento - Bloqueadoras;;Outros;Procedimento Operacional Padrão;Edgar Casallas;0;14/09/2022;17/02/2023;17/02/2026;17/05/2026;Sim;;
1122;POP.798;Limpeza e Manutenção - Mr.Blue;;Outros;Procedimento Operacional Padrão;Edgar Casallas;0;14/09/2022;17/02/2023;17/02/2026;17/05/2026;Sim;MONTAGEM;Leitura no Tracer
1123;POP.799;Limpeiza y Matenimiento - Mr.Blue;;Outros;Procedimento Operacional Padrão;Edgar Casallas;0;14/09/2022;17/02/2023;17/02/2026;17/05/2026;Sim;;
1124;POP.800;Manual Operativa - Mr. Orange;;Mr. Orange;Procedimento Operacional Padrão;Renan Barbosa;0;30/09/2022;17/07/2023;16/07/2026;15/10/2026;Sim;;
1125;POP.801;Manual Operacional - Mr. Orange;;Mr. Orange;Procedimento Operacional Padrão;Renan Barbosa;0;30/09/2022;17/04/2024;17/04/2026;16/07/2026;Sim;;
1126;POP.802;Monitoramento de Realimentação do Cliente - Technopark;;Technopark;Procedimento Operacional Padrão;Aline Franco;2;11/01/2023;12/01/2023;11/05/2026;10/07/2026;Sim;;
1127;POP.803;Teste de Viscosidade - Automático com Brookfield DV2TLV;;Testes HC;Procedimento Operacional Padrão;Jessika Menacho;2;31/07/2023;28/12/2023;27/12/2025;17/04/2026;Sim;HMC;Teste de Qualidade HC
1128;POP.804;Manual Operacional - Rastreabilidade de Pedidos - Grown;;Grown;Procedimento Operacional Padrão;Michel Vieira;0;28/10/2022;06/12/2022;06/12/2025;05/03/2026;Sim;;
1129;POP.805;Manual Operacional - Rastreabilidade de Pedidos - Repro;;Repro;Procedimento Operacional Padrão;Laura Vaz;3;09/06/2025;29/08/2025;29/08/2026;27/11/2026;Sim;;
1130;POP.806;Manual Operacional - Digitação de Entrada, Alteração e Cancelamento de Pedidos - Grown;;Grown;Procedimento Operacional Padrão;Angela Pinto;1;18/07/2023;02/10/2023;01/10/2025;30/12/2025;Sim;;
1131;POP.807;Limpeza e Manutenção - D9 PAC Mithril 1.6;;D9 PAC;Procedimento Operacional Padrão;Fernando Maciel;0;10/11/2022;03/03/2023;02/03/2026;31/05/2026;Sim;;
1132;POP.808;Preparação de Químicos  - DP PAC Mithril 1.6;;D9 PAC;Procedimento Operacional Padrão;Fernando Maciel;0;10/11/2022;03/03/2023;02/03/2026;31/05/2026;Sim;;
1133;POP.810;Rastreabilidade de Pedidos - Ceditop;;Ceditop;Procedimento Operacional Padrão;Leticia Santos;3;31/07/2023;01/08/2023;11/10/2025;11/12/2025;Sim;;
1134;POP.811;Monitoramento de Realimentação do Cliente - Ceditop;;Ceditop;Procedimento Operacional Padrão;Leticia Santos;2;26/06/2023;27/06/2023;26/06/2026;25/09/2026;Sim;;
1135;POP.812;Manual Operacional - Controle de Temperatura (DataLogger) de Armazenamento - Primers e Vernizes - Repro;;Repro;Procedimento Operacional Padrão;Ruanyta Goulart;1;30/05/2025;13/06/2025;13/06/2026;11/09/2026;Sim;;
1136;POP.813;Monitoramento de Realimentação do Cliente - Repro;;Repro;Procedimento Operacional Padrão;Laura Vaz;2;08/08/2024;09/08/2024;10/08/2026;09/11/2026;Sim;;
1137;POP.814;Manual Operacional - Produto Não Conforme (Produção) - Grown;;Grown;Procedimento Operacional Padrão;Michel Vieira;0;06/12/2022;13/12/2022;13/12/2025;12/03/2026;Sim;;
1138;POP.815;Manual Operacional - Devolução com Nota Fiscal - Grown;;Grown;Procedimento Operacional Padrão;Iara Almeida;2;12/06/2025;30/06/2025;30/06/2026;28/09/2026;Sim;;
1139;POP.817;Manual Operacional - Retornos Recebidos pelo SAC - Grown;;Grown;Procedimento Operacional Padrão;Ronald Witzke;1;14/11/2023;01/02/2024;31/01/2026;01/05/2026;Sim;;
1140;POP.818;Manual Operacional - Tratativa de Pendências de Pedidos com Montagem - Grown;;Grown;Procedimento Operacional Padrão;Renata Adreolli;1;14/11/2023;01/02/2024;31/01/2026;01/05/2026;Sim;;
1141;POP.819;Manual Operacional - Tratativa de Pendências de Pedidos com Surfaçagem - Grown;;Grown;Procedimento Operacional Padrão;Renata Adreolli;1;14/11/2023;01/02/2024;31/01/2026;01/05/2026;Sim;;
1142;POP.820;Manual Operacional - Pedidos Urgentes - Grown;;Grown;Procedimento Operacional Padrão;Angela Pinto;0;06/12/2022;07/12/2022;07/12/2025;06/03/2026;Sim;;
1143;POP.821;Manual Operacional - Expedição de Pedidos - Grown;;Grown;Procedimento Operacional Padrão;Luis Felipe;1;26/12/2024;13/01/2025;13/01/2026;13/04/2026;Sim;;
1144;POP.822;Manual Operacional - Sala de Armação - Grown;;Grown;Procedimento Operacional Padrão;Robson Silva;0;06/12/2022;07/12/2022;07/12/2025;06/03/2026;Sim;;
1145;POP.823;Manual Operacional - Recebimento de Mercadoria - Grown;;Grown;Procedimento Operacional Padrão;Sonia Lima;1;18/07/2023;02/10/2023;01/10/2025;30/12/2025;Sim;;
1146;POP.824;Manual Operacional - Embalagem da Surfaçagem - Grown;Descrever o procedimento para o processo de triagem e embalagem surfaçagem do laboratório Grown Optical.;Grown;Procedimento Operacional Padrão;Luis Felipe;3;20/05/2025;29/05/2025;29/05/2026;27/08/2026;Sim;;
1147;POP.825;Manual Operacional - Processo de Quebra, Retrabalho e Liberado com Concessão - Ceditop;;Ceditop;Procedimento Operacional Padrão;João Martins;0;13/12/2022;16/12/2022;16/12/2025;15/03/2026;Sim;;
1148;POP.826;Manual Operacional - Comunicação com o Cliente - Ceditop;;Ceditop;Procedimento Operacional Padrão;João Martins;0;13/12/2022;16/12/2022;16/12/2025;15/03/2026;Sim;;
1149;POP.827;Curva Teórica Crizal Rock;;00-Curvas de Antirreflexo;Procedimento Operacional Padrão;Carlos Anselme;0;20/12/2022;02/06/2023;01/06/2026;31/08/2026;Sim;HMC;"Antirreflexo:
Ajustes de Processo"
1150;POP.828;Manual Operacional - Atendimento do SAC - Technopark;;Technopark;Procedimento Operacional Padrão;Felipe Costa;2;26/03/2024;09/04/2024;09/04/2026;08/07/2026;Sim;;
1151;POP.830;Manual Operacional - Recebimento de Mercadoria - Technopark;;Technopark;Procedimento Operacional Padrão;Felipe Costa;1;30/01/2023;06/02/2023;06/02/2026;06/05/2026;Sim;;
1152;POP.831;Manual Operacional - Recebimento de Produtos e Insumos - LabRio;;LabRio;Procedimento Operacional Padrão;Evellyn Santos;1;22/06/2023;02/10/2023;01/10/2025;30/12/2025;Sim;;
1153;POP.832;Teste de Extrato Seco - i-Thermo 163L Bel;;Testes HC;Procedimento Operacional Padrão;Jessika Menacho;2;22/04/2025;30/05/2025;30/05/2026;28/08/2026;Sim;HMC;Teste de Qualidade HC
1154;POP.834;Manual Operacional - Compra de Matéria Prima - Technopark;;Technopark;Procedimento Operacional Padrão;Felipe Costa;2;31/10/2023;19/02/2024;18/02/2026;19/05/2026;Sim;;
1155;POP.835;Manual Operacional - Compras Indiretas - Technopark;;Technopark;Procedimento Operacional Padrão;Benicio Souza;1;28/02/2024;09/04/2024;09/04/2026;08/07/2026;Sim;;
1156;POP.836;Teste de Viscosidade - Automático com Brookfield DV -II+ PRO, DV-I+ e DV-I;;Testes HC;Procedimento Operacional Padrão;Jessika Menacho;1;06/04/2023;18/08/2023;17/08/2025;17/04/2026;Sim;HMC;Teste de Qualidade HC
1157;POP.837;Manual Operacional - Faturamento - Grown;"Retirado as etapas: - ""faturamento de caixas, faturamento de transportador, faturamento por cliente e nota fiscal manual"" . Deixado somente a etapa ""Faturamento de pedidos"" e os demais entraram como subtítulos. Foi incluído em subtítulo também  ""Faturamento de pedidos Suframa"".";Grown;Procedimento Operacional Padrão;Luis Felipe;2;31/10/2024;04/11/2024;04/11/2025;02/02/2026;Sim;;
1158;POP.838;Calibração Operacional - E-Tess e Nidek LT-980 – Sistema SIOU;;Geral;Procedimento Operacional Padrão;Felipe Costa;1;04/07/2023;22/11/2023;21/11/2025;19/02/2026;Sim;MONTAGEM;PCP Tracer
1159;POP.839;Manual Operacional - E-Tess e Nidek LT-980;;Geral;Procedimento Operacional Padrão;Felipe Costa;0;17/02/2023;17/03/2023;16/03/2025;18/09/2026;Sim;MONTAGEM;Leitura no Tracer
1160;POP.840;Manual Operacional - Reclamação e Elogio de Clientes - Technopark;;Technopark;Procedimento Operacional Padrão;Aline Franco;1;07/03/2024;09/04/2024;09/04/2026;08/07/2026;Sim;;
1161;POP.841;Manual Operacional - Cancelamento de Pedido no Estoque - Technopark;;Technopark;Procedimento Operacional Padrão;Felipe Costa;0;03/03/2023;10/03/2023;22/05/2026;21/08/2026;Sim;;
1162;POP.842;Comunicação com o Cliente - Grown;;Grown;Procedimento Operacional Padrão;Angela Pinto;1;10/06/2024;17/06/2024;17/06/2026;16/09/2026;Sim;;
1163;POP.843;Manual Operacional - Recuperação de Alloy e Distribuição de porta bloco (Central de Alloy);;08-Desblocadora;Procedimento Operacional Padrão;Felipe Costa;0;10/03/2023;17/03/2023;09/06/2026;08/09/2026;Sim;SURFAÇAGEM;Desblocagem
1164;POP.844;Comunicação com o Cliente - Technopark;;Technopark;Procedimento Operacional Padrão;Rodrigo Lima;2;18/08/2023;11/09/2023;10/09/2025;;Sim;;
1165;POP.845;Manual Operacional – Auditoria Técnica;;SAC;Procedimento Operacional Padrão;Marília Novais;0;22/03/2023;26/06/2023;25/06/2026;24/09/2026;Sim;QUALIDADE;AUDITORIA
1166;POP.846;Manual Operacional - Encaixe de Lentes na Armação Acetato;;Montagem e Inspeção;Procedimento Operacional Padrão;Edgar Casallas;0;29/03/2023;29/03/2023;19/06/2026;18/09/2026;Sim;MONTAGEM;Encaixe
1167;POP.847;Manual Operacional - Encaixe de Lentes na Armação 3 Peças;;Montagem e Inspeção;Procedimento Operacional Padrão;Edgar Casallas;0;29/03/2023;29/03/2023;19/06/2026;18/09/2026;Sim;MONTAGEM;Encaixe
1168;POP.848;Manual Operacional - Encaixe de Lentes na Armação Metal;;Montagem e Inspeção;Procedimento Operacional Padrão;Edgar Casallas;1;05/05/2023;05/05/2023;04/05/2026;03/08/2026;Sim;MONTAGEM;Encaixe
1169;POP.849;Manual Operacional - Encaixe de Lentes na Armação Nylon;;Montagem e Inspeção;Procedimento Operacional Padrão;Edgar Casallas;0;29/03/2023;29/03/2023;19/06/2026;18/09/2026;Sim;MONTAGEM;Encaixe
1170;POP.852;Manual Operacional - Conferência de Mesa - Grown;;Grown;Procedimento Operacional Padrão;Luis Paulo;1;02/04/2024;09/04/2024;10/04/2026;09/07/2026;Sim;;
1171;POP.853;Manual Operacional - Separação de Blocos - Grown;;Grown;Procedimento Operacional Padrão;Luis Paulo;1;02/04/2024;09/04/2024;10/04/2026;09/07/2026;Sim;;
1172;POP.854;Manual Operacional - Caixas da Produção - LabRio;;LabRio;Procedimento Operacional Padrão;Evellyn Santos;0;17/04/2023;31/05/2023;27/09/2025;27/12/2025;Sim;;
1173;POP.855;Manual Operacional - Separação do Estoque - Sumaré Laboratório;;Sumaré Laboratório;Procedimento Operacional Padrão;Melissa Grandolfo;0;24/04/2023;26/04/2023;25/04/2025;31/12/2025;Sim;;
1174;POP.856;Manual Operacional - Rastreabilidade de Pedidos - Digitop;;digiTOP;Procedimento Operacional Padrão;Nickolle Rodrigues;1;12/06/2024;18/06/2024;18/06/2026;17/09/2026;Sim;;
1175;POP.857;Manual Operacional - Ticket e Envelope na Produção - Sumaré Laboratório;;Sumaré Laboratório;Procedimento Operacional Padrão;Jesse Rodrigues;0;25/04/2023;27/04/2023;27/04/2026;27/07/2026;Sim;;
1176;POP.858;Manual Operacional - Sala de Armação sem Aro - Sumaré Laboratório;;Sumaré Laboratório;Procedimento Operacional Padrão;Jesse Rodrigues;0;26/04/2023;27/04/2023;27/04/2026;27/07/2026;Sim;;
1177;POP.859;Manual Operacional  - Entrada e Impressão de Serviços - Sumaré Laboratório;;Sumaré Laboratório;Procedimento Operacional Padrão;Jesse Rodrigues;0;26/04/2023;03/08/2023;03/08/2026;02/11/2026;Sim;;
1178;POP.860;Manual Operacional - Sala de Armação com Aro - Sumaré Laboratório;;Sumaré Laboratório;Procedimento Operacional Padrão;Jesse Rodrigues;0;26/04/2023;27/04/2023;26/04/2025;31/12/2025;Sim;;
1179;POP.861;Manual Operacional - Recebimento, Triagem e Armazenamento de Serviços - Sumaré Laboratório;;Sumaré Laboratório;Procedimento Operacional Padrão;Rafael Medeiros;1;11/08/2023;18/08/2023;17/08/2026;16/11/2026;Sim;;
1180;POP.862;Manual Operacional - Embalagem dos Produtos - Sumaré Laboratório;;Sumaré Laboratório;Procedimento Operacional Padrão;Jesse Rodrigues;0;27/04/2023;03/05/2023;01/05/2026;31/07/2026;Sim;;
1181;POP.863;Manual Operacional - Entrada de Serviços na Monatgem - Sumaré Laboratório;;Sumaré Laboratório;Procedimento Operacional Padrão;Jesse Rodrigues;0;27/04/2023;03/05/2023;01/05/2026;31/07/2026;Sim;;
1182;POP.864;Manual Operacional - Armazenagem da Armação na BIN - Sumaré Laboratório;;Sumaré Laboratório;Procedimento Operacional Padrão;Jesse Rodrigues;0;27/04/2023;03/05/2023;01/05/2026;31/07/2026;Sim;;
1183;POP.865;Manual Operacional - Separação de Pedidos - Sumaré CD;;Sumaré CD;Procedimento Operacional Padrão;Denise Miranda;2;07/07/2025;15/07/2025;15/07/2026;13/10/2026;Sim;;
1184;POP.866;Manual Operacional - Faturamento - Sumaré CD;;Sumaré CD;Procedimento Operacional Padrão;Denise Miranda;1;07/07/2025;14/07/2025;14/07/2026;12/10/2026;Sim;;
1185;POP.867;Manual Operacional - Recebimento e Conferência de Lentes, Blocos, Insumos e Materiais Gerais - Sumaré CD;;Sumaré CD;Procedimento Operacional Padrão;Denise Miranda;2;13/05/2025;13/05/2025;13/05/2026;11/08/2026;Sim;;
1186;POP.868;Manual Operacional - Reembalagem - Sumaré CD;;Sumaré CD;Procedimento Operacional Padrão;Juliana Gomes Ferreira;0;05/05/2023;12/05/2023;11/10/2025;11/12/2025;Sim;;
1187;POP.869;Manual Operacional - Expedição - Sumaré CD;;Sumaré CD;Procedimento Operacional Padrão;Erika Fagundes;1;03/06/2024;04/06/2024;04/06/2025;02/11/2026;Sim;;
1188;POP.870;Manual Operacional - Impressão de Etiquetas e Certificados - digiTOP;;digiTOP;Procedimento Operacional Padrão;Nickolle Rodrigues;1;27/06/2023;29/06/2023;27/09/2025;27/12/2025;Sim;;
1189;POP.871;Manual Operacional - Separação de Pedidos - digiTOP;;digiTOP;Procedimento Operacional Padrão;Nickolle Rodrigues;2;27/06/2024;09/07/2024;09/07/2026;08/10/2026;Sim;;
1190;POP.872;Manual Operacional - Consulta de Disponibilidade de Lentes - Repro;;Repro;Procedimento Operacional Padrão;Ovanir Lima Junior;0;11/05/2023;25/05/2023;21/05/2026;21/08/2026;Sim;;
1191;POP.874;Manual Operacional - Garantias - Repro;;Repro;Procedimento Operacional Padrão;Laura Vaz;0;11/05/2023;13/07/2023;22/12/2025;05/02/2026;Sim;;
1192;POP.875;Manual Operacional - Aprovação de Pedidos - Repro;;Repro;Procedimento Operacional Padrão;Ovanir Lima Junior;1;11/02/2025;14/02/2025;14/02/2026;15/05/2026;Sim;;
1193;POP.876;Manual Operacional - Embalagem e Certificação - Repro;;Repro;Procedimento Operacional Padrão;José Neto;1;09/08/2024;09/08/2024;10/08/2026;09/11/2026;Sim;;
1194;POP.877;Manual Operacional - Recebimento de Aro - Repro;;Repro;Procedimento Operacional Padrão;José Neto;1;09/08/2024;09/08/2024;10/08/2026;09/11/2026;Sim;;
1195;POP.878;Manual Operacional - Atendimento ao Cliente - Repro;;Repro;Procedimento Operacional Padrão;Ovanir Lima Junior;0;11/05/2023;25/05/2023;21/08/2026;20/11/2026;Sim;;
1196;POP.880;Manual Operacional - Separação de Lentes e Blocos - Repro;;Repro;Procedimento Operacional Padrão;Debora Rocha;2;31/01/2025;03/02/2025;03/02/2026;04/05/2026;Sim;;
1197;POP.881;Manual Operacional - Envio de Malote - Repro;;Repro;Procedimento Operacional Padrão;Silvano Silva;0;15/05/2023;10/07/2023;04/10/2025;04/12/2025;Sim;;
1198;POP.882;Manual Operacional - Faturamento e Expedição - digiTOP;;digiTOP;Procedimento Operacional Padrão;Nickolle Rodrigues;3;13/03/2025;17/03/2025;17/03/2026;15/06/2026;Sim;;
1199;POP.883;Manual Operacional - Produto Não Conforme - digiTOP;;digiTOP;Procedimento Operacional Padrão;Nickolle Rodrigues;2;29/10/2024;01/11/2024;01/11/2025;30/01/2026;Sim;;
1200;POP.884;Manual Operacional - Monitoramento de Realimentação do Cliente - digiTOP;;digiTOP;Procedimento Operacional Padrão;Nickolle Rodrigues;4;21/07/2025;25/07/2025;25/07/2026;23/10/2026;Sim;;
1201;POP.885;Manual Operacional - Encerramento de Pedidos e Atacado - Ceditop;;Ceditop;Procedimento Operacional Padrão;Leticia Santos;1;29/04/2024;24/06/2024;24/06/2026;23/09/2026;Sim;;
1202;POP.886;Manual Operacional - Garantia - Ceditop;;Ceditop;Procedimento Operacional Padrão;Leticia Santos;3;14/08/2025;05/09/2025;05/09/2026;04/12/2026;Sim;;
1203;POP.887;Manual Operacional - Compra de Matéria Prima - Ceditop;;Ceditop;Procedimento Operacional Padrão;Leticia Santos;0;29/05/2023;02/06/2023;10/08/2026;09/11/2026;Sim;;
1204;POP.888;Manual Operacional - Recebimento e Estocagem de Blocos - Ceditop;;Ceditop;Procedimento Operacional Padrão;Leticia Santos;2;28/01/2025;18/02/2025;18/02/2026;19/05/2026;Sim;;
1205;POP.889;Manual Operacional - Alteração e Cancelamento de Pedidos - Ceditop;;Ceditop;Procedimento Operacional Padrão;Leticia Santos;0;01/06/2023;02/06/2023;11/10/2025;11/12/2025;Sim;;
1206;POP.890;Manual Operacional - Armazenamento de Lentes e Armações - Ceditop;;Ceditop;Procedimento Operacional Padrão;Leticia Santos;2;10/07/2025;11/08/2025;11/08/2026;09/11/2026;Sim;;
1207;POP.891;Manual Operacional - Análise Crítica dos Certificados de Calibração;;00.Geral;Procedimento Operacional Padrão;Renan Barbosa;0;05/06/2023;27/06/2023;26/06/2026;25/09/2026;Sim;QUALIDADE;CALIBRAÇÃO
1208;POP.892;Manual Operacional - Envio e Recebimento de Serviço do Coating - Ceditop;;Ceditop;Procedimento Operacional Padrão;Leticia Santos;2;10/07/2025;01/08/2025;01/08/2026;30/10/2026;Sim;;
1209;POP.893;Manual Operacional - Digitação e Emissão de Serviços - Ceditop;;Ceditop;Procedimento Operacional Padrão;Leticia Santos;2;30/09/2024;07/10/2024;07/10/2025;05/01/2026;Sim;;
1210;POP.894;Manual Operacional - Pré-Expedição e Certificação - Ceditop;;Ceditop;Procedimento Operacional Padrão;Leticia Santos;2;04/08/2025;22/08/2025;22/08/2026;20/11/2026;Sim;;
1211;POP.895;Manual Operacional - Expedição - Ceditop;;Ceditop;Procedimento Operacional Padrão;Leticia Santos;1;16/09/2024;23/09/2024;23/09/2025;22/12/2025;Sim;;
1212;POP.898;Manual Operacional - Lista de Pedidos - Ceditop;;Ceditop;Procedimento Operacional Padrão;Leticia Santos;3;04/08/2025;04/09/2025;04/09/2026;03/12/2026;Sim;;
1213;POP.901;Manual Operacional - Armazenamento de Lentes no Bob Complete Frame - Sumaré Laboratório;;Sumaré Laboratório;Procedimento Operacional Padrão;Jesse Rodrigues;0;09/06/2023;03/08/2023;03/08/2026;02/11/2026;Sim;;
1214;POP.902;Manual Operacional - Rastreabilidade de Pedidos - Technopark;;Technopark;Procedimento Operacional Padrão;Felipe Costa;0;09/06/2023;11/09/2023;10/09/2025;09/12/2025;Sim;;
1215;POP.903;Manual Operacional - Entrada de pedidos na Expedição - Technopark;;Technopark;Procedimento Operacional Padrão;Luiz Mendonça;1;11/03/2024;03/04/2024;02/07/2026;01/10/2026;Sim;;
1216;POP.904;Manual Operacional - Cálculo de Serviços - Technopark;;Technopark;Procedimento Operacional Padrão;Rodrigo Lima;1;11/07/2025;06/08/2025;06/08/2026;04/11/2026;Sim;;
1217;POP.905;Manual Operacional - Abastecimento de Blocos - LabRio;;LabRio;Procedimento Operacional Padrão;Maria Riclecia da Silva;0;12/06/2023;02/10/2023;01/10/2025;30/12/2025;Sim;;
1218;POP.906;Monitoramento de Realimentação do Cliente - Coating RS;;Coating RS;Procedimento Operacional Padrão;Christiano Silva;1;25/07/2024;11/12/2024;11/12/2025;11/03/2026;Sim;;
1219;POP.907;Monitoramento de Realimentação do Cliente - Grown;;Grown;Procedimento Operacional Padrão;Angela Pinto;0;13/06/2023;17/07/2023;16/07/2026;15/10/2026;Sim;;
1220;POP.908;Manual Operacional - Devolução de Produtos - Grown;;Grown;Procedimento Operacional Padrão;João Sales;0;13/06/2023;17/07/2023;16/07/2026;14/10/2026;Sim;;
1221;POP.909;Manual Operacional - Registro de Falta Produto - Grown;;Grown;Procedimento Operacional Padrão;João Sales;0;13/06/2023;17/07/2023;16/07/2026;14/10/2026;Sim;;
1222;POP.910;Manual Operacional - Upgrade e Downgrade de Produto - Grown;;Grown;Procedimento Operacional Padrão;João Sales;0;13/06/2023;17/07/2023;16/07/2026;15/10/2026;Sim;;
1223;POP.911;Manual Operacional - Triagem de Serviços - Ceditop;;Ceditop;Procedimento Operacional Padrão;Leticia Santos;1;16/09/2024;23/09/2024;23/09/2025;22/12/2025;Sim;;
1224;POP.912;Manual Operacional - Faturamento de Pedidos - Tecnolens;;Tecnolens;Procedimento Operacional Padrão;Vinicius Silva;3;26/07/2024;05/08/2024;05/08/2026;03/11/2026;Sim;Expedição e/ou Faturamento;Faturamento
1225;POP.913;Manual Operacional - Digitação, Alteração e Solicitação de Cancelamento de Pedido - Tecnolens;;Tecnolens;Procedimento Operacional Padrão;Vinicius Silva;4;29/08/2025;12/09/2025;12/09/2026;11/12/2026;Sim;Atendimento;ATENDIMENTO
1226;POP.914;Manual Operacional - Liberação de Lentes Prontas e Blocos do Estoque - Tecnolens;;Tecnolens;Procedimento Operacional Padrão;Vinicius Silva;2;19/02/2025;05/03/2025;05/03/2026;03/06/2026;Sim;Estoque;BAIXA DE BLOCO
1227;POP.915;Manual Operacional - Solicitação de Pedidos em Atacado no Estoque - LabRio;;LabRio;Procedimento Operacional Padrão;Evellyn Santos;0;22/06/2023;02/10/2023;01/10/2025;30/12/2025;Sim;;
1228;POP.916;Manual Operacional - Armazenamento de Produtos e Insumos - LabRio;;LabRio;Procedimento Operacional Padrão;Evellyn Santos;0;22/06/2023;02/10/2023;01/10/2025;30/12/2025;Sim;;
1229;POP.918;Manual Operacional - Envio e Recebimento de Serviço - digiTOP;;digiTOP;Procedimento Operacional Padrão;Nickolle Rodrigues;2;12/08/2024;26/08/2024;26/08/2026;24/11/2026;Sim;;
1230;POP.919;Manual Operacional - Recebimento e Armazenamento de Blocos - digiTOP;;digiTOP;Procedimento Operacional Padrão;Nickolle Rodrigues;0;27/06/2023;29/06/2023;27/09/2025;27/12/2025;Sim;;
1231;POP.920;Manual Operacional - Certificação de Pedidos - Tecnolens;;Tecnolens;Procedimento Operacional Padrão;Vinicius Silva;0;27/06/2023;19/07/2023;17/07/2026;16/10/2026;Sim;Estoque;TRIAGEM/CERTIFICAÇÃO
1232;POP.921;Manual Operacional - Rastreabilidade de Pedidos - Tecnolens;;Tecnolens;Procedimento Operacional Padrão;Breno Santos;2;06/09/2023;11/09/2023;10/09/2025;09/12/2025;Sim;Atendimento;ATENDIMENTO
1233;POP.922;Manual Operacional - Produto e Insumo Não Conforme - Tecnolens;;Tecnolens;Procedimento Operacional Padrão;Francisco Paulo;2;10/04/2024;11/04/2024;19/06/2026;18/09/2026;Sim;QUALIDADE;QUALIDADE
1234;POP.923;Manual Operacional - Sala de Armação - Tecnolens;;Tecnolens;Procedimento Operacional Padrão;Breno Santos;1;10/04/2024;11/04/2024;19/06/2026;18/09/2026;Sim;Sala de Armação;Sala de Armação
1235;POP.924;Manual Operacional - Monitoramento de Realimentacao do Cliente - Tecnolens;;Tecnolens;Procedimento Operacional Padrão;Francisco Paulo;2;13/05/2024;14/05/2024;14/05/2026;13/08/2026;Sim;Atendimento;ATENDIMENTO
1236;POP.925;Manual Operacional - Compras de Insumos e Peças - Repro;;Repro;Procedimento Operacional Padrão;Silvano Silva;0;13/07/2023;21/07/2023;14/10/2025;14/01/2026;Sim;;
1237;POP.926;Manual Operacional - Compras de Lentes e Blocos - Repro;;Repro;Procedimento Operacional Padrão;Debora Rocha;2;21/11/2025;26/11/2025;26/11/2026;24/02/2027;Sim;;
1238;POP.927;Manual Operacional - Garantia de Produtos no SAC - Grown;;Grown;Procedimento Operacional Padrão;Iara Almeida;2;08/05/2025;19/05/2025;19/05/2026;17/08/2026;Sim;;
1239;POP.928;Manual Operacional - Produto Não Conforme - Coating RS;;Coating RS;Procedimento Operacional Padrão;Christiano Silva;1;18/03/2024;22/03/2024;09/06/2026;08/09/2026;Sim;;
1240;POP.929;Manual Operacional - Atendimento Comercial - Ceditop;;Ceditop;Procedimento Operacional Padrão;Leticia Santos;1;04/10/2024;07/10/2024;07/10/2025;05/01/2026;Sim;;
1241;POP.932;Manual Operacional - CS10 12L;;CS10;Procedimento Operacional Padrão;Alan Ferrer;0;03/08/2023;11/08/2023;10/08/2026;09/11/2026;Sim;;
1242;POP.933;Limpeza e Manutenção - CS10 12L;;CS10;Procedimento Operacional Padrão;Alan Ferrer;0;03/08/2023;14/08/2023;13/08/2026;11/11/2026;Sim;;
1243;POP.934;Preparação de Químicos - CS10 12L;;CS10;Procedimento Operacional Padrão;Alan Ferrer;0;03/08/2023;14/08/2023;13/08/2026;11/11/2026;Sim;;
1244;POP.935;Manual Operacional - Auditoria de Produto;;Auditoria de Produto;Procedimento Operacional Padrão;Lucineide Pereira;1;18/11/2024;22/11/2024;22/11/2025;20/02/2026;Sim;QUALIDADE;AUDITORIA DE PRODUTO
1245;POP.936;Manual Operacional - Inspeção Óptica de Lentes;;Auditoria de Produto;Procedimento Operacional Padrão;Lucineide Pereira;0;04/08/2023;04/08/2023;03/08/2026;03/11/2026;Sim;QUALIDADE;Conferência Óptica
1246;POP.937;Manual Operacional - Faturamento e Expedição - Coating RS;;Coating RS;Procedimento Operacional Padrão;Christiano Silva;0;07/08/2023;21/08/2023;20/08/2026;18/11/2026;Sim;;
1247;POP.938;Manual Operacional - Operação do Varilux XR e Varilux Physio Extensee - Repro;;Repro;Procedimento Operacional Padrão;Laura Vaz;1;03/10/2025;24/11/2025;24/11/2026;22/02/2027;Sim;;
1248;POP.939;Manual Operacional - Operação do Varilux XR - Technopark;;Technopark;Procedimento Operacional Padrão;Taís Flores;0;10/08/2023;11/08/2023;10/08/2026;09/11/2026;Sim;;
1249;POP.940;Manual Operacional - Operação do Varilux XR - Ceditop;;Ceditop;Procedimento Operacional Padrão;João Martins;0;10/08/2023;11/08/2023;10/08/2026;09/11/2026;Sim;;
1250;POP.941;Manual Operacional - Preparação / Pré-inspeção (Sumaré Laboratório);;01-Pré-Inspeção - Preparação;Procedimento Operacional Padrão;Alan Ferrer;0;11/08/2023;13/08/2023;12/08/2026;10/11/2026;Sim;;
1251;POP.942;Manual Operacional - Faturamento por Transportadora e Troca Antecipada - Sumaré Laboratório;;Sumaré Laboratório;Procedimento Operacional Padrão;Rafael Medeiros;0;11/08/2023;18/08/2023;17/08/2026;16/11/2026;Sim;;
1252;POP.943;Manual Operacional - Faturamento por Garantia (Delivery) - Sumaré Laboratório;;Sumaré Laboratório;Procedimento Operacional Padrão;Rafael Medeiros;0;11/08/2023;18/08/2023;17/08/2026;16/11/2026;Sim;;
1253;POP.944;Manual Operacional - Faturamento por E-commerce - Sumaré Laboratório;;Sumaré Laboratório;Procedimento Operacional Padrão;Rafael Medeiros;0;11/08/2023;18/08/2023;17/08/2026;16/11/2026;Sim;;
1254;POP.945;Manual Operacional - Operação do Varilux XR - digiTOP;;digiTOP;Procedimento Operacional Padrão;Nickolle Rodrigues;0;14/08/2023;15/08/2023;14/08/2026;12/11/2026;Sim;;
1255;POP.946;Manual Operacional - Facetadoras Essilor;;Outros;Procedimento Operacional Padrão;Felipe Costa;0;14/08/2023;22/11/2023;21/11/2025;19/02/2026;Sim;;
1256;POP.947;Limpeza e Manutenção - Facetadoras Essilor;;Outros;Procedimento Operacional Padrão;Felipe Costa;0;14/08/2023;22/11/2023;21/11/2025;19/02/2026;Sim;;
1257;POP.949;Manual Operacional - CDS1000 Mithril 1.6;Procedimento Operacional da CDS1000 e método de regeneração do verniz;CDC1000/CDS1000;Procedimento Operacional Padrão;Marcelo Capeletto;0;17/08/2023;18/08/2023;17/08/2025;13/11/2026;Sim;;
1258;POP.950;Manual Operacional - Processo de Polimerização - Pós-Cura;;04-Cura;Procedimento Operacional Padrão;Deyved Silva;1;02/02/2024;12/03/2024;12/03/2025;11/09/2026;Sim;;
1259;POP.951;Manual Operacional - Inspeção HC - Sumaré Laboratório;;CDC1000/CDS1000;Procedimento Operacional Padrão;Alan Ferrer;0;17/08/2023;18/08/2023;17/08/2026;16/11/2026;Sim;;
1260;POP.952;Manual Operacional - Produto e Insumo Não Conforme - Laboratório Sumaré;;Sumaré Laboratório;Procedimento Operacional Padrão;Denise Miranda;1;23/11/2023;28/11/2023;27/11/2024;14/02/2026;Sim;;
1261;POP.953;Manual Operacional - Inspeção Final - Laboratóriol Sumaré;;09-Inspeção Final;Procedimento Operacional Padrão;Alan Ferrer;0;21/08/2023;31/08/2023;30/08/2025;28/11/2025;Sim;;
1262;POP.954;Manual Operacional - Art Blocker A;;Art Blocker A;Procedimento Operacional Padrão;Jesse Rodrigues;0;22/08/2023;23/08/2023;21/08/2026;19/11/2026;Sim;;
1263;POP.956;Manual Operacional - Block Piece;;01-Preparação;Procedimento Operacional Padrão;Jesse Rodrigues;0;22/08/2023;23/08/2023;21/08/2026;19/11/2026;Sim;;
1264;POP.957;Manual Operacional - Alteração de Base (Debasing) em Lentes Varilux XR - Opticlick;;Digitação;Procedimento Operacional Padrão;José Hamilton;0;22/08/2023;22/08/2023;21/08/2026;19/11/2026;Sim;SURFAÇAGEM;Cálculo
1265;POP.958;Manual Operacional - Laser Flash UV;;Laser Flash UV;Procedimento Operacional Padrão;Jesse Rodrigues;0;23/08/2023;12/09/2023;11/09/2025;12/12/2025;Sim;;
1266;POP.960;Manual Operacional - Envio e Recebimento de Serviço - Optilab;;Optilab;Procedimento Operacional Padrão;Nickolle Rodrigues;0;28/08/2023;06/09/2023;05/09/2025;04/12/2025;Sim;;
1267;POP.961;Manual Operacional - Separação de pedidos - Optilab;;Optilab;Procedimento Operacional Padrão;Nickolle Rodrigues;0;28/08/2023;06/09/2023;05/09/2025;04/12/2025;Sim;;
1268;POP.962;Manual Operacional Pré-Inspeção (Tecnolens);;01-Pré-Inspeção - Preparação;Procedimento Operacional Padrão;Breno Santos;0;28/08/2023;05/09/2023;04/09/2025;03/12/2025;Sim;HMC;Preparação: Pré Inspeção
1269;POP.963;Manual Operacional - Recebimento de Insumos e Produtos - Optilab;;Optilab;Procedimento Operacional Padrão;Nickolle Rodrigues;0;31/08/2023;05/10/2023;04/10/2025;02/01/2026;Sim;;
1270;POP.964;Manual Operacional - Transferências de Produtos e Insumos - Optilab;;Optilab;Procedimento Operacional Padrão;Nickolle Rodrigues;0;31/08/2023;06/09/2023;05/09/2025;04/12/2025;Sim;;
1271;POP.965;Manual Operacional - Operação da Área SAT - Grown;;Grown;Procedimento Operacional Padrão;Luiz Felippe Santos;2;16/12/2024;21/03/2025;21/03/2026;19/06/2026;Sim;;
1272;POP.966;Manual Operacional - Garantias - Tecnolens;;Tecnolens;Procedimento Operacional Padrão;Francisco Paulo;1;15/07/2024;17/07/2024;17/07/2026;16/10/2026;Sim;Atendimento;Garantia
1273;POP.967;Manual Operacional - Pesagem e Descarte de Resíduos - Repro;;Repro;Procedimento Operacional Padrão;Thiago Zanotto;1;12/03/2024;18/03/2024;14/05/2026;14/08/2026;Sim;;
1274;POP.968;Manual Operacional - Operação do Varilux XR - Sumaré Laboratório;;Sumaré Laboratório;Procedimento Operacional Padrão;Rafael Medeiros;0;31/08/2023;14/12/2023;13/12/2025;13/03/2026;Sim;;
1275;POP.969;Manual Operacional - Preenchimento de Cartões - Quadro PCP;;07-MELHORIA CONTÍNUA;Procedimento Operacional Padrão;Gabriely Gonçalves;0;01/09/2023;21/09/2023;20/09/2025;19/12/2025;Sim;;
1276;POP.970;Manual Operacional - Operação do Varilux XR - Tecnolens;;Tecnolens;Procedimento Operacional Padrão;Ramon Gonçalves;1;15/07/2024;17/07/2024;17/07/2026;16/10/2026;Sim;SURFAÇAGEM;Preparação
1277;POP.971;Manual Operacional - Medição do Jarvis (Lentes Stellest);;00-Geral Testes;Procedimento Operacional Padrão;Renan Barbosa;1;12/12/2023;31/01/2024;30/01/2026;30/04/2026;Sim;;
1278;POP.972;Manual Operacional - Aprovação de Cupom - Grown;;Grown;Procedimento Operacional Padrão;Renata Adreolli;0;04/09/2023;02/10/2023;01/10/2025;30/12/2025;Sim;;
1279;POP.973;Manual Operacional - Inspeção Final - Tecnolens;;09-Inspeção Final;Procedimento Operacional Padrão;Breno Santos;0;06/09/2023;06/09/2023;05/09/2025;04/12/2025;Sim;HMC;"Inspeção Final: 
Controle Final"
1280;POP.974;Manunal Operacional - Tabela Hora Hora;;07-MELHORIA CONTÍNUA;Procedimento Operacional Padrão;Gabriely Gonçalves;0;11/09/2023;03/10/2023;02/10/2025;31/12/2025;Sim;;
1281;POP.975;Manual Operacional - Criação de Janelas Hodie (Expedição) - Sumaré CD;;Sumaré CD;Procedimento Operacional Padrão;Aline Lopes;0;25/09/2023;25/09/2023;24/09/2025;23/12/2025;Sim;;
1282;POP.976;Manual Operacional - Inspeção de Saída do HC - Sumaré Laboratório;;00-Geral HC;Procedimento Operacional Padrão;Alan Ferrer;0;25/09/2023;31/01/2024;30/01/2026;30/04/2026;Sim;;
1283;POP.977;Manual Operacional - Garantias - Optilab;;Optilab;Procedimento Operacional Padrão;Nickolle Rodrigues;0;26/09/2023;05/10/2023;04/10/2025;02/01/2026;Sim;;
1284;POP.978;Manual Operacional - Digitação, Alteração e Cancelamento de Pedidos - Optilab;;Optilab;Procedimento Operacional Padrão;Nickolle Rodrigues;0;26/09/2023;05/10/2023;04/10/2025;02/01/2026;Sim;;
1285;POP.979;Manual Operacional - Embalagem de Lentes - LabRio;;LabRio;Procedimento Operacional Padrão;Stephany Christine;1;18/06/2024;23/04/2025;23/04/2026;22/07/2026;Sim;;
1286;POP.980;Manual Operacional - TECO X304V2;;TECO X304V2;Procedimento Operacional Padrão;Evellyn Santos;0;03/10/2023;27/10/2023;26/10/2025;24/01/2026;Sim;;
1287;POP.981;Manual Operacional - ProMapper;;ProMapper;Procedimento Operacional Padrão;Renan Barbosa;0;03/10/2023;27/10/2023;26/10/2025;24/01/2026;Sim;SURFAÇAGEM;Conferência
1288;POP.986;Manual Operativa - Aprendizaje de Grabados de Diseños - Promapper;;07-Conferencia;Procedimento Operacional Padrão;Pauline Gomez;0;11/10/2023;01/02/2024;31/01/2026;01/05/2026;Sim;;
1289;POP.987;Verificación con Lentes Minerales Essilor - Promapper;;07-Conferencia;Procedimento Operacional Padrão;Pauline Gomez;0;11/10/2023;01/02/2024;31/01/2026;30/04/2026;Sim;;
1290;POP.988;Manual Operacional - Rastreabilidade de Pedidos - Optilab;;Optilab;Procedimento Operacional Padrão;Nickolle Rodrigues;0;16/10/2023;25/10/2023;24/10/2025;22/01/2026;Sim;;
1291;POP.989;Manual Operacional - Operação da Stellest - LabRio;;LabRio;Procedimento Operacional Padrão;Evellyn Santos;0;16/10/2023;19/02/2024;18/02/2025;19/05/2026;Sim;;
1292;POP.990;Manual Operacional - Operação do Varilux XR - LabRio;;LabRio;Procedimento Operacional Padrão;Renan Barbosa;0;16/10/2023;11/03/2024;09/06/2026;08/09/2026;Sim;;
1293;POP.991;Manual Operacional - Rastreabilidade de Pedidos - Coating RS;ok;Coating RS;Procedimento Operacional Padrão;Christiano Silva;0;31/10/2023;01/11/2023;31/10/2025;29/01/2026;Sim;;
1294;POP.992;Manual Operacional - Cálculo de Serviços - Grown;;Grown;Procedimento Operacional Padrão;Flávio Ferreira;1;02/04/2024;09/04/2024;10/04/2026;09/07/2026;Sim;;
1295;POP.994;Manual Operacional - Monitoramento de Realimentação do Cliente - Optilab;;Optilab;Procedimento Operacional Padrão;Nickolle Rodrigues;0;21/11/2023;22/11/2023;21/11/2025;19/02/2026;Sim;;
1296;POP.995;Manual Operacional - Lançamento de Quebras - Optilab;;Optilab;Procedimento Operacional Padrão;Nickolle Rodrigues;0;21/11/2023;22/11/2023;21/11/2025;19/02/2026;Sim;;
1297;POP.996;Manual Operacional - Conferência Final - digiTOP;;digiTOP;Procedimento Operacional Padrão;Nickolle Rodrigues;0;21/11/2023;22/11/2023;21/11/2025;19/02/2026;Sim;;
1298;POP.997;Manual Operacional - Produto Não Conforme - Optilab;;Optilab;Procedimento Operacional Padrão;Nickolle Rodrigues;0;27/11/2023;04/12/2023;03/12/2025;03/03/2026;Sim;;
1299;POP.998;Manual Operacional - Expedição e Faturamento - Optilab;;Optilab;Procedimento Operacional Padrão;Nickolle Rodrigues;0;27/11/2023;04/12/2023;03/12/2025;03/03/2026;Sim;;
1300;POP.999;Manual Operacional - Rastreabilidade de Pedidos - Sumaré CD;;Sumaré CD;Procedimento Operacional Padrão;Denise Miranda;1;11/07/2025;14/07/2025;14/07/2026;12/10/2026;Sim;;
1301;TAB.002;Logotipos - Marcação das Lentes;Tabela com os principais logotipos do grupo Essilor, para facilitar consulta rápida.;Produtos e Informações;Tabela;Nathália Brandão;22;15/08/2023;18/08/2023;17/08/2026;16/11/2026;Sim;;
1302;TAB.007;Manual de Indicadores - Itens de Controle;;Acompanhamento de Resultados;Tabela;Lucineide Pereira;1;01/12/2022;04/09/2023;03/09/2025;02/12/2025;Sim;QUALIDADE;QUALIDADE
1303;TAB.008;Lista Mestra - Especificação de Produtos DS Rx;;Qualidade;Tabela;José Hamilton;0;17/12/2021;03/03/2022;01/09/2026;30/10/2026;Sim;QUALIDADE;PRODUÇÃO
1304;TAB.009;Tabela de Kit de Entrega por Produto;Documento valido por Renata Gonçalves de Sousa - Gerente de Marcas;Qualidade;Tabela;Taís Flores;2;03/09/2025;04/09/2025;04/09/2026;03/12/2026;Sim;QUALIDADE;PRODUÇÃO
1305;TAB.010;Herramientas y Equipos de Montaje;;Montado e Inspeccion;Tabela;Edgar Casallas;3;15/06/2023;21/06/2023;19/06/2026;18/09/2026;Sim;;
1306;TAB.011;Ferramentas e Equipamentos de Montagem;;Montagem e Inspeção;Tabela;Edgar Casallas;3;15/06/2023;21/06/2023;19/06/2026;18/09/2026;Sim;MONTAGEM;Encaixe
1307;TAB.012;Velocidade Noe e Noria - CDC1000 Mithril 1.6;;CDC1000/CDS1000;Tabela;Breno Santos;0;19/12/2022;03/03/2023;20/08/2026;18/11/2026;Sim;HMC;Antirrisco: Destratamento e Verniz
1308;TAB.014;Siglas - Nomenclaturas - Codificações;;11-APRENDIZAGEM QUALIEX;Tabela;Nathália Brandão;1;02/05/2024;02/05/2024;01/05/2026;31/07/2026;Sim;QUALIDADE;Codificações
1309;TAB.015;Horários de Corte para Faturamento de Serviços - Sumaré Laboratório;;Sumaré Laboratório;Tabela;Rafael Medeiros;0;11/08/2023;18/08/2023;17/08/2026;16/11/2026;Sim;;
1310;TAB.016;Velocidade Zoe e Noria - CDS1000 Mithril 1.6;;CDC1000/CDS1000;Tabela;Alan Ferrer;0;17/08/2023;18/08/2023;17/08/2025;16/11/2026;Sim;;
1311;TAB.017;PCP Surfaçagem - Impressão;;00-Controle de Processo e DSPC;Tabela;Nathália Brandão;15;06/03/2025;11/03/2025;11/03/2026;09/06/2026;Sim;SURFAÇAGEM;PCP
1312;TAB.018;PCP HMC - Impressão;;00-Controle do Processo HMC;Tabela;Nathália Brandão;5;08/03/2024;12/03/2024;10/06/2026;09/09/2026;Sim;;
1313;TAB.020;Identificação de Cores de Bacias na Produção - Tecnolens;;Tecnolens;Tabela;Vinicius Silva;0;10/04/2024;11/04/2024;19/06/2026;18/09/2026;Sim;SURFAÇAGEM;#Identificação
1314;TAB.021;PCP SPIN - Impressão;;05-SPIN;Tabela;Jessika Menacho;2;10/04/2025;12/05/2025;12/05/2026;17/09/2026;Sim;;
1315;TAB.022;PCP Montagem - Impressão;Primeiro documento para acompanhar os itens do PCP no formulário FOR.107;00 - Controle de Processo;Tabela;Nathália Brandão;8;30/09/2024;30/09/2024;30/09/2025;29/12/2025;Sim;;
1316;TAB.023;Identificação de Cores de Boletas na Produção - Tecnolens;;Tecnolens;Tabela;Ramon Gonçalves;1;31/10/2024;05/03/2025;05/03/2026;03/06/2026;Sim;Estoque;TRIAGEM/CERTIFICAÇÃO
1317;TAB.024;Sequência Pré-Inspeção - Technopark;Uma ferramenta/documento criada para os operadores utilizarem na entrada pré inspeção para seguirem a sequência de montagem de lotes. Documentos somente da Technopark;Technopark;Tabela;Rodrigo Lima;0;19/09/2024;23/09/2024;23/09/2025;22/12/2025;Sim;;
1318;TAB.025;Tab - Tabela de identificação de insumos do armário Azul do HMC;;Tecnolens;Tabela;Vinicius Silva;0;06/08/2025;04/09/2025;04/09/2026;03/12/2026;Sim;;
1319;TAB.026;Códigos Motivos Optifacts - Technopark;Tabela com os códigos e motivos, usados no sistema Optifacts.;Technopark;Tabela;Rodrigo Lima;0;19/08/2025;29/08/2025;29/08/2026;27/11/2026;Sim;;
1320;TAB.027;Tabela de identificação de cores de bacias para a Montagem;;Tecnolens;Tabela;Vinicius Silva;0;04/09/2025;12/09/2025;12/09/2026;11/12/2026;Sim;;
